timestep,neuron Brick-0.0,neuron Brick-0.1,neuron Brick-0.2,neuron Brick-0.3,neuron Brick-0.4,neuron Brick-0.5,neuron Brick-0.6,neuron Brick-0.7,neuron Brick-0.8,neuron Brick-0.9,neuron Brick-0.10,neuron Brick-0.11,neuron Brick-0.12,neuron Brick-0.13,neuron Brick-0.14,neuron Brick-0.15,neuron Brick-0.16,neuron Brick-0.17,neuron Brick-0.18,neuron Brick-0.19,neuron Brick-0.20,neuron Brick-0.21,neuron Brick-0.22,neuron Brick-0.23,neuron Brick-0.24,neuron Brick-0.25,neuron Brick-0.26,neuron Brick-0.27,neuron Brick-0.28,neuron Brick-0.29,neuron Brick-0.30,neuron Brick-0.31,neuron Brick-0.32,neuron Brick-0.33,neuron Brick-0.34,neuron Brick-0.35,neuron Brick-0.36,neuron Brick-0.37,neuron Brick-0.38,neuron Brick-0.39,neuron Brick-0.40,neuron Brick-0.41,neuron Brick-0.42,neuron Brick-0.43,neuron Brick-0.44,neuron Brick-0.45,neuron Brick-0.46,neuron Brick-0.47,neuron Brick-0.48,neuron Brick-0.49,neuron Brick-0.50,neuron Brick-0.51,neuron Brick-0.52,neuron Brick-0.53,neuron Brick-0.54,neuron Brick-0.55,neuron Brick-0.56,neuron Brick-0.57,neuron Brick-0.58,neuron Brick-0.59,neuron Brick-0.60,neuron Brick-0.61,neuron Brick-0.62,neuron Brick-0.63,neuron Brick-0.64,neuron Brick-0.65,neuron Brick-0.66,neuron Brick-0.67,neuron Brick-0.68,neuron Brick-0.69,neuron Brick-0.70,neuron Brick-0.71,neuron Brick-0.72,neuron Brick-0.73,neuron Brick-0.74,neuron Brick-0.75,neuron Brick-0.76,neuron Brick-0.77,neuron Brick-0.78,neuron Brick-0.79,neuron Brick-0.80,neuron Brick-0.81,neuron Brick-0.82,neuron Brick-0.83,neuron Brick-0.84,neuron Brick-0.85,neuron Brick-0.86,neuron Brick-0.87,neuron Brick-0.88,neuron Brick-0.89,neuron Brick-0.90,neuron Brick-0.91,neuron Brick-0.92,neuron Brick-0.93,neuron Brick-0.94,neuron Brick-0.95,neuron Brick-0.96,neuron Brick-0.97,neuron Brick-0.98,neuron Brick-0.99,neuron Brick-0.100,neuron Brick-0.101,neuron Brick-0.102,neuron Brick-0.103,neuron Brick-0.104,neuron Brick-0.105,neuron Brick-0.106,neuron Brick-0.107,neuron Brick-0.108,neuron Brick-0.109,neuron Brick-0.110,neuron Brick-0.111,neuron Brick-0.112,neuron Brick-0.113,neuron Brick-0.114,neuron Brick-0.115,neuron Brick-0.116,neuron Brick-0.117,neuron Brick-0.118,neuron Brick-0.119,neuron Brick-0.120,neuron Brick-0.121,neuron Brick-0.122,neuron Brick-0.123,neuron Brick-0.124,neuron Brick-0.125,neuron Brick-0.126,neuron Brick-0.127,neuron Brick-0.128,neuron Brick-0.129,neuron Brick-0.130,neuron Brick-0.131,neuron Brick-0.132,neuron Brick-0.133,neuron Brick-0.134,neuron Brick-0.135,neuron Brick-0.136,neuron Brick-0.137,neuron Brick-0.138,neuron Brick-0.139,neuron Brick-0.140,neuron Brick-0.141,neuron Brick-0.142,neuron Brick-0.143,neuron Brick-0.144,neuron Brick-0.145,neuron Brick-0.146,neuron Brick-0.147,neuron Brick-0.148,neuron Brick-0.149,neuron Brick-0.150,neuron Brick-0.151,neuron Brick-0.152,neuron Brick-0.153,neuron Brick-0.154,neuron Brick-0.155,neuron Brick-0.156,neuron Brick-0.157,neuron Brick-0.158,neuron Brick-0.159,neuron Brick-0.160,neuron Brick-0.161,neuron Brick-0.162,neuron Brick-0.163,neuron Brick-0.164,neuron Brick-0.165,neuron Brick-0.166,neuron Brick-0.167,neuron Brick-0.168,neuron Brick-0.169,neuron Brick-0.170,neuron Brick-0.171,neuron Brick-0.172,neuron Brick-0.173,neuron Brick-0.174,neuron Brick-0.175,neuron Brick-0.176,neuron Brick-0.177,neuron Brick-0.178,neuron Brick-0.179,neuron Brick-0.180,neuron Brick-0.181,neuron Brick-0.182,neuron Brick-0.183,neuron Brick-0.184,neuron Brick-0.185,neuron Brick-0.186,neuron Brick-0.187,neuron Brick-0.188,neuron Brick-0.189,neuron Brick-0.190,neuron Brick-0.191,neuron Brick-0.192,neuron Brick-0.193,neuron Brick-0.194,neuron Brick-0.195,neuron Brick-0.196,neuron Brick-0.197,neuron Brick-0.198,neuron Brick-0.199,
1,1,1,1,1,1,1,1,1,1,1,1,1,1,1,1,1,1,1,1,1,1,1,1,1,1,1,1,1,1,1,1,1,1,1,1,1,1,1,1,1,1,1,1,1,1,1,1,1,1,1,1,1,1,1,1,1,1,1,1,1,1,1,1,1,1,1,1,1,1,1,1,1,1,1,1,1,1,1,1,1,1,1,1,1,1,1,1,1,1,1,1,1,1,1,1,1,1,1,1,1,1,1,1,1,1,1,1,1,1,1,1,1,1,1,1,1,1,1,1,1,1,1,1,1,1,1,1,1,1,1,1,1,1,1,1,1,1,1,1,1,1,1,1,1,1,1,1,1,1,1,1,1,1,1,1,1,1,1,1,1,1,1,1,1,1,1,1,1,1,1,1,1,1,1,1,1,1,1,1,1,1,1,1,1,1,1,1,1,1,1,1,1,1,1,1,1,1,1,1,1,
2,2,2,2,2,2,2,2,2,2,2,2,2,2,2,2,2,2,2,2,2,2,2,2,2,2,2,2,2,2,2,2,2,2,2,2,2,2,2,2,2,2,2,2,2,2,2,2,2,2,2,2,2,2,2,2,2,2,2,2,2,2,2,2,2,2,2,2,2,2,2,2,2,2,2,2,2,2,2,2,2,2,2,2,2,2,2,2,2,2,2,2,2,2,2,2,2,2,2,2,2,2,2,2,2,2,2,2,2,2,2,2,2,2,2,2,2,2,2,2,2,2,2,2,2,2,2,2,2,2,2,2,2,2,2,2,2,2,2,2,2,2,2,2,2,2,2,2,2,2,2,2,2,2,2,2,2,2,2,2,2,2,2,2,2,2,2,2,2,2,2,2,2,2,2,2,2,2,2,2,2,2,2,2,2,2,2,2,2,2,2,2,2,2,2,2,2,2,2,2,2,
3,3,3,3,3,3,3,3,3,3,3,3,3,3,3,3,3,3,3,3,3,3,3,3,3,3,3,3,3,3,3,3,3,3,3,3,3,3,3,3,3,3,3,3,3,3,3,3,3,3,3,3,3,3,3,3,3,3,3,3,3,3,3,3,3,3,3,3,3,3,3,3,3,3,3,3,3,3,3,3,3,3,3,3,3,3,3,3,3,3,3,3,3,3,3,3,3,3,3,3,3,3,3,3,3,3,3,3,3,3,3,3,3,3,3,3,3,3,3,3,3,3,3,3,3,3,3,3,3,3,3,3,3,3,3,3,3,3,3,3,3,3,3,3,3,3,3,3,3,3,3,3,3,3,3,3,3,3,3,3,3,3,3,3,3,3,3,3,3,3,3,3,3,3,3,3,3,3,3,3,3,3,3,3,3,3,3,3,3,3,3,3,3,3,3,3,3,3,3,3,3,
4,4,4,4,4,4,4,4,4,4,4,4,4,4,4,4,4,4,4,4,4,4,4,4,4,4,4,4,4,4,4,4,4,4,4,4,4,4,4,4,4,4,4,4,4,4,4,4,4,4,4,4,4,4,4,4,4,4,4,4,4,4,4,4,4,4,4,4,4,4,4,4,4,4,4,4,4,4,4,4,4,4,4,4,4,4,4,4,4,4,4,4,4,4,4,4,4,4,4,4,4,4,4,4,4,4,4,4,4,4,4,4,4,4,4,4,4,4,4,4,4,4,4,4,4,4,4,4,4,4,4,4,4,4,4,4,4,4,4,4,4,4,4,4,4,4,4,4,4,4,4,4,4,4,4,4,4,4,4,4,4,4,4,4,4,4,4,4,4,4,4,4,4,4,4,4,4,4,4,4,4,4,4,4,4,4,4,4,4,4,4,4,4,4,4,4,4,4,4,4,4,
5,5,5,5,5,5,5,5,5,5,5,5,5,5,5,5,5,5,5,5,5,5,5,5,5,5,5,5,5,5,5,5,5,5,5,5,5,5,5,5,5,5,5,5,5,5,5,5,5,5,5,5,5,5,5,5,5,5,5,5,5,5,5,5,5,5,5,5,5,5,5,5,5,5,5,5,5,5,5,5,5,5,5,5,5,5,5,5,5,5,5,5,5,5,5,5,5,5,5,5,5,5,5,5,5,5,5,5,5,5,5,5,5,5,5,5,5,5,5,5,5,5,5,5,5,5,5,5,5,5,5,5,5,5,5,5,5,5,5,5,5,5,5,5,5,5,5,5,5,5,5,5,5,5,5,5,5,5,5,5,5,5,5,5,5,5,5,5,5,5,5,5,5,5,5,5,5,5,5,5,5,5,5,5,5,5,5,5,5,5,5,5,5,5,5,5,5,5,5,5,5,
6,6,6,6,6,6,6,6,6,6,6,6,6,6,6,6,6,6,6,6,6,6,6,6,6,6,6,6,6,6,6,6,6,6,6,6,6,6,6,6,6,6,6,6,6,6,6,6,6,6,6,6,6,6,6,6,6,6,6,6,6,6,6,6,6,6,6,6,6,6,6,6,6,6,6,6,6,6,6,6,6,6,6,6,6,6,6,6,6,6,6,6,6,6,6,6,6,6,6,6,6,6,6,6,6,6,6,6,6,6,6,6,6,6,6,6,6,6,6,6,6,6,6,6,6,6,6,6,6,6,6,6,6,6,6,6,6,6,6,6,6,6,6,6,6,6,6,6,6,6,6,6,6,6,6,6,6,6,6,6,6,6,6,6,6,6,6,6,6,6,6,6,6,6,6,6,6,6,6,6,6,6,6,6,6,6,6,6,6,6,6,6,6,6,6,6,6,6,6,6,6,
7,7,7,7,7,7,7,7,7,7,7,7,7,7,7,7,7,7,7,7,7,7,7,7,7,7,7,7,7,7,7,7,7,7,7,7,7,7,7,7,7,7,7,7,7,7,7,7,7,7,7,7,7,7,7,7,7,7,7,7,7,7,7,7,7,7,7,7,7,7,7,7,7,7,7,7,7,7,7,7,7,7,7,7,7,7,7,7,7,7,7,7,7,7,7,7,7,7,7,7,7,7,7,7,7,7,7,7,7,7,7,7,7,7,7,7,7,7,7,7,7,7,7,7,7,7,7,7,7,7,7,7,7,7,7,7,7,7,7,7,7,7,7,7,7,7,7,7,7,7,7,7,7,7,7,7,7,7,7,7,7,7,7,7,7,7,7,7,7,7,7,7,7,7,7,7,7,7,7,7,7,7,7,7,7,7,7,7,7,7,7,7,7,7,7,7,7,7,7,7,7,
8,8,8,8,8,8,8,8,8,8,8,8,8,8,8,8,8,8,8,8,8,8,8,8,8,8,8,8,8,8,8,8,8,8,8,8,8,8,8,8,8,8,8,8,8,8,8,8,8,8,8,8,8,8,8,8,8,8,8,8,8,8,8,8,8,8,8,8,8,8,8,8,8,8,8,8,8,8,8,8,8,8,8,8,8,8,8,8,8,8,8,8,8,8,8,8,8,8,8,8,8,8,8,8,8,8,8,8,8,8,8,8,8,8,8,8,8,8,8,8,8,8,8,8,8,8,8,8,8,8,8,8,8,8,8,8,8,8,8,8,8,8,8,8,8,8,8,8,8,8,8,8,8,8,8,8,8,8,8,8,8,8,8,8,8,8,8,8,8,8,8,8,8,8,8,8,8,8,8,8,8,8,8,8,8,8,8,8,8,8,8,8,8,8,8,8,8,8,8,8,8,
9,9,9,9,9,9,9,9,9,9,9,9,9,9,9,9,9,9,9,9,9,9,9,9,9,9,9,9,9,9,9,9,9,9,9,9,9,9,9,9,9,9,9,9,9,9,9,9,9,9,9,9,9,9,9,9,9,9,9,9,9,9,9,9,9,9,9,9,9,9,9,9,9,9,9,9,9,9,9,9,9,9,9,9,9,9,9,9,9,9,9,9,9,9,9,9,9,9,9,9,9,9,9,9,9,9,9,9,9,9,9,9,9,9,9,9,9,9,9,9,9,9,9,9,9,9,9,9,9,9,9,9,9,9,9,9,9,9,9,9,9,9,9,9,9,9,9,9,9,9,9,9,9,9,9,9,9,9,9,9,9,9,9,9,9,9,9,9,9,9,9,9,9,9,9,9,9,9,9,9,9,9,9,9,9,9,9,9,9,9,9,9,9,9,9,9,9,9,9,9,9,
10,10,10,10,10,10,10,10,10,10,10,10,10,10,10,10,10,10,10,10,10,10,10,10,10,10,10,10,10,10,10,10,10,10,10,10,10,10,10,10,10,10,10,10,10,10,10,10,10,10,10,10,10,10,10,10,10,10,10,10,10,10,10,10,10,10,10,10,10,10,10,10,10,10,10,10,10,10,10,10,10,10,10,10,10,10,10,10,10,10,10,10,10,10,10,10,10,10,10,10,10,10,10,10,10,10,10,10,10,10,10,10,10,10,10,10,10,10,10,10,10,10,10,10,10,10,10,10,10,10,10,10,10,10,10,10,10,10,10,10,10,10,10,10,10,10,10,10,10,10,10,10,10,10,10,10,10,10,10,10,10,10,10,10,10,10,10,10,10,10,10,10,10,10,10,10,10,10,10,10,10,10,10,10,10,10,10,10,10,10,10,10,10,10,10,10,10,10,10,10,10,
11,11,11,11,11,11,11,11,11,11,11,11,11,11,11,11,11,11,11,11,11,11,11,11,11,11,11,11,11,11,11,11,11,11,11,11,11,11,11,11,11,11,11,11,11,11,11,11,11,11,11,11,11,11,11,11,11,11,11,11,11,11,11,11,11,11,11,11,11,11,11,11,11,11,11,11,11,11,11,11,11,11,11,11,11,11,11,11,11,11,11,11,11,11,11,11,11,11,11,11,11,11,11,11,11,11,11,11,11,11,11,11,11,11,11,11,11,11,11,11,11,11,11,11,11,11,11,11,11,11,11,11,11,11,11,11,11,11,11,11,11,11,11,11,11,11,11,11,11,11,11,11,11,11,11,11,11,11,11,11,11,11,11,11,11,11,11,11,11,11,11,11,11,11,11,11,11,11,11,11,11,11,11,11,11,11,11,11,11,11,11,11,11,11,11,11,11,11,11,11,11,
12,12,12,12,12,12,12,12,12,12,12,12,12,12,12,12,12,12,12,12,12,12,12,12,12,12,12,12,12,12,12,12,12,12,12,12,12,12,12,12,12,12,12,12,12,12,12,12,12,12,12,12,12,12,12,12,12,12,12,12,12,12,12,12,12,12,12,12,12,12,12,12,12,12,12,12,12,12,12,12,12,12,12,12,12,12,12,12,12,12,12,12,12,12,12,12,12,12,12,12,12,12,12,12,12,12,12,12,12,12,12,12,12,12,12,12,12,12,12,12,12,12,12,12,12,12,12,12,12,12,12,12,12,12,12,12,12,12,12,12,12,12,12,12,12,12,12,12,12,12,12,12,12,12,12,12,12,12,12,12,12,12,12,12,12,12,12,12,12,12,12,12,12,12,12,12,12,12,12,12,12,12,12,12,12,12,12,12,12,12,12,12,12,12,12,12,12,12,12,12,12,
13,13,13,13,13,13,13,13,13,13,13,13,13,13,13,13,13,13,13,13,13,13,13,13,13,13,13,13,13,13,13,13,13,13,13,13,13,13,13,13,13,13,13,13,13,13,13,13,13,13,13,13,13,13,13,13,13,13,13,13,13,13,13,13,13,13,13,13,13,13,13,13,13,13,13,13,13,13,13,13,13,13,13,13,13,13,13,13,13,13,13,13,13,13,13,13,13,13,13,13,13,13,13,13,13,13,13,13,13,13,13,13,13,13,13,13,13,13,13,13,13,13,13,13,13,13,13,13,13,13,13,13,13,13,13,13,13,13,13,13,13,13,13,13,13,13,13,13,13,13,13,13,13,13,13,13,13,13,13,13,13,13,13,13,13,13,13,13,13,13,13,13,13,13,13,13,13,13,13,13,13,13,13,13,13,13,13,13,13,13,13,13,13,13,13,13,13,13,13,13,13,
14,14,14,14,14,14,14,14,14,14,14,14,14,14,14,14,14,14,14,14,14,14,14,14,14,14,14,14,14,14,14,14,14,14,14,14,14,14,14,14,14,14,14,14,14,14,14,14,14,14,14,14,14,14,14,14,14,14,14,14,14,14,14,14,14,14,14,14,14,14,14,14,14,14,14,14,14,14,14,14,14,14,14,14,14,14,14,14,14,14,14,14,14,14,14,14,14,14,14,14,14,14,14,14,14,14,14,14,14,14,14,14,14,14,14,14,14,14,14,14,14,14,14,14,14,14,14,14,14,14,14,14,14,14,14,14,14,14,14,14,14,14,14,14,14,14,14,14,14,14,14,14,14,14,14,14,14,14,14,14,14,14,14,14,14,14,14,14,14,14,14,14,14,14,14,14,14,14,14,14,14,14,14,14,14,14,14,14,14,14,14,14,14,14,14,14,14,14,14,14,14,
15,15,15,15,15,15,15,15,15,15,15,15,15,15,15,15,15,15,15,15,15,15,15,15,15,15,15,15,15,15,15,15,15,15,15,15,15,15,15,15,15,15,15,15,15,15,15,15,15,15,15,15,15,15,15,15,15,15,15,15,15,15,15,15,15,15,15,15,15,15,15,15,15,15,15,15,15,15,15,15,15,15,15,15,15,15,15,15,15,15,15,15,15,15,15,15,15,15,15,15,15,15,15,15,15,15,15,15,15,15,15,15,15,15,15,15,15,15,15,15,15,15,15,15,15,15,15,15,15,15,15,15,15,15,15,15,15,15,15,15,15,15,15,15,15,15,15,15,15,15,15,15,15,15,15,15,15,15,15,15,15,15,15,15,15,15,15,15,15,15,15,15,15,15,15,15,15,15,15,15,15,15,15,15,15,15,15,15,15,15,15,15,15,15,15,15,15,15,15,15,15,
16,16,16,16,16,16,16,16,16,16,16,16,16,16,16,16,16,16,16,16,16,16,16,16,16,16,16,16,16,16,16,16,16,16,16,16,16,16,16,16,16,16,16,16,16,16,16,16,16,16,16,16,16,16,16,16,16,16,16,16,16,16,16,16,16,16,16,16,16,16,16,16,16,16,16,16,16,16,16,16,16,16,16,16,16,16,16,16,16,16,16,16,16,16,16,16,16,16,16,16,16,16,16,16,16,16,16,16,16,16,16,16,16,16,16,16,16,16,16,16,16,16,16,16,16,16,16,16,16,16,16,16,16,16,16,16,16,16,16,16,16,16,16,16,16,16,16,16,16,16,16,16,16,16,16,16,16,16,16,16,16,16,16,16,16,16,16,16,16,16,16,16,16,16,16,16,16,16,16,16,16,16,16,16,16,16,16,16,16,16,16,16,16,16,16,16,16,16,16,16,16,
17,17,17,17,17,17,17,17,17,17,17,17,17,17,17,17,17,17,17,17,17,17,17,17,17,17,17,17,17,17,17,17,17,17,17,17,17,17,17,17,17,17,17,17,17,17,17,17,17,17,17,17,17,17,17,17,17,17,17,17,17,17,17,17,17,17,17,17,17,17,17,17,17,17,17,17,17,17,17,17,17,17,17,17,17,17,17,17,17,17,17,17,17,17,17,17,17,17,17,17,17,17,17,17,17,17,17,17,17,17,17,17,17,17,17,17,17,17,17,17,17,17,17,17,17,17,17,17,17,17,17,17,17,17,17,17,17,17,17,17,17,17,17,17,17,17,17,17,17,17,17,17,17,17,17,17,17,17,17,17,17,17,17,17,17,17,17,17,17,17,17,17,17,17,17,17,17,17,17,17,17,17,17,17,17,17,17,17,17,17,17,17,17,17,17,17,17,17,17,17,17,
18,18,18,18,18,18,18,18,18,18,18,18,18,18,18,18,18,18,18,18,18,18,18,18,18,18,18,18,18,18,18,18,18,18,18,18,18,18,18,18,18,18,18,18,18,18,18,18,18,18,18,18,18,18,18,18,18,18,18,18,18,18,18,18,18,18,18,18,18,18,18,18,18,18,18,18,18,18,18,18,18,18,18,18,18,18,18,18,18,18,18,18,18,18,18,18,18,18,18,18,18,18,18,18,18,18,18,18,18,18,18,18,18,18,18,18,18,18,18,18,18,18,18,18,18,18,18,18,18,18,18,18,18,18,18,18,18,18,18,18,18,18,18,18,18,18,18,18,18,18,18,18,18,18,18,18,18,18,18,18,18,18,18,18,18,18,18,18,18,18,18,18,18,18,18,18,18,18,18,18,18,18,18,18,18,18,18,18,18,18,18,18,18,18,18,18,18,18,18,18,18,
19,19,19,19,19,19,19,19,19,19,19,19,19,19,19,19,19,19,19,19,19,19,19,19,19,19,19,19,19,19,19,19,19,19,19,19,19,19,19,19,19,19,19,19,19,19,19,19,19,19,19,19,19,19,19,19,19,19,19,19,19,19,19,19,19,19,19,19,19,19,19,19,19,19,19,19,19,19,19,19,19,19,19,19,19,19,19,19,19,19,19,19,19,19,19,19,19,19,19,19,19,19,19,19,19,19,19,19,19,19,19,19,19,19,19,19,19,19,19,19,19,19,19,19,19,19,19,19,19,19,19,19,19,19,19,19,19,19,19,19,19,19,19,19,19,19,19,19,19,19,19,19,19,19,19,19,19,19,19,19,19,19,19,19,19,19,19,19,19,19,19,19,19,19,19,19,19,19,19,19,19,19,19,19,19,19,19,19,19,19,19,19,19,19,19,19,19,19,19,19,19,
20,20,20,20,20,20,20,20,20,20,20,20,20,20,20,20,20,20,20,20,20,20,20,20,20,20,20,20,20,20,20,20,20,20,20,20,20,20,20,20,20,20,20,20,20,20,20,20,20,20,20,20,20,20,20,20,20,20,20,20,20,20,20,20,20,20,20,20,20,20,20,20,20,20,20,20,20,20,20,20,20,20,20,20,20,20,20,20,20,20,20,20,20,20,20,20,20,20,20,20,20,20,20,20,20,20,20,20,20,20,20,20,20,20,20,20,20,20,20,20,20,20,20,20,20,20,20,20,20,20,20,20,20,20,20,20,20,20,20,20,20,20,20,20,20,20,20,20,20,20,20,20,20,20,20,20,20,20,20,20,20,20,20,20,20,20,20,20,20,20,20,20,20,20,20,20,20,20,20,20,20,20,20,20,20,20,20,20,20,20,20,20,20,20,20,20,20,20,20,20,20,
21,21,21,21,21,21,21,21,21,21,21,21,21,21,21,21,21,21,21,21,21,21,21,21,21,21,21,21,21,21,21,21,21,21,21,21,21,21,21,21,21,21,21,21,21,21,21,21,21,21,21,21,21,21,21,21,21,21,21,21,21,21,21,21,21,21,21,21,21,21,21,21,21,21,21,21,21,21,21,21,21,21,21,21,21,21,21,21,21,21,21,21,21,21,21,21,21,21,21,21,21,21,21,21,21,21,21,21,21,21,21,21,21,21,21,21,21,21,21,21,21,21,21,21,21,21,21,21,21,21,21,21,21,21,21,21,21,21,21,21,21,21,21,21,21,21,21,21,21,21,21,21,21,21,21,21,21,21,21,21,21,21,21,21,21,21,21,21,21,21,21,21,21,21,21,21,21,21,21,21,21,21,21,21,21,21,21,21,21,21,21,21,21,21,21,21,21,21,21,21,21,
22,22,22,22,22,22,22,22,22,22,22,22,22,22,22,22,22,22,22,22,22,22,22,22,22,22,22,22,22,22,22,22,22,22,22,22,22,22,22,22,22,22,22,22,22,22,22,22,22,22,22,22,22,22,22,22,22,22,22,22,22,22,22,22,22,22,22,22,22,22,22,22,22,22,22,22,22,22,22,22,22,22,22,22,22,22,22,22,22,22,22,22,22,22,22,22,22,22,22,22,22,22,22,22,22,22,22,22,22,22,22,22,22,22,22,22,22,22,22,22,22,22,22,22,22,22,22,22,22,22,22,22,22,22,22,22,22,22,22,22,22,22,22,22,22,22,22,22,22,22,22,22,22,22,22,22,22,22,22,22,22,22,22,22,22,22,22,22,22,22,22,22,22,22,22,22,22,22,22,22,22,22,22,22,22,22,22,22,22,22,22,22,22,22,22,22,22,22,22,22,22,
23,23,23,23,23,23,23,23,23,23,23,23,23,23,23,23,23,23,23,23,23,23,23,23,23,23,23,23,23,23,23,23,23,23,23,23,23,23,23,23,23,23,23,23,23,23,23,23,23,23,23,23,23,23,23,23,23,23,23,23,23,23,23,23,23,23,23,23,23,23,23,23,23,23,23,23,23,23,23,23,23,23,23,23,23,23,23,23,23,23,23,23,23,23,23,23,23,23,23,23,23,23,23,23,23,23,23,23,23,23,23,23,23,23,23,23,23,23,23,23,23,23,23,23,23,23,23,23,23,23,23,23,23,23,23,23,23,23,23,23,23,23,23,23,23,23,23,23,23,23,23,23,23,23,23,23,23,23,23,23,23,23,23,23,23,23,23,23,23,23,23,23,23,23,23,23,23,23,23,23,23,23,23,23,23,23,23,23,23,23,23,23,23,23,23,23,23,23,23,23,23,
24,24,24,24,24,24,24,24,24,24,24,24,24,24,24,24,24,24,24,24,24,24,24,24,24,24,24,24,24,24,24,24,24,24,24,24,24,24,24,24,24,24,24,24,24,24,24,24,24,24,24,24,24,24,24,24,24,24,24,24,24,24,24,24,24,24,24,24,24,24,24,24,24,24,24,24,24,24,24,24,24,24,24,24,24,24,24,24,24,24,24,24,24,24,24,24,24,24,24,24,24,24,24,24,24,24,24,24,24,24,24,24,24,24,24,24,24,24,24,24,24,24,24,24,24,24,24,24,24,24,24,24,24,24,24,24,24,24,24,24,24,24,24,24,24,24,24,24,24,24,24,24,24,24,24,24,24,24,24,24,24,24,24,24,24,24,24,24,24,24,24,24,24,24,24,24,24,24,24,24,24,24,24,24,24,24,24,24,24,24,24,24,24,24,24,24,24,24,24,24,24,
25,25,25,25,25,25,25,25,25,25,25,25,25,25,25,25,25,25,25,25,25,25,25,25,25,25,25,25,25,25,25,25,25,25,25,25,25,25,25,25,25,25,25,25,25,25,25,25,25,25,25,25,25,25,25,25,25,25,25,25,25,25,25,25,25,25,25,25,25,25,25,25,25,25,25,25,25,25,25,25,25,25,25,25,25,25,25,25,25,25,25,25,25,25,25,25,25,25,25,25,25,25,25,25,25,25,25,25,25,25,25,25,25,25,25,25,25,25,25,25,25,25,25,25,25,25,25,25,25,25,25,25,25,25,25,25,25,25,25,25,25,25,25,25,25,25,25,25,25,25,25,25,25,25,25,25,25,25,25,25,25,25,25,25,25,25,25,25,25,25,25,25,25,25,25,25,25,25,25,25,25,25,25,25,25,25,25,25,25,25,25,25,25,25,25,25,25,25,25,25,25,
26,26,26,26,26,26,26,26,26,26,26,26,26,26,26,26,26,26,26,26,26,26,26,26,26,26,26,26,26,26,26,26,26,26,26,26,26,26,26,26,26,26,26,26,26,26,26,26,26,26,26,26,26,26,26,26,26,26,26,26,26,26,26,26,26,26,26,26,26,26,26,26,26,26,26,26,26,26,26,26,26,26,26,26,26,26,26,26,26,26,26,26,26,26,26,26,26,26,26,26,26,26,26,26,26,26,26,26,26,26,26,26,26,26,26,26,26,26,26,26,26,26,26,26,26,26,26,26,26,26,26,26,26,26,26,26,26,26,26,26,26,26,26,26,26,26,26,26,26,26,26,26,26,26,26,26,26,26,26,26,26,26,26,26,26,26,26,26,26,26,26,26,26,26,26,26,26,26,26,26,26,26,26,26,26,26,26,26,26,26,26,26,26,26,26,26,26,26,26,26,26,
27,27,27,27,27,27,27,27,27,27,27,27,27,27,27,27,27,27,27,27,27,27,27,27,27,27,27,27,27,27,27,27,27,27,27,27,27,27,27,27,27,27,27,27,27,27,27,27,27,27,27,27,27,27,27,27,27,27,27,27,27,27,27,27,27,27,27,27,27,27,27,27,27,27,27,27,27,27,27,27,27,27,27,27,27,27,27,27,27,27,27,27,27,27,27,27,27,27,27,27,27,27,27,27,27,27,27,27,27,27,27,27,27,27,27,27,27,27,27,27,27,27,27,27,27,27,27,27,27,27,27,27,27,27,27,27,27,27,27,27,27,27,27,27,27,27,27,27,27,27,27,27,27,27,27,27,27,27,27,27,27,27,27,27,27,27,27,27,27,27,27,27,27,27,27,27,27,27,27,27,27,27,27,27,27,27,27,27,27,27,27,27,27,27,27,27,27,27,27,27,27,
28,28,28,28,28,28,28,28,28,28,28,28,28,28,28,28,28,28,28,28,28,28,28,28,28,28,28,28,28,28,28,28,28,28,28,28,28,28,28,28,28,28,28,28,28,28,28,28,28,28,28,28,28,28,28,28,28,28,28,28,28,28,28,28,28,28,28,28,28,28,28,28,28,28,28,28,28,28,28,28,28,28,28,28,28,28,28,28,28,28,28,28,28,28,28,28,28,28,28,28,28,28,28,28,28,28,28,28,28,28,28,28,28,28,28,28,28,28,28,28,28,28,28,28,28,28,28,28,28,28,28,28,28,28,28,28,28,28,28,28,28,28,28,28,28,28,28,28,28,28,28,28,28,28,28,28,28,28,28,28,28,28,28,28,28,28,28,28,28,28,28,28,28,28,28,28,28,28,28,28,28,28,28,28,28,28,28,28,28,28,28,28,28,28,28,28,28,28,28,28,28,
29,29,29,29,29,29,29,29,29,29,29,29,29,29,29,29,29,29,29,29,29,29,29,29,29,29,29,29,29,29,29,29,29,29,29,29,29,29,29,29,29,29,29,29,29,29,29,29,29,29,29,29,29,29,29,29,29,29,29,29,29,29,29,29,29,29,29,29,29,29,29,29,29,29,29,29,29,29,29,29,29,29,29,29,29,29,29,29,29,29,29,29,29,29,29,29,29,29,29,29,29,29,29,29,29,29,29,29,29,29,29,29,29,29,29,29,29,29,29,29,29,29,29,29,29,29,29,29,29,29,29,29,29,29,29,29,29,29,29,29,29,29,29,29,29,29,29,29,29,29,29,29,29,29,29,29,29,29,29,29,29,29,29,29,29,29,29,29,29,29,29,29,29,29,29,29,29,29,29,29,29,29,29,29,29,29,29,29,29,29,29,29,29,29,29,29,29,29,29,29,29,
30,30,30,30,30,30,30,30,30,30,30,30,30,30,30,30,30,30,30,30,30,30,30,30,30,30,30,30,30,30,30,30,30,30,30,30,30,30,30,30,30,30,30,30,30,30,30,30,30,30,30,30,30,30,30,30,30,30,30,30,30,30,30,30,30,30,30,30,30,30,30,30,30,30,30,30,30,30,30,30,30,30,30,30,30,30,30,30,30,30,30,30,30,30,30,30,30,30,30,30,30,30,30,30,30,30,30,30,30,30,30,30,30,30,30,30,30,30,30,30,30,30,30,30,30,30,30,30,30,30,30,30,30,30,30,30,30,30,30,30,30,30,30,30,30,30,30,30,30,30,30,30,30,30,30,30,30,30,30,30,30,30,30,30,30,30,30,30,30,30,30,30,30,30,30,30,30,30,30,30,30,30,30,30,30,30,30,30,30,30,30,30,30,30,30,30,30,30,30,30,30,
31,31,31,31,31,31,31,31,31,31,31,31,31,31,31,31,31,31,31,31,31,31,31,31,31,31,31,31,31,31,31,31,31,31,31,31,31,31,31,31,31,31,31,31,31,31,31,31,31,31,31,31,31,31,31,31,31,31,31,31,31,31,31,31,31,31,31,31,31,31,31,31,31,31,31,31,31,31,31,31,31,31,31,31,31,31,31,31,31,31,31,31,31,31,31,31,31,31,31,31,31,31,31,31,31,31,31,31,31,31,31,31,31,31,31,31,31,31,31,31,31,31,31,31,31,31,31,31,31,31,31,31,31,31,31,31,31,31,31,31,31,31,31,31,31,31,31,31,31,31,31,31,31,31,31,31,31,31,31,31,31,31,31,31,31,31,31,31,31,31,31,31,31,31,31,31,31,31,31,31,31,31,31,31,31,31,31,31,31,31,31,31,31,31,31,31,31,31,31,31,31,
32,32,32,32,32,32,32,32,32,32,32,32,32,32,32,32,32,32,32,32,32,32,32,32,32,32,32,32,32,32,32,32,32,32,32,32,32,32,32,32,32,32,32,32,32,32,32,32,32,32,32,32,32,32,32,32,32,32,32,32,32,32,32,32,32,32,32,32,32,32,32,32,32,32,32,32,32,32,32,32,32,32,32,32,32,32,32,32,32,32,32,32,32,32,32,32,32,32,32,32,32,32,32,32,32,32,32,32,32,32,32,32,32,32,32,32,32,32,32,32,32,32,32,32,32,32,32,32,32,32,32,32,32,32,32,32,32,32,32,32,32,32,32,32,32,32,32,32,32,32,32,32,32,32,32,32,32,32,32,32,32,32,32,32,32,32,32,32,32,32,32,32,32,32,32,32,32,32,32,32,32,32,32,32,32,32,32,32,32,32,32,32,32,32,32,32,32,32,32,32,32,
33,33,33,33,33,33,33,33,33,33,33,33,33,33,33,33,33,33,33,33,33,33,33,33,33,33,33,33,33,33,33,33,33,33,33,33,33,33,33,33,33,33,33,33,33,33,33,33,33,33,33,33,33,33,33,33,33,33,33,33,33,33,33,33,33,33,33,33,33,33,33,33,33,33,33,33,33,33,33,33,33,33,33,33,33,33,33,33,33,33,33,33,33,33,33,33,33,33,33,33,33,33,33,33,33,33,33,33,33,33,33,33,33,33,33,33,33,33,33,33,33,33,33,33,33,33,33,33,33,33,33,33,33,33,33,33,33,33,33,33,33,33,33,33,33,33,33,33,33,33,33,33,33,33,33,33,33,33,33,33,33,33,33,33,33,33,33,33,33,33,33,33,33,33,33,33,33,33,33,33,33,33,33,33,33,33,33,33,33,33,33,33,33,33,33,33,33,33,33,33,33,
34,34,34,34,34,34,34,34,34,34,34,34,34,34,34,34,34,34,34,34,34,34,34,34,34,34,34,34,34,34,34,34,34,34,34,34,34,34,34,34,34,34,34,34,34,34,34,34,34,34,34,34,34,34,34,34,34,34,34,34,34,34,34,34,34,34,34,34,34,34,34,34,34,34,34,34,34,34,34,34,34,34,34,34,34,34,34,34,34,34,34,34,34,34,34,34,34,34,34,34,34,34,34,34,34,34,34,34,34,34,34,34,34,34,34,34,34,34,34,34,34,34,34,34,34,34,34,34,34,34,34,34,34,34,34,34,34,34,34,34,34,34,34,34,34,34,34,34,34,34,34,34,34,34,34,34,34,34,34,34,34,34,34,34,34,34,34,34,34,34,34,34,34,34,34,34,34,34,34,34,34,34,34,34,34,34,34,34,34,34,34,34,34,34,34,34,34,34,34,34,34,
35,35,35,35,35,35,35,35,35,35,35,35,35,35,35,35,35,35,35,35,35,35,35,35,35,35,35,35,35,35,35,35,35,35,35,35,35,35,35,35,35,35,35,35,35,35,35,35,35,35,35,35,35,35,35,35,35,35,35,35,35,35,35,35,35,35,35,35,35,35,35,35,35,35,35,35,35,35,35,35,35,35,35,35,35,35,35,35,35,35,35,35,35,35,35,35,35,35,35,35,35,35,35,35,35,35,35,35,35,35,35,35,35,35,35,35,35,35,35,35,35,35,35,35,35,35,35,35,35,35,35,35,35,35,35,35,35,35,35,35,35,35,35,35,35,35,35,35,35,35,35,35,35,35,35,35,35,35,35,35,35,35,35,35,35,35,35,35,35,35,35,35,35,35,35,35,35,35,35,35,35,35,35,35,35,35,35,35,35,35,35,35,35,35,35,35,35,35,35,35,35,
36,36,36,36,36,36,36,36,36,36,36,36,36,36,36,36,36,36,36,36,36,36,36,36,36,36,36,36,36,36,36,36,36,36,36,36,36,36,36,36,36,36,36,36,36,36,36,36,36,36,36,36,36,36,36,36,36,36,36,36,36,36,36,36,36,36,36,36,36,36,36,36,36,36,36,36,36,36,36,36,36,36,36,36,36,36,36,36,36,36,36,36,36,36,36,36,36,36,36,36,36,36,36,36,36,36,36,36,36,36,36,36,36,36,36,36,36,36,36,36,36,36,36,36,36,36,36,36,36,36,36,36,36,36,36,36,36,36,36,36,36,36,36,36,36,36,36,36,36,36,36,36,36,36,36,36,36,36,36,36,36,36,36,36,36,36,36,36,36,36,36,36,36,36,36,36,36,36,36,36,36,36,36,36,36,36,36,36,36,36,36,36,36,36,36,36,36,36,36,36,36,
37,37,37,37,37,37,37,37,37,37,37,37,37,37,37,37,37,37,37,37,37,37,37,37,37,37,37,37,37,37,37,37,37,37,37,37,37,37,37,37,37,37,37,37,37,37,37,37,37,37,37,37,37,37,37,37,37,37,37,37,37,37,37,37,37,37,37,37,37,37,37,37,37,37,37,37,37,37,37,37,37,37,37,37,37,37,37,37,37,37,37,37,37,37,37,37,37,37,37,37,37,37,37,37,37,37,37,37,37,37,37,37,37,37,37,37,37,37,37,37,37,37,37,37,37,37,37,37,37,37,37,37,37,37,37,37,37,37,37,37,37,37,37,37,37,37,37,37,37,37,37,37,37,37,37,37,37,37,37,37,37,37,37,37,37,37,37,37,37,37,37,37,37,37,37,37,37,37,37,37,37,37,37,37,37,37,37,37,37,37,37,37,37,37,37,37,37,37,37,37,37,
38,38,38,38,38,38,38,38,38,38,38,38,38,38,38,38,38,38,38,38,38,38,38,38,38,38,38,38,38,38,38,38,38,38,38,38,38,38,38,38,38,38,38,38,38,38,38,38,38,38,38,38,38,38,38,38,38,38,38,38,38,38,38,38,38,38,38,38,38,38,38,38,38,38,38,38,38,38,38,38,38,38,38,38,38,38,38,38,38,38,38,38,38,38,38,38,38,38,38,38,38,38,38,38,38,38,38,38,38,38,38,38,38,38,38,38,38,38,38,38,38,38,38,38,38,38,38,38,38,38,38,38,38,38,38,38,38,38,38,38,38,38,38,38,38,38,38,38,38,38,38,38,38,38,38,38,38,38,38,38,38,38,38,38,38,38,38,38,38,38,38,38,38,38,38,38,38,38,38,38,38,38,38,38,38,38,38,38,38,38,38,38,38,38,38,38,38,38,38,38,38,
39,39,39,39,39,39,39,39,39,39,39,39,39,39,39,39,39,39,39,39,39,39,39,39,39,39,39,39,39,39,39,39,39,39,39,39,39,39,39,39,39,39,39,39,39,39,39,39,39,39,39,39,39,39,39,39,39,39,39,39,39,39,39,39,39,39,39,39,39,39,39,39,39,39,39,39,39,39,39,39,39,39,39,39,39,39,39,39,39,39,39,39,39,39,39,39,39,39,39,39,39,39,39,39,39,39,39,39,39,39,39,39,39,39,39,39,39,39,39,39,39,39,39,39,39,39,39,39,39,39,39,39,39,39,39,39,39,39,39,39,39,39,39,39,39,39,39,39,39,39,39,39,39,39,39,39,39,39,39,39,39,39,39,39,39,39,39,39,39,39,39,39,39,39,39,39,39,39,39,39,39,39,39,39,39,39,39,39,39,39,39,39,39,39,39,39,39,39,39,39,39,
40,40,40,40,40,40,40,40,40,40,40,40,40,40,40,40,40,40,40,40,40,40,40,40,40,40,40,40,40,40,40,40,40,40,40,40,40,40,40,40,40,40,40,40,40,40,40,40,40,40,40,40,40,40,40,40,40,40,40,40,40,40,40,40,40,40,40,40,40,40,40,40,40,40,40,40,40,40,40,40,40,40,40,40,40,40,40,40,40,40,40,40,40,40,40,40,40,40,40,40,40,40,40,40,40,40,40,40,40,40,40,40,40,40,40,40,40,40,40,40,40,40,40,40,40,40,40,40,40,40,40,40,40,40,40,40,40,40,40,40,40,40,40,40,40,40,40,40,40,40,40,40,40,40,40,40,40,40,40,40,40,40,40,40,40,40,40,40,40,40,40,40,40,40,40,40,40,40,40,40,40,40,40,40,40,40,40,40,40,40,40,40,40,40,40,40,40,40,40,40,40,
41,41,41,41,41,41,41,41,41,41,41,41,41,41,41,41,41,41,41,41,41,41,41,41,41,41,41,41,41,41,41,41,41,41,41,41,41,41,41,41,41,41,41,41,41,41,41,41,41,41,41,41,41,41,41,41,41,41,41,41,41,41,41,41,41,41,41,41,41,41,41,41,41,41,41,41,41,41,41,41,41,41,41,41,41,41,41,41,41,41,41,41,41,41,41,41,41,41,41,41,41,41,41,41,41,41,41,41,41,41,41,41,41,41,41,41,41,41,41,41,41,41,41,41,41,41,41,41,41,41,41,41,41,41,41,41,41,41,41,41,41,41,41,41,41,41,41,41,41,41,41,41,41,41,41,41,41,41,41,41,41,41,41,41,41,41,41,41,41,41,41,41,41,41,41,41,41,41,41,41,41,41,41,41,41,41,41,41,41,41,41,41,41,41,41,41,41,41,41,41,41,
42,42,42,42,42,42,42,42,42,42,42,42,42,42,42,42,42,42,42,42,42,42,42,42,42,42,42,42,42,42,42,42,42,42,42,42,42,42,42,42,42,42,42,42,42,42,42,42,42,42,42,42,42,42,42,42,42,42,42,42,42,42,42,42,42,42,42,42,42,42,42,42,42,42,42,42,42,42,42,42,42,42,42,42,42,42,42,42,42,42,42,42,42,42,42,42,42,42,42,42,42,42,42,42,42,42,42,42,42,42,42,42,42,42,42,42,42,42,42,42,42,42,42,42,42,42,42,42,42,42,42,42,42,42,42,42,42,42,42,42,42,42,42,42,42,42,42,42,42,42,42,42,42,42,42,42,42,42,42,42,42,42,42,42,42,42,42,42,42,42,42,42,42,42,42,42,42,42,42,42,42,42,42,42,42,42,42,42,42,42,42,42,42,42,42,42,42,42,42,42,42,
43,43,43,43,43,43,43,43,43,43,43,43,43,43,43,43,43,43,43,43,43,43,43,43,43,43,43,43,43,43,43,43,43,43,43,43,43,43,43,43,43,43,43,43,43,43,43,43,43,43,43,43,43,43,43,43,43,43,43,43,43,43,43,43,43,43,43,43,43,43,43,43,43,43,43,43,43,43,43,43,43,43,43,43,43,43,43,43,43,43,43,43,43,43,43,43,43,43,43,43,43,43,43,43,43,43,43,43,43,43,43,43,43,43,43,43,43,43,43,43,43,43,43,43,43,43,43,43,43,43,43,43,43,43,43,43,43,43,43,43,43,43,43,43,43,43,43,43,43,43,43,43,43,43,43,43,43,43,43,43,43,43,43,43,43,43,43,43,43,43,43,43,43,43,43,43,43,43,43,43,43,43,43,43,43,43,43,43,43,43,43,43,43,43,43,43,43,43,43,43,43,
44,44,44,44,44,44,44,44,44,44,44,44,44,44,44,44,44,44,44,44,44,44,44,44,44,44,44,44,44,44,44,44,44,44,44,44,44,44,44,44,44,44,44,44,44,44,44,44,44,44,44,44,44,44,44,44,44,44,44,44,44,44,44,44,44,44,44,44,44,44,44,44,44,44,44,44,44,44,44,44,44,44,44,44,44,44,44,44,44,44,44,44,44,44,44,44,44,44,44,44,44,44,44,44,44,44,44,44,44,44,44,44,44,44,44,44,44,44,44,44,44,44,44,44,44,44,44,44,44,44,44,44,44,44,44,44,44,44,44,44,44,44,44,44,44,44,44,44,44,44,44,44,44,44,44,44,44,44,44,44,44,44,44,44,44,44,44,44,44,44,44,44,44,44,44,44,44,44,44,44,44,44,44,44,44,44,44,44,44,44,44,44,44,44,44,44,44,44,44,44,44,
45,45,45,45,45,45,45,45,45,45,45,45,45,45,45,45,45,45,45,45,45,45,45,45,45,45,45,45,45,45,45,45,45,45,45,45,45,45,45,45,45,45,45,45,45,45,45,45,45,45,45,45,45,45,45,45,45,45,45,45,45,45,45,45,45,45,45,45,45,45,45,45,45,45,45,45,45,45,45,45,45,45,45,45,45,45,45,45,45,45,45,45,45,45,45,45,45,45,45,45,45,45,45,45,45,45,45,45,45,45,45,45,45,45,45,45,45,45,45,45,45,45,45,45,45,45,45,45,45,45,45,45,45,45,45,45,45,45,45,45,45,45,45,45,45,45,45,45,45,45,45,45,45,45,45,45,45,45,45,45,45,45,45,45,45,45,45,45,45,45,45,45,45,45,45,45,45,45,45,45,45,45,45,45,45,45,45,45,45,45,45,45,45,45,45,45,45,45,45,45,45,
46,46,46,46,46,46,46,46,46,46,46,46,46,46,46,46,46,46,46,46,46,46,46,46,46,46,46,46,46,46,46,46,46,46,46,46,46,46,46,46,46,46,46,46,46,46,46,46,46,46,46,46,46,46,46,46,46,46,46,46,46,46,46,46,46,46,46,46,46,46,46,46,46,46,46,46,46,46,46,46,46,46,46,46,46,46,46,46,46,46,46,46,46,46,46,46,46,46,46,46,46,46,46,46,46,46,46,46,46,46,46,46,46,46,46,46,46,46,46,46,46,46,46,46,46,46,46,46,46,46,46,46,46,46,46,46,46,46,46,46,46,46,46,46,46,46,46,46,46,46,46,46,46,46,46,46,46,46,46,46,46,46,46,46,46,46,46,46,46,46,46,46,46,46,46,46,46,46,46,46,46,46,46,46,46,46,46,46,46,46,46,46,46,46,46,46,46,46,46,46,46,
47,47,47,47,47,47,47,47,47,47,47,47,47,47,47,47,47,47,47,47,47,47,47,47,47,47,47,47,47,47,47,47,47,47,47,47,47,47,47,47,47,47,47,47,47,47,47,47,47,47,47,47,47,47,47,47,47,47,47,47,47,47,47,47,47,47,47,47,47,47,47,47,47,47,47,47,47,47,47,47,47,47,47,47,47,47,47,47,47,47,47,47,47,47,47,47,47,47,47,47,47,47,47,47,47,47,47,47,47,47,47,47,47,47,47,47,47,47,47,47,47,47,47,47,47,47,47,47,47,47,47,47,47,47,47,47,47,47,47,47,47,47,47,47,47,47,47,47,47,47,47,47,47,47,47,47,47,47,47,47,47,47,47,47,47,47,47,47,47,47,47,47,47,47,47,47,47,47,47,47,47,47,47,47,47,47,47,47,47,47,47,47,47,47,47,47,47,47,47,47,47,
48,48,48,48,48,48,48,48,48,48,48,48,48,48,48,48,48,48,48,48,48,48,48,48,48,48,48,48,48,48,48,48,48,48,48,48,48,48,48,48,48,48,48,48,48,48,48,48,48,48,48,48,48,48,48,48,48,48,48,48,48,48,48,48,48,48,48,48,48,48,48,48,48,48,48,48,48,48,48,48,48,48,48,48,48,48,48,48,48,48,48,48,48,48,48,48,48,48,48,48,48,48,48,48,48,48,48,48,48,48,48,48,48,48,48,48,48,48,48,48,48,48,48,48,48,48,48,48,48,48,48,48,48,48,48,48,48,48,48,48,48,48,48,48,48,48,48,48,48,48,48,48,48,48,48,48,48,48,48,48,48,48,48,48,48,48,48,48,48,48,48,48,48,48,48,48,48,48,48,48,48,48,48,48,48,48,48,48,48,48,48,48,48,48,48,48,48,48,48,48,48,
49,49,49,49,49,49,49,49,49,49,49,49,49,49,49,49,49,49,49,49,49,49,49,49,49,49,49,49,49,49,49,49,49,49,49,49,49,49,49,49,49,49,49,49,49,49,49,49,49,49,49,49,49,49,49,49,49,49,49,49,49,49,49,49,49,49,49,49,49,49,49,49,49,49,49,49,49,49,49,49,49,49,49,49,49,49,49,49,49,49,49,49,49,49,49,49,49,49,49,49,49,49,49,49,49,49,49,49,49,49,49,49,49,49,49,49,49,49,49,49,49,49,49,49,49,49,49,49,49,49,49,49,49,49,49,49,49,49,49,49,49,49,49,49,49,49,49,49,49,49,49,49,49,49,49,49,49,49,49,49,49,49,49,49,49,49,49,49,49,49,49,49,49,49,49,49,49,49,49,49,49,49,49,49,49,49,49,49,49,49,49,49,49,49,49,49,49,49,49,49,49,
50,50,50,50,50,50,50,50,50,50,50,50,50,50,50,50,50,50,50,50,50,50,50,50,50,50,50,50,50,50,50,50,50,50,50,50,50,50,50,50,50,50,50,50,50,50,50,50,50,50,50,50,50,50,50,50,50,50,50,50,50,50,50,50,50,50,50,50,50,50,50,50,50,50,50,50,50,50,50,50,50,50,50,50,50,50,50,50,50,50,50,50,50,50,50,50,50,50,50,50,50,50,50,50,50,50,50,50,50,50,50,50,50,50,50,50,50,50,50,50,50,50,50,50,50,50,50,50,50,50,50,50,50,50,50,50,50,50,50,50,50,50,50,50,50,50,50,50,50,50,50,50,50,50,50,50,50,50,50,50,50,50,50,50,50,50,50,50,50,50,50,50,50,50,50,50,50,50,50,50,50,50,50,50,50,50,50,50,50,50,50,50,50,50,50,50,50,50,50,50,50,
51,51,51,51,51,51,51,51,51,51,51,51,51,51,51,51,51,51,51,51,51,51,51,51,51,51,51,51,51,51,51,51,51,51,51,51,51,51,51,51,51,51,51,51,51,51,51,51,51,51,51,51,51,51,51,51,51,51,51,51,51,51,51,51,51,51,51,51,51,51,51,51,51,51,51,51,51,51,51,51,51,51,51,51,51,51,51,51,51,51,51,51,51,51,51,51,51,51,51,51,51,51,51,51,51,51,51,51,51,51,51,51,51,51,51,51,51,51,51,51,51,51,51,51,51,51,51,51,51,51,51,51,51,51,51,51,51,51,51,51,51,51,51,51,51,51,51,51,51,51,51,51,51,51,51,51,51,51,51,51,51,51,51,51,51,51,51,51,51,51,51,51,51,51,51,51,51,51,51,51,51,51,51,51,51,51,51,51,51,51,51,51,51,51,51,51,51,51,51,51,51,
52,52,52,52,52,52,52,52,52,52,52,52,52,52,52,52,52,52,52,52,52,52,52,52,52,52,52,52,52,52,52,52,52,52,52,52,52,52,52,52,52,52,52,52,52,52,52,52,52,52,52,52,52,52,52,52,52,52,52,52,52,52,52,52,52,52,52,52,52,52,52,52,52,52,52,52,52,52,52,52,52,52,52,52,52,52,52,52,52,52,52,52,52,52,52,52,52,52,52,52,52,52,52,52,52,52,52,52,52,52,52,52,52,52,52,52,52,52,52,52,52,52,52,52,52,52,52,52,52,52,52,52,52,52,52,52,52,52,52,52,52,52,52,52,52,52,52,52,52,52,52,52,52,52,52,52,52,52,52,52,52,52,52,52,52,52,52,52,52,52,52,52,52,52,52,52,52,52,52,52,52,52,52,52,52,52,52,52,52,52,52,52,52,52,52,52,52,52,52,52,52,
53,53,53,53,53,53,53,53,53,53,53,53,53,53,53,53,53,53,53,53,53,53,53,53,53,53,53,53,53,53,53,53,53,53,53,53,53,53,53,53,53,53,53,53,53,53,53,53,53,53,53,53,53,53,53,53,53,53,53,53,53,53,53,53,53,53,53,53,53,53,53,53,53,53,53,53,53,53,53,53,53,53,53,53,53,53,53,53,53,53,53,53,53,53,53,53,53,53,53,53,53,53,53,53,53,53,53,53,53,53,53,53,53,53,53,53,53,53,53,53,53,53,53,53,53,53,53,53,53,53,53,53,53,53,53,53,53,53,53,53,53,53,53,53,53,53,53,53,53,53,53,53,53,53,53,53,53,53,53,53,53,53,53,53,53,53,53,53,53,53,53,53,53,53,53,53,53,53,53,53,53,53,53,53,53,53,53,53,53,53,53,53,53,53,53,53,53,53,53,53,53,
54,54,54,54,54,54,54,54,54,54,54,54,54,54,54,54,54,54,54,54,54,54,54,54,54,54,54,54,54,54,54,54,54,54,54,54,54,54,54,54,54,54,54,54,54,54,54,54,54,54,54,54,54,54,54,54,54,54,54,54,54,54,54,54,54,54,54,54,54,54,54,54,54,54,54,54,54,54,54,54,54,54,54,54,54,54,54,54,54,54,54,54,54,54,54,54,54,54,54,54,54,54,54,54,54,54,54,54,54,54,54,54,54,54,54,54,54,54,54,54,54,54,54,54,54,54,54,54,54,54,54,54,54,54,54,54,54,54,54,54,54,54,54,54,54,54,54,54,54,54,54,54,54,54,54,54,54,54,54,54,54,54,54,54,54,54,54,54,54,54,54,54,54,54,54,54,54,54,54,54,54,54,54,54,54,54,54,54,54,54,54,54,54,54,54,54,54,54,54,54,54,
55,55,55,55,55,55,55,55,55,55,55,55,55,55,55,55,55,55,55,55,55,55,55,55,55,55,55,55,55,55,55,55,55,55,55,55,55,55,55,55,55,55,55,55,55,55,55,55,55,55,55,55,55,55,55,55,55,55,55,55,55,55,55,55,55,55,55,55,55,55,55,55,55,55,55,55,55,55,55,55,55,55,55,55,55,55,55,55,55,55,55,55,55,55,55,55,55,55,55,55,55,55,55,55,55,55,55,55,55,55,55,55,55,55,55,55,55,55,55,55,55,55,55,55,55,55,55,55,55,55,55,55,55,55,55,55,55,55,55,55,55,55,55,55,55,55,55,55,55,55,55,55,55,55,55,55,55,55,55,55,55,55,55,55,55,55,55,55,55,55,55,55,55,55,55,55,55,55,55,55,55,55,55,55,55,55,55,55,55,55,55,55,55,55,55,55,55,55,55,55,55,
56,56,56,56,56,56,56,56,56,56,56,56,56,56,56,56,56,56,56,56,56,56,56,56,56,56,56,56,56,56,56,56,56,56,56,56,56,56,56,56,56,56,56,56,56,56,56,56,56,56,56,56,56,56,56,56,56,56,56,56,56,56,56,56,56,56,56,56,56,56,56,56,56,56,56,56,56,56,56,56,56,56,56,56,56,56,56,56,56,56,56,56,56,56,56,56,56,56,56,56,56,56,56,56,56,56,56,56,56,56,56,56,56,56,56,56,56,56,56,56,56,56,56,56,56,56,56,56,56,56,56,56,56,56,56,56,56,56,56,56,56,56,56,56,56,56,56,56,56,56,56,56,56,56,56,56,56,56,56,56,56,56,56,56,56,56,56,56,56,56,56,56,56,56,56,56,56,56,56,56,56,56,56,56,56,56,56,56,56,56,56,56,56,56,56,56,56,56,56,56,56,
57,57,57,57,57,57,57,57,57,57,57,57,57,57,57,57,57,57,57,57,57,57,57,57,57,57,57,57,57,57,57,57,57,57,57,57,57,57,57,57,57,57,57,57,57,57,57,57,57,57,57,57,57,57,57,57,57,57,57,57,57,57,57,57,57,57,57,57,57,57,57,57,57,57,57,57,57,57,57,57,57,57,57,57,57,57,57,57,57,57,57,57,57,57,57,57,57,57,57,57,57,57,57,57,57,57,57,57,57,57,57,57,57,57,57,57,57,57,57,57,57,57,57,57,57,57,57,57,57,57,57,57,57,57,57,57,57,57,57,57,57,57,57,57,57,57,57,57,57,57,57,57,57,57,57,57,57,57,57,57,57,57,57,57,57,57,57,57,57,57,57,57,57,57,57,57,57,57,57,57,57,57,57,57,57,57,57,57,57,57,57,57,57,57,57,57,57,57,57,57,57,
58,58,58,58,58,58,58,58,58,58,58,58,58,58,58,58,58,58,58,58,58,58,58,58,58,58,58,58,58,58,58,58,58,58,58,58,58,58,58,58,58,58,58,58,58,58,58,58,58,58,58,58,58,58,58,58,58,58,58,58,58,58,58,58,58,58,58,58,58,58,58,58,58,58,58,58,58,58,58,58,58,58,58,58,58,58,58,58,58,58,58,58,58,58,58,58,58,58,58,58,58,58,58,58,58,58,58,58,58,58,58,58,58,58,58,58,58,58,58,58,58,58,58,58,58,58,58,58,58,58,58,58,58,58,58,58,58,58,58,58,58,58,58,58,58,58,58,58,58,58,58,58,58,58,58,58,58,58,58,58,58,58,58,58,58,58,58,58,58,58,58,58,58,58,58,58,58,58,58,58,58,58,58,58,58,58,58,58,58,58,58,58,58,58,58,58,58,58,58,58,58,
59,59,59,59,59,59,59,59,59,59,59,59,59,59,59,59,59,59,59,59,59,59,59,59,59,59,59,59,59,59,59,59,59,59,59,59,59,59,59,59,59,59,59,59,59,59,59,59,59,59,59,59,59,59,59,59,59,59,59,59,59,59,59,59,59,59,59,59,59,59,59,59,59,59,59,59,59,59,59,59,59,59,59,59,59,59,59,59,59,59,59,59,59,59,59,59,59,59,59,59,59,59,59,59,59,59,59,59,59,59,59,59,59,59,59,59,59,59,59,59,59,59,59,59,59,59,59,59,59,59,59,59,59,59,59,59,59,59,59,59,59,59,59,59,59,59,59,59,59,59,59,59,59,59,59,59,59,59,59,59,59,59,59,59,59,59,59,59,59,59,59,59,59,59,59,59,59,59,59,59,59,59,59,59,59,59,59,59,59,59,59,59,59,59,59,59,59,59,59,59,59,
60,60,60,60,60,60,60,60,60,60,60,60,60,60,60,60,60,60,60,60,60,60,60,60,60,60,60,60,60,60,60,60,60,60,60,60,60,60,60,60,60,60,60,60,60,60,60,60,60,60,60,60,60,60,60,60,60,60,60,60,60,60,60,60,60,60,60,60,60,60,60,60,60,60,60,60,60,60,60,60,60,60,60,60,60,60,60,60,60,60,60,60,60,60,60,60,60,60,60,60,60,60,60,60,60,60,60,60,60,60,60,60,60,60,60,60,60,60,60,60,60,60,60,60,60,60,60,60,60,60,60,60,60,60,60,60,60,60,60,60,60,60,60,60,60,60,60,60,60,60,60,60,60,60,60,60,60,60,60,60,60,60,60,60,60,60,60,60,60,60,60,60,60,60,60,60,60,60,60,60,60,60,60,60,60,60,60,60,60,60,60,60,60,60,60,60,60,60,60,60,60,
61,61,61,61,61,61,61,61,61,61,61,61,61,61,61,61,61,61,61,61,61,61,61,61,61,61,61,61,61,61,61,61,61,61,61,61,61,61,61,61,61,61,61,61,61,61,61,61,61,61,61,61,61,61,61,61,61,61,61,61,61,61,61,61,61,61,61,61,61,61,61,61,61,61,61,61,61,61,61,61,61,61,61,61,61,61,61,61,61,61,61,61,61,61,61,61,61,61,61,61,61,61,61,61,61,61,61,61,61,61,61,61,61,61,61,61,61,61,61,61,61,61,61,61,61,61,61,61,61,61,61,61,61,61,61,61,61,61,61,61,61,61,61,61,61,61,61,61,61,61,61,61,61,61,61,61,61,61,61,61,61,61,61,61,61,61,61,61,61,61,61,61,61,61,61,61,61,61,61,61,61,61,61,61,61,61,61,61,61,61,61,61,61,61,61,61,61,61,61,61,61,
62,62,62,62,62,62,62,62,62,62,62,62,62,62,62,62,62,62,62,62,62,62,62,62,62,62,62,62,62,62,62,62,62,62,62,62,62,62,62,62,62,62,62,62,62,62,62,62,62,62,62,62,62,62,62,62,62,62,62,62,62,62,62,62,62,62,62,62,62,62,62,62,62,62,62,62,62,62,62,62,62,62,62,62,62,62,62,62,62,62,62,62,62,62,62,62,62,62,62,62,62,62,62,62,62,62,62,62,62,62,62,62,62,62,62,62,62,62,62,62,62,62,62,62,62,62,62,62,62,62,62,62,62,62,62,62,62,62,62,62,62,62,62,62,62,62,62,62,62,62,62,62,62,62,62,62,62,62,62,62,62,62,62,62,62,62,62,62,62,62,62,62,62,62,62,62,62,62,62,62,62,62,62,62,62,62,62,62,62,62,62,62,62,62,62,62,62,62,62,62,62,
63,63,63,63,63,63,63,63,63,63,63,63,63,63,63,63,63,63,63,63,63,63,63,63,63,63,63,63,63,63,63,63,63,63,63,63,63,63,63,63,63,63,63,63,63,63,63,63,63,63,63,63,63,63,63,63,63,63,63,63,63,63,63,63,63,63,63,63,63,63,63,63,63,63,63,63,63,63,63,63,63,63,63,63,63,63,63,63,63,63,63,63,63,63,63,63,63,63,63,63,63,63,63,63,63,63,63,63,63,63,63,63,63,63,63,63,63,63,63,63,63,63,63,63,63,63,63,63,63,63,63,63,63,63,63,63,63,63,63,63,63,63,63,63,63,63,63,63,63,63,63,63,63,63,63,63,63,63,63,63,63,63,63,63,63,63,63,63,63,63,63,63,63,63,63,63,63,63,63,63,63,63,63,63,63,63,63,63,63,63,63,63,63,63,63,63,63,63,63,63,63,
64,64,64,64,64,64,64,64,64,64,64,64,64,64,64,64,64,64,64,64,64,64,64,64,64,64,64,64,64,64,64,64,64,64,64,64,64,64,64,64,64,64,64,64,64,64,64,64,64,64,64,64,64,64,64,64,64,64,64,64,64,64,64,64,64,64,64,64,64,64,64,64,64,64,64,64,64,64,64,64,64,64,64,64,64,64,64,64,64,64,64,64,64,64,64,64,64,64,64,64,64,64,64,64,64,64,64,64,64,64,64,64,64,64,64,64,64,64,64,64,64,64,64,64,64,64,64,64,64,64,64,64,64,64,64,64,64,64,64,64,64,64,64,64,64,64,64,64,64,64,64,64,64,64,64,64,64,64,64,64,64,64,64,64,64,64,64,64,64,64,64,64,64,64,64,64,64,64,64,64,64,64,64,64,64,64,64,64,64,64,64,64,64,64,64,64,64,64,64,64,64,
65,65,65,65,65,65,65,65,65,65,65,65,65,65,65,65,65,65,65,65,65,65,65,65,65,65,65,65,65,65,65,65,65,65,65,65,65,65,65,65,65,65,65,65,65,65,65,65,65,65,65,65,65,65,65,65,65,65,65,65,65,65,65,65,65,65,65,65,65,65,65,65,65,65,65,65,65,65,65,65,65,65,65,65,65,65,65,65,65,65,65,65,65,65,65,65,65,65,65,65,65,65,65,65,65,65,65,65,65,65,65,65,65,65,65,65,65,65,65,65,65,65,65,65,65,65,65,65,65,65,65,65,65,65,65,65,65,65,65,65,65,65,65,65,65,65,65,65,65,65,65,65,65,65,65,65,65,65,65,65,65,65,65,65,65,65,65,65,65,65,65,65,65,65,65,65,65,65,65,65,65,65,65,65,65,65,65,65,65,65,65,65,65,65,65,65,65,65,65,65,65,
66,66,66,66,66,66,66,66,66,66,66,66,66,66,66,66,66,66,66,66,66,66,66,66,66,66,66,66,66,66,66,66,66,66,66,66,66,66,66,66,66,66,66,66,66,66,66,66,66,66,66,66,66,66,66,66,66,66,66,66,66,66,66,66,66,66,66,66,66,66,66,66,66,66,66,66,66,66,66,66,66,66,66,66,66,66,66,66,66,66,66,66,66,66,66,66,66,66,66,66,66,66,66,66,66,66,66,66,66,66,66,66,66,66,66,66,66,66,66,66,66,66,66,66,66,66,66,66,66,66,66,66,66,66,66,66,66,66,66,66,66,66,66,66,66,66,66,66,66,66,66,66,66,66,66,66,66,66,66,66,66,66,66,66,66,66,66,66,66,66,66,66,66,66,66,66,66,66,66,66,66,66,66,66,66,66,66,66,66,66,66,66,66,66,66,66,66,66,66,66,66,
67,67,67,67,67,67,67,67,67,67,67,67,67,67,67,67,67,67,67,67,67,67,67,67,67,67,67,67,67,67,67,67,67,67,67,67,67,67,67,67,67,67,67,67,67,67,67,67,67,67,67,67,67,67,67,67,67,67,67,67,67,67,67,67,67,67,67,67,67,67,67,67,67,67,67,67,67,67,67,67,67,67,67,67,67,67,67,67,67,67,67,67,67,67,67,67,67,67,67,67,67,67,67,67,67,67,67,67,67,67,67,67,67,67,67,67,67,67,67,67,67,67,67,67,67,67,67,67,67,67,67,67,67,67,67,67,67,67,67,67,67,67,67,67,67,67,67,67,67,67,67,67,67,67,67,67,67,67,67,67,67,67,67,67,67,67,67,67,67,67,67,67,67,67,67,67,67,67,67,67,67,67,67,67,67,67,67,67,67,67,67,67,67,67,67,67,67,67,67,67,67,
68,68,68,68,68,68,68,68,68,68,68,68,68,68,68,68,68,68,68,68,68,68,68,68,68,68,68,68,68,68,68,68,68,68,68,68,68,68,68,68,68,68,68,68,68,68,68,68,68,68,68,68,68,68,68,68,68,68,68,68,68,68,68,68,68,68,68,68,68,68,68,68,68,68,68,68,68,68,68,68,68,68,68,68,68,68,68,68,68,68,68,68,68,68,68,68,68,68,68,68,68,68,68,68,68,68,68,68,68,68,68,68,68,68,68,68,68,68,68,68,68,68,68,68,68,68,68,68,68,68,68,68,68,68,68,68,68,68,68,68,68,68,68,68,68,68,68,68,68,68,68,68,68,68,68,68,68,68,68,68,68,68,68,68,68,68,68,68,68,68,68,68,68,68,68,68,68,68,68,68,68,68,68,68,68,68,68,68,68,68,68,68,68,68,68,68,68,68,68,68,68,
69,69,69,69,69,69,69,69,69,69,69,69,69,69,69,69,69,69,69,69,69,69,69,69,69,69,69,69,69,69,69,69,69,69,69,69,69,69,69,69,69,69,69,69,69,69,69,69,69,69,69,69,69,69,69,69,69,69,69,69,69,69,69,69,69,69,69,69,69,69,69,69,69,69,69,69,69,69,69,69,69,69,69,69,69,69,69,69,69,69,69,69,69,69,69,69,69,69,69,69,69,69,69,69,69,69,69,69,69,69,69,69,69,69,69,69,69,69,69,69,69,69,69,69,69,69,69,69,69,69,69,69,69,69,69,69,69,69,69,69,69,69,69,69,69,69,69,69,69,69,69,69,69,69,69,69,69,69,69,69,69,69,69,69,69,69,69,69,69,69,69,69,69,69,69,69,69,69,69,69,69,69,69,69,69,69,69,69,69,69,69,69,69,69,69,69,69,69,69,69,69,
70,70,70,70,70,70,70,70,70,70,70,70,70,70,70,70,70,70,70,70,70,70,70,70,70,70,70,70,70,70,70,70,70,70,70,70,70,70,70,70,70,70,70,70,70,70,70,70,70,70,70,70,70,70,70,70,70,70,70,70,70,70,70,70,70,70,70,70,70,70,70,70,70,70,70,70,70,70,70,70,70,70,70,70,70,70,70,70,70,70,70,70,70,70,70,70,70,70,70,70,70,70,70,70,70,70,70,70,70,70,70,70,70,70,70,70,70,70,70,70,70,70,70,70,70,70,70,70,70,70,70,70,70,70,70,70,70,70,70,70,70,70,70,70,70,70,70,70,70,70,70,70,70,70,70,70,70,70,70,70,70,70,70,70,70,70,70,70,70,70,70,70,70,70,70,70,70,70,70,70,70,70,70,70,70,70,70,70,70,70,70,70,70,70,70,70,70,70,70,70,70,
71,71,71,71,71,71,71,71,71,71,71,71,71,71,71,71,71,71,71,71,71,71,71,71,71,71,71,71,71,71,71,71,71,71,71,71,71,71,71,71,71,71,71,71,71,71,71,71,71,71,71,71,71,71,71,71,71,71,71,71,71,71,71,71,71,71,71,71,71,71,71,71,71,71,71,71,71,71,71,71,71,71,71,71,71,71,71,71,71,71,71,71,71,71,71,71,71,71,71,71,71,71,71,71,71,71,71,71,71,71,71,71,71,71,71,71,71,71,71,71,71,71,71,71,71,71,71,71,71,71,71,71,71,71,71,71,71,71,71,71,71,71,71,71,71,71,71,71,71,71,71,71,71,71,71,71,71,71,71,71,71,71,71,71,71,71,71,71,71,71,71,71,71,71,71,71,71,71,71,71,71,71,71,71,71,71,71,71,71,71,71,71,71,71,71,71,71,71,71,71,71,
72,72,72,72,72,72,72,72,72,72,72,72,72,72,72,72,72,72,72,72,72,72,72,72,72,72,72,72,72,72,72,72,72,72,72,72,72,72,72,72,72,72,72,72,72,72,72,72,72,72,72,72,72,72,72,72,72,72,72,72,72,72,72,72,72,72,72,72,72,72,72,72,72,72,72,72,72,72,72,72,72,72,72,72,72,72,72,72,72,72,72,72,72,72,72,72,72,72,72,72,72,72,72,72,72,72,72,72,72,72,72,72,72,72,72,72,72,72,72,72,72,72,72,72,72,72,72,72,72,72,72,72,72,72,72,72,72,72,72,72,72,72,72,72,72,72,72,72,72,72,72,72,72,72,72,72,72,72,72,72,72,72,72,72,72,72,72,72,72,72,72,72,72,72,72,72,72,72,72,72,72,72,72,72,72,72,72,72,72,72,72,72,72,72,72,72,72,72,72,72,72,
73,73,73,73,73,73,73,73,73,73,73,73,73,73,73,73,73,73,73,73,73,73,73,73,73,73,73,73,73,73,73,73,73,73,73,73,73,73,73,73,73,73,73,73,73,73,73,73,73,73,73,73,73,73,73,73,73,73,73,73,73,73,73,73,73,73,73,73,73,73,73,73,73,73,73,73,73,73,73,73,73,73,73,73,73,73,73,73,73,73,73,73,73,73,73,73,73,73,73,73,73,73,73,73,73,73,73,73,73,73,73,73,73,73,73,73,73,73,73,73,73,73,73,73,73,73,73,73,73,73,73,73,73,73,73,73,73,73,73,73,73,73,73,73,73,73,73,73,73,73,73,73,73,73,73,73,73,73,73,73,73,73,73,73,73,73,73,73,73,73,73,73,73,73,73,73,73,73,73,73,73,73,73,73,73,73,73,73,73,73,73,73,73,73,73,73,73,73,73,73,73,
74,74,74,74,74,74,74,74,74,74,74,74,74,74,74,74,74,74,74,74,74,74,74,74,74,74,74,74,74,74,74,74,74,74,74,74,74,74,74,74,74,74,74,74,74,74,74,74,74,74,74,74,74,74,74,74,74,74,74,74,74,74,74,74,74,74,74,74,74,74,74,74,74,74,74,74,74,74,74,74,74,74,74,74,74,74,74,74,74,74,74,74,74,74,74,74,74,74,74,74,74,74,74,74,74,74,74,74,74,74,74,74,74,74,74,74,74,74,74,74,74,74,74,74,74,74,74,74,74,74,74,74,74,74,74,74,74,74,74,74,74,74,74,74,74,74,74,74,74,74,74,74,74,74,74,74,74,74,74,74,74,74,74,74,74,74,74,74,74,74,74,74,74,74,74,74,74,74,74,74,74,74,74,74,74,74,74,74,74,74,74,74,74,74,74,74,74,74,74,74,74,
75,75,75,75,75,75,75,75,75,75,75,75,75,75,75,75,75,75,75,75,75,75,75,75,75,75,75,75,75,75,75,75,75,75,75,75,75,75,75,75,75,75,75,75,75,75,75,75,75,75,75,75,75,75,75,75,75,75,75,75,75,75,75,75,75,75,75,75,75,75,75,75,75,75,75,75,75,75,75,75,75,75,75,75,75,75,75,75,75,75,75,75,75,75,75,75,75,75,75,75,75,75,75,75,75,75,75,75,75,75,75,75,75,75,75,75,75,75,75,75,75,75,75,75,75,75,75,75,75,75,75,75,75,75,75,75,75,75,75,75,75,75,75,75,75,75,75,75,75,75,75,75,75,75,75,75,75,75,75,75,75,75,75,75,75,75,75,75,75,75,75,75,75,75,75,75,75,75,75,75,75,75,75,75,75,75,75,75,75,75,75,75,75,75,75,75,75,75,75,75,75,
76,76,76,76,76,76,76,76,76,76,76,76,76,76,76,76,76,76,76,76,76,76,76,76,76,76,76,76,76,76,76,76,76,76,76,76,76,76,76,76,76,76,76,76,76,76,76,76,76,76,76,76,76,76,76,76,76,76,76,76,76,76,76,76,76,76,76,76,76,76,76,76,76,76,76,76,76,76,76,76,76,76,76,76,76,76,76,76,76,76,76,76,76,76,76,76,76,76,76,76,76,76,76,76,76,76,76,76,76,76,76,76,76,76,76,76,76,76,76,76,76,76,76,76,76,76,76,76,76,76,76,76,76,76,76,76,76,76,76,76,76,76,76,76,76,76,76,76,76,76,76,76,76,76,76,76,76,76,76,76,76,76,76,76,76,76,76,76,76,76,76,76,76,76,76,76,76,76,76,76,76,76,76,76,76,76,76,76,76,76,76,76,76,76,76,76,76,76,76,76,76,
77,77,77,77,77,77,77,77,77,77,77,77,77,77,77,77,77,77,77,77,77,77,77,77,77,77,77,77,77,77,77,77,77,77,77,77,77,77,77,77,77,77,77,77,77,77,77,77,77,77,77,77,77,77,77,77,77,77,77,77,77,77,77,77,77,77,77,77,77,77,77,77,77,77,77,77,77,77,77,77,77,77,77,77,77,77,77,77,77,77,77,77,77,77,77,77,77,77,77,77,77,77,77,77,77,77,77,77,77,77,77,77,77,77,77,77,77,77,77,77,77,77,77,77,77,77,77,77,77,77,77,77,77,77,77,77,77,77,77,77,77,77,77,77,77,77,77,77,77,77,77,77,77,77,77,77,77,77,77,77,77,77,77,77,77,77,77,77,77,77,77,77,77,77,77,77,77,77,77,77,77,77,77,77,77,77,77,77,77,77,77,77,77,77,77,77,77,77,77,77,77,
78,78,78,78,78,78,78,78,78,78,78,78,78,78,78,78,78,78,78,78,78,78,78,78,78,78,78,78,78,78,78,78,78,78,78,78,78,78,78,78,78,78,78,78,78,78,78,78,78,78,78,78,78,78,78,78,78,78,78,78,78,78,78,78,78,78,78,78,78,78,78,78,78,78,78,78,78,78,78,78,78,78,78,78,78,78,78,78,78,78,78,78,78,78,78,78,78,78,78,78,78,78,78,78,78,78,78,78,78,78,78,78,78,78,78,78,78,78,78,78,78,78,78,78,78,78,78,78,78,78,78,78,78,78,78,78,78,78,78,78,78,78,78,78,78,78,78,78,78,78,78,78,78,78,78,78,78,78,78,78,78,78,78,78,78,78,78,78,78,78,78,78,78,78,78,78,78,78,78,78,78,78,78,78,78,78,78,78,78,78,78,78,78,78,78,78,78,78,78,78,78,
79,79,79,79,79,79,79,79,79,79,79,79,79,79,79,79,79,79,79,79,79,79,79,79,79,79,79,79,79,79,79,79,79,79,79,79,79,79,79,79,79,79,79,79,79,79,79,79,79,79,79,79,79,79,79,79,79,79,79,79,79,79,79,79,79,79,79,79,79,79,79,79,79,79,79,79,79,79,79,79,79,79,79,79,79,79,79,79,79,79,79,79,79,79,79,79,79,79,79,79,79,79,79,79,79,79,79,79,79,79,79,79,79,79,79,79,79,79,79,79,79,79,79,79,79,79,79,79,79,79,79,79,79,79,79,79,79,79,79,79,79,79,79,79,79,79,79,79,79,79,79,79,79,79,79,79,79,79,79,79,79,79,79,79,79,79,79,79,79,79,79,79,79,79,79,79,79,79,79,79,79,79,79,79,79,79,79,79,79,79,79,79,79,79,79,79,79,79,79,79,79,
80,80,80,80,80,80,80,80,80,80,80,80,80,80,80,80,80,80,80,80,80,80,80,80,80,80,80,80,80,80,80,80,80,80,80,80,80,80,80,80,80,80,80,80,80,80,80,80,80,80,80,80,80,80,80,80,80,80,80,80,80,80,80,80,80,80,80,80,80,80,80,80,80,80,80,80,80,80,80,80,80,80,80,80,80,80,80,80,80,80,80,80,80,80,80,80,80,80,80,80,80,80,80,80,80,80,80,80,80,80,80,80,80,80,80,80,80,80,80,80,80,80,80,80,80,80,80,80,80,80,80,80,80,80,80,80,80,80,80,80,80,80,80,80,80,80,80,80,80,80,80,80,80,80,80,80,80,80,80,80,80,80,80,80,80,80,80,80,80,80,80,80,80,80,80,80,80,80,80,80,80,80,80,80,80,80,80,80,80,80,80,80,80,80,80,80,80,80,80,80,80,
81,81,81,81,81,81,81,81,81,81,81,81,81,81,81,81,81,81,81,81,81,81,81,81,81,81,81,81,81,81,81,81,81,81,81,81,81,81,81,81,81,81,81,81,81,81,81,81,81,81,81,81,81,81,81,81,81,81,81,81,81,81,81,81,81,81,81,81,81,81,81,81,81,81,81,81,81,81,81,81,81,81,81,81,81,81,81,81,81,81,81,81,81,81,81,81,81,81,81,81,81,81,81,81,81,81,81,81,81,81,81,81,81,81,81,81,81,81,81,81,81,81,81,81,81,81,81,81,81,81,81,81,81,81,81,81,81,81,81,81,81,81,81,81,81,81,81,81,81,81,81,81,81,81,81,81,81,81,81,81,81,81,81,81,81,81,81,81,81,81,81,81,81,81,81,81,81,81,81,81,81,81,81,81,81,81,81,81,81,81,81,81,81,81,81,81,81,81,81,81,81,
82,82,82,82,82,82,82,82,82,82,82,82,82,82,82,82,82,82,82,82,82,82,82,82,82,82,82,82,82,82,82,82,82,82,82,82,82,82,82,82,82,82,82,82,82,82,82,82,82,82,82,82,82,82,82,82,82,82,82,82,82,82,82,82,82,82,82,82,82,82,82,82,82,82,82,82,82,82,82,82,82,82,82,82,82,82,82,82,82,82,82,82,82,82,82,82,82,82,82,82,82,82,82,82,82,82,82,82,82,82,82,82,82,82,82,82,82,82,82,82,82,82,82,82,82,82,82,82,82,82,82,82,82,82,82,82,82,82,82,82,82,82,82,82,82,82,82,82,82,82,82,82,82,82,82,82,82,82,82,82,82,82,82,82,82,82,82,82,82,82,82,82,82,82,82,82,82,82,82,82,82,82,82,82,82,82,82,82,82,82,82,82,82,82,82,82,82,82,82,82,82,
83,83,83,83,83,83,83,83,83,83,83,83,83,83,83,83,83,83,83,83,83,83,83,83,83,83,83,83,83,83,83,83,83,83,83,83,83,83,83,83,83,83,83,83,83,83,83,83,83,83,83,83,83,83,83,83,83,83,83,83,83,83,83,83,83,83,83,83,83,83,83,83,83,83,83,83,83,83,83,83,83,83,83,83,83,83,83,83,83,83,83,83,83,83,83,83,83,83,83,83,83,83,83,83,83,83,83,83,83,83,83,83,83,83,83,83,83,83,83,83,83,83,83,83,83,83,83,83,83,83,83,83,83,83,83,83,83,83,83,83,83,83,83,83,83,83,83,83,83,83,83,83,83,83,83,83,83,83,83,83,83,83,83,83,83,83,83,83,83,83,83,83,83,83,83,83,83,83,83,83,83,83,83,83,83,83,83,83,83,83,83,83,83,83,83,83,83,83,83,83,83,
84,84,84,84,84,84,84,84,84,84,84,84,84,84,84,84,84,84,84,84,84,84,84,84,84,84,84,84,84,84,84,84,84,84,84,84,84,84,84,84,84,84,84,84,84,84,84,84,84,84,84,84,84,84,84,84,84,84,84,84,84,84,84,84,84,84,84,84,84,84,84,84,84,84,84,84,84,84,84,84,84,84,84,84,84,84,84,84,84,84,84,84,84,84,84,84,84,84,84,84,84,84,84,84,84,84,84,84,84,84,84,84,84,84,84,84,84,84,84,84,84,84,84,84,84,84,84,84,84,84,84,84,84,84,84,84,84,84,84,84,84,84,84,84,84,84,84,84,84,84,84,84,84,84,84,84,84,84,84,84,84,84,84,84,84,84,84,84,84,84,84,84,84,84,84,84,84,84,84,84,84,84,84,84,84,84,84,84,84,84,84,84,84,84,84,84,84,84,84,84,84,
85,85,85,85,85,85,85,85,85,85,85,85,85,85,85,85,85,85,85,85,85,85,85,85,85,85,85,85,85,85,85,85,85,85,85,85,85,85,85,85,85,85,85,85,85,85,85,85,85,85,85,85,85,85,85,85,85,85,85,85,85,85,85,85,85,85,85,85,85,85,85,85,85,85,85,85,85,85,85,85,85,85,85,85,85,85,85,85,85,85,85,85,85,85,85,85,85,85,85,85,85,85,85,85,85,85,85,85,85,85,85,85,85,85,85,85,85,85,85,85,85,85,85,85,85,85,85,85,85,85,85,85,85,85,85,85,85,85,85,85,85,85,85,85,85,85,85,85,85,85,85,85,85,85,85,85,85,85,85,85,85,85,85,85,85,85,85,85,85,85,85,85,85,85,85,85,85,85,85,85,85,85,85,85,85,85,85,85,85,85,85,85,85,85,85,85,85,85,85,85,85,
86,86,86,86,86,86,86,86,86,86,86,86,86,86,86,86,86,86,86,86,86,86,86,86,86,86,86,86,86,86,86,86,86,86,86,86,86,86,86,86,86,86,86,86,86,86,86,86,86,86,86,86,86,86,86,86,86,86,86,86,86,86,86,86,86,86,86,86,86,86,86,86,86,86,86,86,86,86,86,86,86,86,86,86,86,86,86,86,86,86,86,86,86,86,86,86,86,86,86,86,86,86,86,86,86,86,86,86,86,86,86,86,86,86,86,86,86,86,86,86,86,86,86,86,86,86,86,86,86,86,86,86,86,86,86,86,86,86,86,86,86,86,86,86,86,86,86,86,86,86,86,86,86,86,86,86,86,86,86,86,86,86,86,86,86,86,86,86,86,86,86,86,86,86,86,86,86,86,86,86,86,86,86,86,86,86,86,86,86,86,86,86,86,86,86,86,86,86,86,86,86,
87,87,87,87,87,87,87,87,87,87,87,87,87,87,87,87,87,87,87,87,87,87,87,87,87,87,87,87,87,87,87,87,87,87,87,87,87,87,87,87,87,87,87,87,87,87,87,87,87,87,87,87,87,87,87,87,87,87,87,87,87,87,87,87,87,87,87,87,87,87,87,87,87,87,87,87,87,87,87,87,87,87,87,87,87,87,87,87,87,87,87,87,87,87,87,87,87,87,87,87,87,87,87,87,87,87,87,87,87,87,87,87,87,87,87,87,87,87,87,87,87,87,87,87,87,87,87,87,87,87,87,87,87,87,87,87,87,87,87,87,87,87,87,87,87,87,87,87,87,87,87,87,87,87,87,87,87,87,87,87,87,87,87,87,87,87,87,87,87,87,87,87,87,87,87,87,87,87,87,87,87,87,87,87,87,87,87,87,87,87,87,87,87,87,87,87,87,87,87,87,87,
88,88,88,88,88,88,88,88,88,88,88,88,88,88,88,88,88,88,88,88,88,88,88,88,88,88,88,88,88,88,88,88,88,88,88,88,88,88,88,88,88,88,88,88,88,88,88,88,88,88,88,88,88,88,88,88,88,88,88,88,88,88,88,88,88,88,88,88,88,88,88,88,88,88,88,88,88,88,88,88,88,88,88,88,88,88,88,88,88,88,88,88,88,88,88,88,88,88,88,88,88,88,88,88,88,88,88,88,88,88,88,88,88,88,88,88,88,88,88,88,88,88,88,88,88,88,88,88,88,88,88,88,88,88,88,88,88,88,88,88,88,88,88,88,88,88,88,88,88,88,88,88,88,88,88,88,88,88,88,88,88,88,88,88,88,88,88,88,88,88,88,88,88,88,88,88,88,88,88,88,88,88,88,88,88,88,88,88,88,88,88,88,88,88,88,88,88,88,88,88,88,
89,89,89,89,89,89,89,89,89,89,89,89,89,89,89,89,89,89,89,89,89,89,89,89,89,89,89,89,89,89,89,89,89,89,89,89,89,89,89,89,89,89,89,89,89,89,89,89,89,89,89,89,89,89,89,89,89,89,89,89,89,89,89,89,89,89,89,89,89,89,89,89,89,89,89,89,89,89,89,89,89,89,89,89,89,89,89,89,89,89,89,89,89,89,89,89,89,89,89,89,89,89,89,89,89,89,89,89,89,89,89,89,89,89,89,89,89,89,89,89,89,89,89,89,89,89,89,89,89,89,89,89,89,89,89,89,89,89,89,89,89,89,89,89,89,89,89,89,89,89,89,89,89,89,89,89,89,89,89,89,89,89,89,89,89,89,89,89,89,89,89,89,89,89,89,89,89,89,89,89,89,89,89,89,89,89,89,89,89,89,89,89,89,89,89,89,89,89,89,89,89,
90,90,90,90,90,90,90,90,90,90,90,90,90,90,90,90,90,90,90,90,90,90,90,90,90,90,90,90,90,90,90,90,90,90,90,90,90,90,90,90,90,90,90,90,90,90,90,90,90,90,90,90,90,90,90,90,90,90,90,90,90,90,90,90,90,90,90,90,90,90,90,90,90,90,90,90,90,90,90,90,90,90,90,90,90,90,90,90,90,90,90,90,90,90,90,90,90,90,90,90,90,90,90,90,90,90,90,90,90,90,90,90,90,90,90,90,90,90,90,90,90,90,90,90,90,90,90,90,90,90,90,90,90,90,90,90,90,90,90,90,90,90,90,90,90,90,90,90,90,90,90,90,90,90,90,90,90,90,90,90,90,90,90,90,90,90,90,90,90,90,90,90,90,90,90,90,90,90,90,90,90,90,90,90,90,90,90,90,90,90,90,90,90,90,90,90,90,90,90,90,90,
91,91,91,91,91,91,91,91,91,91,91,91,91,91,91,91,91,91,91,91,91,91,91,91,91,91,91,91,91,91,91,91,91,91,91,91,91,91,91,91,91,91,91,91,91,91,91,91,91,91,91,91,91,91,91,91,91,91,91,91,91,91,91,91,91,91,91,91,91,91,91,91,91,91,91,91,91,91,91,91,91,91,91,91,91,91,91,91,91,91,91,91,91,91,91,91,91,91,91,91,91,91,91,91,91,91,91,91,91,91,91,91,91,91,91,91,91,91,91,91,91,91,91,91,91,91,91,91,91,91,91,91,91,91,91,91,91,91,91,91,91,91,91,91,91,91,91,91,91,91,91,91,91,91,91,91,91,91,91,91,91,91,91,91,91,91,91,91,91,91,91,91,91,91,91,91,91,91,91,91,91,91,91,91,91,91,91,91,91,91,91,91,91,91,91,91,91,91,91,91,91,
92,92,92,92,92,92,92,92,92,92,92,92,92,92,92,92,92,92,92,92,92,92,92,92,92,92,92,92,92,92,92,92,92,92,92,92,92,92,92,92,92,92,92,92,92,92,92,92,92,92,92,92,92,92,92,92,92,92,92,92,92,92,92,92,92,92,92,92,92,92,92,92,92,92,92,92,92,92,92,92,92,92,92,92,92,92,92,92,92,92,92,92,92,92,92,92,92,92,92,92,92,92,92,92,92,92,92,92,92,92,92,92,92,92,92,92,92,92,92,92,92,92,92,92,92,92,92,92,92,92,92,92,92,92,92,92,92,92,92,92,92,92,92,92,92,92,92,92,92,92,92,92,92,92,92,92,92,92,92,92,92,92,92,92,92,92,92,92,92,92,92,92,92,92,92,92,92,92,92,92,92,92,92,92,92,92,92,92,92,92,92,92,92,92,92,92,92,92,92,92,92,
93,93,93,93,93,93,93,93,93,93,93,93,93,93,93,93,93,93,93,93,93,93,93,93,93,93,93,93,93,93,93,93,93,93,93,93,93,93,93,93,93,93,93,93,93,93,93,93,93,93,93,93,93,93,93,93,93,93,93,93,93,93,93,93,93,93,93,93,93,93,93,93,93,93,93,93,93,93,93,93,93,93,93,93,93,93,93,93,93,93,93,93,93,93,93,93,93,93,93,93,93,93,93,93,93,93,93,93,93,93,93,93,93,93,93,93,93,93,93,93,93,93,93,93,93,93,93,93,93,93,93,93,93,93,93,93,93,93,93,93,93,93,93,93,93,93,93,93,93,93,93,93,93,93,93,93,93,93,93,93,93,93,93,93,93,93,93,93,93,93,93,93,93,93,93,93,93,93,93,93,93,93,93,93,93,93,93,93,93,93,93,93,93,93,93,93,93,93,93,93,93,
94,94,94,94,94,94,94,94,94,94,94,94,94,94,94,94,94,94,94,94,94,94,94,94,94,94,94,94,94,94,94,94,94,94,94,94,94,94,94,94,94,94,94,94,94,94,94,94,94,94,94,94,94,94,94,94,94,94,94,94,94,94,94,94,94,94,94,94,94,94,94,94,94,94,94,94,94,94,94,94,94,94,94,94,94,94,94,94,94,94,94,94,94,94,94,94,94,94,94,94,94,94,94,94,94,94,94,94,94,94,94,94,94,94,94,94,94,94,94,94,94,94,94,94,94,94,94,94,94,94,94,94,94,94,94,94,94,94,94,94,94,94,94,94,94,94,94,94,94,94,94,94,94,94,94,94,94,94,94,94,94,94,94,94,94,94,94,94,94,94,94,94,94,94,94,94,94,94,94,94,94,94,94,94,94,94,94,94,94,94,94,94,94,94,94,94,94,94,94,94,94,
95,95,95,95,95,95,95,95,95,95,95,95,95,95,95,95,95,95,95,95,95,95,95,95,95,95,95,95,95,95,95,95,95,95,95,95,95,95,95,95,95,95,95,95,95,95,95,95,95,95,95,95,95,95,95,95,95,95,95,95,95,95,95,95,95,95,95,95,95,95,95,95,95,95,95,95,95,95,95,95,95,95,95,95,95,95,95,95,95,95,95,95,95,95,95,95,95,95,95,95,95,95,95,95,95,95,95,95,95,95,95,95,95,95,95,95,95,95,95,95,95,95,95,95,95,95,95,95,95,95,95,95,95,95,95,95,95,95,95,95,95,95,95,95,95,95,95,95,95,95,95,95,95,95,95,95,95,95,95,95,95,95,95,95,95,95,95,95,95,95,95,95,95,95,95,95,95,95,95,95,95,95,95,95,95,95,95,95,95,95,95,95,95,95,95,95,95,95,95,95,95,
96,96,96,96,96,96,96,96,96,96,96,96,96,96,96,96,96,96,96,96,96,96,96,96,96,96,96,96,96,96,96,96,96,96,96,96,96,96,96,96,96,96,96,96,96,96,96,96,96,96,96,96,96,96,96,96,96,96,96,96,96,96,96,96,96,96,96,96,96,96,96,96,96,96,96,96,96,96,96,96,96,96,96,96,96,96,96,96,96,96,96,96,96,96,96,96,96,96,96,96,96,96,96,96,96,96,96,96,96,96,96,96,96,96,96,96,96,96,96,96,96,96,96,96,96,96,96,96,96,96,96,96,96,96,96,96,96,96,96,96,96,96,96,96,96,96,96,96,96,96,96,96,96,96,96,96,96,96,96,96,96,96,96,96,96,96,96,96,96,96,96,96,96,96,96,96,96,96,96,96,96,96,96,96,96,96,96,96,96,96,96,96,96,96,96,96,96,96,96,96,96,
97,97,97,97,97,97,97,97,97,97,97,97,97,97,97,97,97,97,97,97,97,97,97,97,97,97,97,97,97,97,97,97,97,97,97,97,97,97,97,97,97,97,97,97,97,97,97,97,97,97,97,97,97,97,97,97,97,97,97,97,97,97,97,97,97,97,97,97,97,97,97,97,97,97,97,97,97,97,97,97,97,97,97,97,97,97,97,97,97,97,97,97,97,97,97,97,97,97,97,97,97,97,97,97,97,97,97,97,97,97,97,97,97,97,97,97,97,97,97,97,97,97,97,97,97,97,97,97,97,97,97,97,97,97,97,97,97,97,97,97,97,97,97,97,97,97,97,97,97,97,97,97,97,97,97,97,97,97,97,97,97,97,97,97,97,97,97,97,97,97,97,97,97,97,97,97,97,97,97,97,97,97,97,97,97,97,97,97,97,97,97,97,97,97,97,97,97,97,97,97,97,
98,98,98,98,98,98,98,98,98,98,98,98,98,98,98,98,98,98,98,98,98,98,98,98,98,98,98,98,98,98,98,98,98,98,98,98,98,98,98,98,98,98,98,98,98,98,98,98,98,98,98,98,98,98,98,98,98,98,98,98,98,98,98,98,98,98,98,98,98,98,98,98,98,98,98,98,98,98,98,98,98,98,98,98,98,98,98,98,98,98,98,98,98,98,98,98,98,98,98,98,98,98,98,98,98,98,98,98,98,98,98,98,98,98,98,98,98,98,98,98,98,98,98,98,98,98,98,98,98,98,98,98,98,98,98,98,98,98,98,98,98,98,98,98,98,98,98,98,98,98,98,98,98,98,98,98,98,98,98,98,98,98,98,98,98,98,98,98,98,98,98,98,98,98,98,98,98,98,98,98,98,98,98,98,98,98,98,98,98,98,98,98,98,98,98,98,98,98,98,98,98,
99,99,99,99,99,99,99,99,99,99,99,99,99,99,99,99,99,99,99,99,99,99,99,99,99,99,99,99,99,99,99,99,99,99,99,99,99,99,99,99,99,99,99,99,99,99,99,99,99,99,99,99,99,99,99,99,99,99,99,99,99,99,99,99,99,99,99,99,99,99,99,99,99,99,99,99,99,99,99,99,99,99,99,99,99,99,99,99,99,99,99,99,99,99,99,99,99,99,99,99,99,99,99,99,99,99,99,99,99,99,99,99,99,99,99,99,99,99,99,99,99,99,99,99,99,99,99,99,99,99,99,99,99,99,99,99,99,99,99,99,99,99,99,99,99,99,99,99,99,99,99,99,99,99,99,99,99,99,99,99,99,99,99,99,99,99,99,99,99,99,99,99,99,99,99,99,99,99,99,99,99,99,99,99,99,99,99,99,99,99,99,99,99,99,99,99,99,99,99,99,99,
100,0,0,0,0,0,0,0,0,0,0,0,0,0,0,0,0,0,0,0,0,0,0,0,0,0,0,0,0,0,0,0,0,0,0,0,0,0,0,0,0,0,0,0,0,0,0,0,0,0,0,0,0,0,0,0,0,0,0,0,0,0,0,0,0,0,0,0,0,0,0,0,0,0,0,0,0,0,0,0,0,0,0,0,0,0,0,0,0,0,0,0,0,0,0,0,0,0,0,0,0,0,0,0,0,0,0,0,0,0,0,0,0,0,0,0,0,0,0,0,0,0,0,0,0,0,0,0,0,0,0,0,0,0,0,0,0,0,0,0,0,0,0,0,0,0,0,0,0,0,0,0,0,0,0,0,0,0,0,0,0,0,0,0,0,0,0,0,0,0,0,0,0,0,0,0,0,0,0,0,0,0,0,0,0,0,0,0,0,0,0,0,0,0,0,0,0,0,0,0,0,
101,41,41,32,42,27,31,41,29,42,44,51,39,42,33,43,49,35,44,46,41,49,33,44,31,37,48,49,47,45,36,44,40,43,53,42,37,38,43,43,35,41,36,36,35,32,43,42,47,37,33,45,41,40,38,35,42,33,40,42,40,39,39,40,36,40,38,47,29,46,39,31,37,40,36,45,37,47,51,46,48,34,31,49,40,43,40,30,45,37,50,37,33,43,36,32,44,37,43,32,33,37,51,34,48,46,44,47,43,41,44,38,41,37,41,35,41,45,31,52,45,50,46,54,34,43,29,39,44,35,43,36,27,47,49,41,37,44,42,39,40,39,42,43,34,44,42,45,46,49,41,46,41,41,36,39,44,41,38,39,50,56,45,37,45,34,44,44,51,51,44,45,40,38,38,44,47,42,36,44,45,41,27,46,49,53,38,45,40,41,36,41,44,39,35,42,36,39,45,34,46,
102,42,42,33,43,28,32,42,30,43,45,52,40,43,34,44,50,36,45,47,42,50,34,45,32,38,49,50,48,46,37,45,41,44,54,43,38,39,44,44,36,42,37,37,36,33,44,43,48,38,34,46,42,41,39,36,43,34,41,43,41,40,40,41,37,41,39,48,30,47,40,32,38,41,37,46,38,48,52,47,49,35,32,50,41,44,41,31,46,38,51,38,34,44,37,33,45,38,44,33,34,38,52,35,49,47,45,48,44,42,45,39,42,38,42,36,42,46,32,53,46,51,47,55,35,44,30,40,45,36,44,37,28,48,50,42,38,45,43,40,41,40,43,44,35,45,43,46,47,50,42,47,42,42,37,40,45,42,39,40,51,57,46,38,46,35,45,45,52,52,45,46,41,39,39,45,48,43,37,45,46,42,28,47,50,54,39,46,41,42,37,42,45,40,36,43,37,40,46,35,47,
103,43,43,34,44,29,33,43,31,44,46,53,41,44,35,45,51,37,46,48,43,51,35,46,33,39,50,51,49,47,38,46,42,45,55,44,39,40,45,45,37,43,38,38,37,34,45,44,49,39,35,47,43,42,40,37,44,35,42,44,42,41,41,42,38,42,40,49,31,48,41,33,39,42,38,47,39,49,53,48,50,36,33,51,42,45,42,32,47,39,52,39,35,45,38,34,46,39,45,34,35,39,53,36,50,48,46,49,45,43,46,40,43,39,43,37,43,47,33,54,47,52,48,56,36,45,31,41,46,37,45,38,29,49,51,43,39,46,44,41,42,41,44,45,36,46,44,47,48,51,43,48,43,43,38,41,46,43,40,41,52,58,47,39,47,36,46,46,53,53,46,47,42,40,40,46,49,44,38,46,47,43,29,48,51,55,40,47,42,43,38,43,46,41,37,44,38,41,47,36,48,
104,44,44,35,45,30,34,44,32,45,47,54,42,45,36,46,52,38,47,49,44,52,36,47,34,40,51,52,50,48,39,47,43,46,56,45,40,41,46,46,38,44,39,39,38,35,46,45,50,40,36,48,44,43,41,38,45,36,43,45,43,42,42,43,39,43,41,50,32,49,42,34,40,43,39,48,40,50,54,49,51,37,34,52,43,46,43,33,48,40,53,40,36,46,39,35,47,40,46,35,36,40,54,37,51,49,47,50,46,44,47,41,44,40,44,38,44,48,34,55,48,53,49,57,37,46,32,42,47,38,46,39,30,50,52,44,40,47,45,42,43,42,45,46,37,47,45,48,49,52,44,49,44,44,39,42,47,44,41,42,53,59,48,40,48,37,47,47,54,54,47,48,43,41,41,47,50,45,39,47,48,44,30,49,52,56,41,48,43,44,39,44,47,42,38,45,39,42,48,37,49,
105,45,45,36,46,31,35,45,33,46,48,55,43,46,37,47,53,39,48,50,45,53,37,48,35,41,52,53,51,49,40,48,44,47,57,46,41,42,47,47,39,45,40,40,39,36,47,46,51,41,37,49,45,44,42,39,46,37,44,46,44,43,43,44,40,44,42,51,33,50,43,35,41,44,40,49,41,51,55,50,52,38,35,53,44,47,44,34,49,41,54,41,37,47,40,36,48,41,47,36,37,41,55,38,52,50,48,51,47,45,48,42,45,41,45,39,45,49,35,56,49,54,50,58,38,47,33,43,48,39,47,40,31,51,53,45,41,48,46,43,44,43,46,47,38,48,46,49,50,53,45,50,45,45,40,43,48,45,42,43,54,60,49,41,49,38,48,48,55,55,48,49,44,42,42,48,51,46,40,48,49,45,31,50,53,57,42,49,44,45,40,45,48,43,39,46,40,43,49,38,50,
106,46,46,37,47,32,36,46,34,47,49,56,44,47,38,48,54,40,49,51,46,54,38,49,36,42,53,54,52,50,41,49,45,48,58,47,42,43,48,48,40,46,41,41,40,37,48,47,52,42,38,50,46,45,43,40,47,38,45,47,45,44,44,45,41,45,43,52,34,51,44,36,42,45,41,50,42,52,56,51,53,39,36,54,45,48,45,35,50,42,55,42,38,48,41,37,49,42,48,37,38,42,56,39,53,51,49,52,48,46,49,43,46,42,46,40,46,50,36,57,50,55,51,59,39,48,34,44,49,40,48,41,32,52,54,46,42,49,47,44,45,44,47,48,39,49,47,50,51,54,46,51,46,46,41,44,49,46,43,44,55,61,50,42,50,39,49,49,56,56,49,50,45,43,43,49,52,47,41,49,50,46,32,51,54,58,43,50,45,46,41,46,49,44,40,47,41,44,50,39,51,
107,47,47,38,48,33,37,47,35,48,50,57,45,48,39,49,55,41,50,52,47,55,39,50,37,43,54,55,53,51,42,50,46,49,59,48,43,44,49,49,41,47,42,42,41,38,49,48,53,43,39,51,47,46,44,41,48,39,46,48,46,45,45,46,42,46,44,53,35,52,45,37,43,46,42,51,43,53,57,52,54,40,37,55,46,49,46,36,51,43,56,43,39,49,42,38,50,43,49,38,39,43,57,40,54,52,50,53,49,47,50,44,47,43,47,41,47,51,37,58,51,56,52,60,40,49,35,45,50,41,49,42,33,53,55,47,43,50,48,45,46,45,48,49,40,50,48,51,52,55,47,52,47,47,42,45,50,47,44,45,56,62,51,43,51,40,50,50,57,57,50,51,46,44,44,50,53,48,42,50,51,47,33,52,55,59,44,51,46,47,42,47,50,45,41,48,42,45,51,40,52,
108,48,48,39,49,34,38,48,36,49,51,58,46,49,40,50,56,42,51,53,48,56,40,51,38,44,55,56,54,52,43,51,47,50,60,49,44,45,50,50,42,48,43,43,42,39,50,49,54,44,40,52,48,47,45,42,49,40,47,49,47,46,46,47,43,47,45,54,36,53,46,38,44,47,43,52,44,54,58,53,55,41,38,56,47,50,47,37,52,44,57,44,40,50,43,39,51,44,50,39,40,44,58,41,55,53,51,54,50,48,51,45,48,44,48,42,48,52,38,59,52,57,53,61,41,50,36,46,51,42,50,43,34,54,56,48,44,51,49,46,47,46,49,50,41,51,49,52,53,56,48,53,48,48,43,46,51,48,45,46,57,63,52,44,52,41,51,51,58,58,51,52,47,45,45,51,54,49,43,51,52,48,34,53,56,60,45,52,47,48,43,48,51,46,42,49,43,46,52,41,53,
109,49,49,40,50,35,39,49,37,50,52,59,47,50,41,51,57,43,52,54,49,57,41,52,39,45,56,57,55,53,44,52,48,51,61,50,45,46,51,51,43,49,44,44,43,40,51,50,55,45,41,53,49,48,46,43,50,41,48,50,48,47,47,48,44,48,46,55,37,54,47,39,45,48,44,53,45,55,59,54,56,42,39,57,48,51,48,38,53,45,58,45,41,51,44,40,52,45,51,40,41,45,59,42,56,54,52,55,51,49,52,46,49,45,49,43,49,53,39,60,53,58,54,62,42,51,37,47,52,43,51,44,35,55,57,49,45,52,50,47,48,47,50,51,42,52,50,53,54,57,49,54,49,49,44,47,52,49,46,47,58,64,53,45,53,42,52,52,59,59,52,53,48,46,46,52,55,50,44,52,53,49,35,54,57,61,46,53,48,49,44,49,52,47,43,50,44,47,53,42,54,
110,50,50,41,51,36,40,50,38,51,53,60,48,51,42,52,58,44,53,55,50,58,42,53,40,46,57,58,56,54,45,53,49,52,62,51,46,47,52,52,44,50,45,45,44,41,52,51,56,46,42,54,50,49,47,44,51,42,49,51,49,48,48,49,45,49,47,56,38,55,48,40,46,49,45,54,46,56,60,55,57,43,40,58,49,52,49,39,54,46,59,46,42,52,45,41,53,46,52,41,42,46,60,43,57,55,53,56,52,50,53,47,50,46,50,44,50,54,40,61,54,59,55,63,43,52,38,48,53,44,52,45,36,56,58,50,46,53,51,48,49,48,51,52,43,53,51,54,55,58,50,55,50,50,45,48,53,50,47,48,59,65,54,46,54,43,53,53,60,60,53,54,49,47,47,53,56,51,45,53,54,50,36,55,58,62,47,54,49,50,45,50,53,48,44,51,45,48,54,43,55,
111,51,51,42,52,37,41,51,39,52,54,61,49,52,43,53,59,45,54,56,51,59,43,54,41,47,58,59,57,55,46,54,50,53,63,52,47,48,53,53,45,51,46,46,45,42,53,52,57,47,43,55,51,50,48,45,52,43,50,52,50,49,49,50,46,50,48,57,39,56,49,41,47,50,46,55,47,57,61,56,58,44,41,59,50,53,50,40,55,47,60,47,43,53,46,42,54,47,53,42,43,47,61,44,58,56,54,57,53,51,54,48,51,47,51,45,51,55,41,62,55,60,56,64,44,53,39,49,54,45,53,46,37,57,59,51,47,54,52,49,50,49,52,53,44,54,52,55,56,59,51,56,51,51,46,49,54,51,48,49,60,66,55,47,55,44,54,54,61,61,54,55,50,48,48,54,57,52,46,54,55,51,37,56,59,63,48,55,50,51,46,51,54,49,45,52,46,49,55,44,56,
112,52,52,43,53,38,42,52,40,53,55,62,50,53,44,54,60,46,55,57,52,60,44,55,42,48,59,60,58,56,47,55,51,54,64,53,48,49,54,54,46,52,47,47,46,43,54,53,58,48,44,56,52,51,49,46,53,44,51,53,51,50,50,51,47,51,49,58,40,57,50,42,48,51,47,56,48,58,62,57,59,45,42,60,51,54,51,41,56,48,61,48,44,54,47,43,55,48,54,43,44,48,62,45,59,57,55,58,54,52,55,49,52,48,52,46,52,56,42,63,56,61,57,65,45,54,40,50,55,46,54,47,38,58,60,52,48,55,53,50,51,50,53,54,45,55,53,56,57,60,52,57,52,52,47,50,55,52,49,50,61,67,56,48,56,45,55,55,62,62,55,56,51,49,49,55,58,53,47,55,56,52,38,57,60,64,49,56,51,52,47,52,55,50,46,53,47,50,56,45,57,
113,53,53,44,54,39,43,53,41,54,56,63,51,54,45,55,61,47,56,58,53,61,45,56,43,49,60,61,59,57,48,56,52,55,65,54,49,50,55,55,47,53,48,48,47,44,55,54,59,49,45,57,53,52,50,47,54,45,52,54,52,51,51,52,48,52,50,59,41,58,51,43,49,52,48,57,49,59,63,58,60,46,43,61,52,55,52,42,57,49,62,49,45,55,48,44,56,49,55,44,45,49,63,46,60,58,56,59,55,53,56,50,53,49,53,47,53,57,43,64,57,62,58,66,46,55,41,51,56,47,55,48,39,59,61,53,49,56,54,51,52,51,54,55,46,56,54,57,58,61,53,58,53,53,48,51,56,53,50,51,62,68,57,49,57,46,56,56,63,63,56,57,52,50,50,56,59,54,48,56,57,53,39,58,61,65,50,57,52,53,48,53,56,51,47,54,48,51,57,46,58,
114,54,54,45,55,40,44,54,42,55,57,64,52,55,46,56,62,48,57,59,54,62,46,57,44,50,61,62,60,58,49,57,53,56,66,55,50,51,56,56,48,54,49,49,48,45,56,55,60,50,46,58,54,53,51,48,55,46,53,55,53,52,52,53,49,53,51,60,42,59,52,44,50,53,49,58,50,60,64,59,61,47,44,62,53,56,53,43,58,50,63,50,46,56,49,45,57,50,56,45,46,50,64,47,61,59,57,60,56,54,57,51,54,50,54,48,54,58,44,65,58,63,59,67,47,56,42,52,57,48,56,49,40,60,62,54,50,57,55,52,53,52,55,56,47,57,55,58,59,62,54,59,54,54,49,52,57,54,51,52,63,69,58,50,58,47,57,57,64,64,57,58,53,51,51,57,60,55,49,57,58,54,40,59,62,66,51,58,53,54,49,54,57,52,48,55,49,52,58,47,59,
115,55,55,46,56,41,45,55,43,56,58,65,53,56,47,57,63,49,58,60,55,63,47,58,45,51,62,63,61,59,50,58,54,57,67,56,51,52,57,57,49,55,50,50,49,46,57,56,61,51,47,59,55,54,52,49,56,47,54,56,54,53,53,54,50,54,52,61,43,60,53,45,51,54,50,59,51,61,65,60,62,48,45,63,54,57,54,44,59,51,64,51,47,57,50,46,58,51,57,46,47,51,65,48,62,60,58,61,57,55,58,52,55,51,55,49,55,59,45,66,59,64,60,68,48,57,43,53,58,49,57,50,41,61,63,55,51,58,56,53,54,53,56,57,48,58,56,59,60,63,55,60,55,55,50,53,58,55,52,53,64,70,59,51,59,48,58,58,65,65,58,59,54,52,52,58,61,56,50,58,59,55,41,60,63,67,52,59,54,55,50,55,58,53,49,56,50,53,59,48,60,
116,56,56,47,57,42,46,56,44,57,59,66,54,57,48,58,64,50,59,61,56,64,48,59,46,52,63,64,62,60,51,59,55,58,68,57,52,53,58,58,50,56,51,51,50,47,58,57,62,52,48,60,56,55,53,50,57,48,55,57,55,54,54,55,51,55,53,62,44,61,54,46,52,55,51,60,52,62,66,61,63,49,46,64,55,58,55,45,60,52,65,52,48,58,51,47,59,52,58,47,48,52,66,49,63,61,59,62,58,56,59,53,56,52,56,50,56,60,46,67,60,65,61,69,49,58,44,54,59,50,58,51,42,62,64,56,52,59,57,54,55,54,57,58,49,59,57,60,61,64,56,61,56,56,51,54,59,56,53,54,65,71,60,52,60,49,59,59,66,66,59,60,55,53,53,59,62,57,51,59,60,56,42,61,64,68,53,60,55,56,51,56,59,54,50,57,51,54,60,49,61,
117,57,57,48,58,43,47,57,45,58,60,67,55,58,49,59,65,51,60,62,57,65,49,60,47,53,64,65,63,61,52,60,56,59,69,58,53,54,59,59,51,57,52,52,51,48,59,58,63,53,49,61,57,56,54,51,58,49,56,58,56,55,55,56,52,56,54,63,45,62,55,47,53,56,52,61,53,63,67,62,64,50,47,65,56,59,56,46,61,53,66,53,49,59,52,48,60,53,59,48,49,53,67,50,64,62,60,63,59,57,60,54,57,53,57,51,57,61,47,68,61,66,62,70,50,59,45,55,60,51,59,52,43,63,65,57,53,60,58,55,56,55,58,59,50,60,58,61,62,65,57,62,57,57,52,55,60,57,54,55,66,72,61,53,61,50,60,60,67,67,60,61,56,54,54,60,63,58,52,60,61,57,43,62,65,69,54,61,56,57,52,57,60,55,51,58,52,55,61,50,62,
118,58,58,49,59,44,48,58,46,59,61,68,56,59,50,60,66,52,61,63,58,66,50,61,48,54,65,66,64,62,53,61,57,60,70,59,54,55,60,60,52,58,53,53,52,49,60,59,64,54,50,62,58,57,55,52,59,50,57,59,57,56,56,57,53,57,55,64,46,63,56,48,54,57,53,62,54,64,68,63,65,51,48,66,57,60,57,47,62,54,67,54,50,60,53,49,61,54,60,49,50,54,68,51,65,63,61,64,60,58,61,55,58,54,58,52,58,62,48,69,62,67,63,71,51,60,46,56,61,52,60,53,44,64,66,58,54,61,59,56,57,56,59,60,51,61,59,62,63,66,58,63,58,58,53,56,61,58,55,56,67,73,62,54,62,51,61,61,68,68,61,62,57,55,55,61,64,59,53,61,62,58,44,63,66,70,55,62,57,58,53,58,61,56,52,59,53,56,62,51,63,
119,59,59,50,60,45,49,59,47,60,62,69,57,60,51,61,67,53,62,64,59,67,51,62,49,55,66,67,65,63,54,62,58,61,71,60,55,56,61,61,53,59,54,54,53,50,61,60,65,55,51,63,59,58,56,53,60,51,58,60,58,57,57,58,54,58,56,65,47,64,57,49,55,58,54,63,55,65,69,64,66,52,49,67,58,61,58,48,63,55,68,55,51,61,54,50,62,55,61,50,51,55,69,52,66,64,62,65,61,59,62,56,59,55,59,53,59,63,49,70,63,68,64,72,52,61,47,57,62,53,61,54,45,65,67,59,55,62,60,57,58,57,60,61,52,62,60,63,64,67,59,64,59,59,54,57,62,59,56,57,68,74,63,55,63,52,62,62,69,69,62,63,58,56,56,62,65,60,54,62,63,59,45,64,67,71,56,63,58,59,54,59,62,57,53,60,54,57,63,52,64,
120,60,60,51,61,46,50,60,48,61,63,70,58,61,52,62,68,54,63,65,60,68,52,63,50,56,67,68,66,64,55,63,59,62,72,61,56,57,62,62,54,60,55,55,54,51,62,61,66,56,52,64,60,59,57,54,61,52,59,61,59,58,58,59,55,59,57,66,48,65,58,50,56,59,55,64,56,66,70,65,67,53,50,68,59,62,59,49,64,56,69,56,52,62,55,51,63,56,62,51,52,56,70,53,67,65,63,66,62,60,63,57,60,56,60,54,60,64,50,71,64,69,65,73,53,62,48,58,63,54,62,55,46,66,68,60,56,63,61,58,59,58,61,62,53,63,61,64,65,68,60,65,60,60,55,58,63,60,57,58,69,75,64,56,64,53,63,63,70,70,63,64,59,57,57,63,66,61,55,63,64,60,46,65,68,72,57,64,59,60,55,60,63,58,54,61,55,58,64,53,65,
121,61,61,52,62,47,51,61,49,62,64,71,59,62,53,63,69,55,64,66,61,69,53,64,51,57,68,69,67,65,56,64,60,63,73,62,57,58,63,63,55,61,56,56,55,52,63,62,67,57,53,65,61,60,58,55,62,53,60,62,60,59,59,60,56,60,58,67,49,66,59,51,57,60,56,65,57,67,71,66,68,54,51,69,60,63,60,50,65,57,70,57,53,63,56,52,64,57,63,52,53,57,71,54,68,66,64,67,63,61,64,58,61,57,61,55,61,65,51,72,65,70,66,74,54,63,49,59,64,55,63,56,47,67,69,61,57,64,62,59,60,59,62,63,54,64,62,65,66,69,61,66,61,61,56,59,64,61,58,59,70,76,65,57,65,54,64,64,71,71,64,65,60,58,58,64,67,62,56,64,65,61,47,66,69,73,58,65,60,61,56,61,64,59,55,62,56,59,65,54,66,
122,62,62,53,63,48,52,62,50,63,65,72,60,63,54,64,70,56,65,67,62,70,54,65,52,58,69,70,68,66,57,65,61,64,74,63,58,59,64,64,56,62,57,57,56,53,64,63,68,58,54,66,62,61,59,56,63,54,61,63,61,60,60,61,57,61,59,68,50,67,60,52,58,61,57,66,58,68,72,67,69,55,52,70,61,64,61,51,66,58,71,58,54,64,57,53,65,58,64,53,54,58,72,55,69,67,65,68,64,62,65,59,62,58,62,56,62,66,52,73,66,71,67,75,55,64,50,60,65,56,64,57,48,68,70,62,58,65,63,60,61,60,63,64,55,65,63,66,67,70,62,67,62,62,57,60,65,62,59,60,71,77,66,58,66,55,65,65,72,72,65,66,61,59,59,65,68,63,57,65,66,62,48,67,70,74,59,66,61,62,57,62,65,60,56,63,57,60,66,55,67,
123,63,63,54,64,49,53,63,51,64,66,73,61,64,55,65,71,57,66,68,63,71,55,66,53,59,70,71,69,67,58,66,62,65,75,64,59,60,65,65,57,63,58,58,57,54,65,64,69,59,55,67,63,62,60,57,64,55,62,64,62,61,61,62,58,62,60,69,51,68,61,53,59,62,58,67,59,69,73,68,70,56,53,71,62,65,62,52,67,59,72,59,55,65,58,54,66,59,65,54,55,59,73,56,70,68,66,69,65,63,66,60,63,59,63,57,63,67,53,74,67,72,68,76,56,65,51,61,66,57,65,58,49,69,71,63,59,66,64,61,62,61,64,65,56,66,64,67,68,71,63,68,63,63,58,61,66,63,60,61,72,78,67,59,67,56,66,66,73,73,66,67,62,60,60,66,69,64,58,66,67,63,49,68,71,75,60,67,62,63,58,63,66,61,57,64,58,61,67,56,68,
124,64,64,55,65,50,54,64,52,65,67,74,62,65,56,66,72,58,67,69,64,72,56,67,54,60,71,72,70,68,59,67,63,66,76,65,60,61,66,66,58,64,59,59,58,55,66,65,70,60,56,68,64,63,61,58,65,56,63,65,63,62,62,63,59,63,61,70,52,69,62,54,60,63,59,68,60,70,74,69,71,57,54,72,63,66,63,53,68,60,73,60,56,66,59,55,67,60,66,55,56,60,74,57,71,69,67,70,66,64,67,61,64,60,64,58,64,68,54,75,68,73,69,77,57,66,52,62,67,58,66,59,50,70,72,64,60,67,65,62,63,62,65,66,57,67,65,68,69,72,64,69,64,64,59,62,67,64,61,62,73,79,68,60,68,57,67,67,74,74,67,68,63,61,61,67,70,65,59,67,68,64,50,69,72,76,61,68,63,64,59,64,67,62,58,65,59,62,68,57,69,
125,65,65,56,66,51,55,65,53,66,68,75,63,66,57,67,73,59,68,70,65,73,57,68,55,61,72,73,71,69,60,68,64,67,77,66,61,62,67,67,59,65,60,60,59,56,67,66,71,61,57,69,65,64,62,59,66,57,64,66,64,63,63,64,60,64,62,71,53,70,63,55,61,64,60,69,61,71,75,70,72,58,55,73,64,67,64,54,69,61,74,61,57,67,60,56,68,61,67,56,57,61,75,58,72,70,68,71,67,65,68,62,65,61,65,59,65,69,55,76,69,74,70,78,58,67,53,63,68,59,67,60,51,71,73,65,61,68,66,63,64,63,66,67,58,68,66,69,70,73,65,70,65,65,60,63,68,65,62,63,74,80,69,61,69,58,68,68,75,75,68,69,64,62,62,68,71,66,60,68,69,65,51,70,73,77,62,69,64,65,60,65,68,63,59,66,60,63,69,58,70,
126,66,66,57,67,52,56,66,54,67,69,76,64,67,58,68,74,60,69,71,66,74,58,69,56,62,73,74,72,70,61,69,65,68,78,67,62,63,68,68,60,66,61,61,60,57,68,67,72,62,58,70,66,65,63,60,67,58,65,67,65,64,64,65,61,65,63,72,54,71,64,56,62,65,61,70,62,72,76,71,73,59,56,74,65,68,65,55,70,62,75,62,58,68,61,57,69,62,68,57,58,62,76,59,73,71,69,72,68,66,69,63,66,62,66,60,66,70,56,77,70,75,71,79,59,68,54,64,69,60,68,61,52,72,74,66,62,69,67,64,65,64,67,68,59,69,67,70,71,74,66,71,66,66,61,64,69,66,63,64,75,81,70,62,70,59,69,69,76,76,69,70,65,63,63,69,72,67,61,69,70,66,52,71,74,78,63,70,65,66,61,66,69,64,60,67,61,64,70,59,71,
127,67,67,58,68,53,57,67,55,68,70,77,65,68,59,69,75,61,70,72,67,75,59,70,57,63,74,75,73,71,62,70,66,69,79,68,63,64,69,69,61,67,62,62,61,58,69,68,73,63,59,71,67,66,64,61,68,59,66,68,66,65,65,66,62,66,64,73,55,72,65,57,63,66,62,71,63,73,77,72,74,60,57,75,66,69,66,56,71,63,76,63,59,69,62,58,70,63,69,58,59,63,77,60,74,72,70,73,69,67,70,64,67,63,67,61,67,71,57,78,71,76,72,80,60,69,55,65,70,61,69,62,53,73,75,67,63,70,68,65,66,65,68,69,60,70,68,71,72,75,67,72,67,67,62,65,70,67,64,65,76,82,71,63,71,60,70,70,77,77,70,71,66,64,64,70,73,68,62,70,71,67,53,72,75,79,64,71,66,67,62,67,70,65,61,68,62,65,71,60,72,
128,68,68,59,69,54,58,68,56,69,71,78,66,69,60,70,76,62,71,73,68,76,60,71,58,64,75,76,74,72,63,71,67,70,80,69,64,65,70,70,62,68,63,63,62,59,70,69,74,64,60,72,68,67,65,62,69,60,67,69,67,66,66,67,63,67,65,74,56,73,66,58,64,67,63,72,64,74,78,73,75,61,58,76,67,70,67,57,72,64,77,64,60,70,63,59,71,64,70,59,60,64,78,61,75,73,71,74,70,68,71,65,68,64,68,62,68,72,58,79,72,77,73,81,61,70,56,66,71,62,70,63,54,74,76,68,64,71,69,66,67,66,69,70,61,71,69,72,73,76,68,73,68,68,63,66,71,68,65,66,77,83,72,64,72,61,71,71,78,78,71,72,67,65,65,71,74,69,63,71,72,68,54,73,76,80,65,72,67,68,63,68,71,66,62,69,63,66,72,61,73,
129,69,69,60,70,55,59,69,57,70,72,79,67,70,61,71,77,63,72,74,69,77,61,72,59,65,76,77,75,73,64,72,68,71,81,70,65,66,71,71,63,69,64,64,63,60,71,70,75,65,61,73,69,68,66,63,70,61,68,70,68,67,67,68,64,68,66,75,57,74,67,59,65,68,64,73,65,75,79,74,76,62,59,77,68,71,68,58,73,65,78,65,61,71,64,60,72,65,71,60,61,65,79,62,76,74,72,75,71,69,72,66,69,65,69,63,69,73,59,80,73,78,74,82,62,71,57,67,72,63,71,64,55,75,77,69,65,72,70,67,68,67,70,71,62,72,70,73,74,77,69,74,69,69,64,67,72,69,66,67,78,84,73,65,73,62,72,72,79,79,72,73,68,66,66,72,75,70,64,72,73,69,55,74,77,81,66,73,68,69,64,69,72,67,63,70,64,67,73,62,74,
130,70,70,61,71,56,60,70,58,71,73,80,68,71,62,72,78,64,73,75,70,78,62,73,60,66,77,78,76,74,65,73,69,72,82,71,66,67,72,72,64,70,65,65,64,61,72,71,76,66,62,74,70,69,67,64,71,62,69,71,69,68,68,69,65,69,67,76,58,75,68,60,66,69,65,74,66,76,80,75,77,63,60,78,69,72,69,59,74,66,79,66,62,72,65,61,73,66,72,61,62,66,80,63,77,75,73,76,72,70,73,67,70,66,70,64,70,74,60,81,74,79,75,83,63,72,58,68,73,64,72,65,56,76,78,70,66,73,71,68,69,68,71,72,63,73,71,74,75,78,70,75,70,70,65,68,73,70,67,68,79,85,74,66,74,63,73,73,80,80,73,74,69,67,67,73,76,71,65,73,74,70,56,75,78,82,67,74,69,70,65,70,73,68,64,71,65,68,74,63,75,
131,71,71,62,72,57,61,71,59,72,74,81,69,72,63,73,79,65,74,76,71,79,63,74,61,67,78,79,77,75,66,74,70,73,83,72,67,68,73,73,65,71,66,66,65,62,73,72,77,67,63,75,71,70,68,65,72,63,70,72,70,69,69,70,66,70,68,77,59,76,69,61,67,70,66,75,67,77,81,76,78,64,61,79,70,73,70,60,75,67,80,67,63,73,66,62,74,67,73,62,63,67,81,64,78,76,74,77,73,71,74,68,71,67,71,65,71,75,61,82,75,80,76,84,64,73,59,69,74,65,73,66,57,77,79,71,67,74,72,69,70,69,72,73,64,74,72,75,76,79,71,76,71,71,66,69,74,71,68,69,80,86,75,67,75,64,74,74,81,81,74,75,70,68,68,74,77,72,66,74,75,71,57,76,79,83,68,75,70,71,66,71,74,69,65,72,66,69,75,64,76,
132,72,72,63,73,58,62,72,60,73,75,82,70,73,64,74,80,66,75,77,72,80,64,75,62,68,79,80,78,76,67,75,71,74,84,73,68,69,74,74,66,72,67,67,66,63,74,73,78,68,64,76,72,71,69,66,73,64,71,73,71,70,70,71,67,71,69,78,60,77,70,62,68,71,67,76,68,78,82,77,79,65,62,80,71,74,71,61,76,68,81,68,64,74,67,63,75,68,74,63,64,68,82,65,79,77,75,78,74,72,75,69,72,68,72,66,72,76,62,83,76,81,77,85,65,74,60,70,75,66,74,67,58,78,80,72,68,75,73,70,71,70,73,74,65,75,73,76,77,80,72,77,72,72,67,70,75,72,69,70,81,87,76,68,76,65,75,75,82,82,75,76,71,69,69,75,78,73,67,75,76,72,58,77,80,84,69,76,71,72,67,72,75,70,66,73,67,70,76,65,77,
133,73,73,64,74,59,63,73,61,74,76,83,71,74,65,75,81,67,76,78,73,81,65,76,63,69,80,81,79,77,68,76,72,75,85,74,69,70,75,75,67,73,68,68,67,64,75,74,79,69,65,77,73,72,70,67,74,65,72,74,72,71,71,72,68,72,70,79,61,78,71,63,69,72,68,77,69,79,83,78,80,66,63,81,72,75,72,62,77,69,82,69,65,75,68,64,76,69,75,64,65,69,83,66,80,78,76,79,75,73,76,70,73,69,73,67,73,77,63,84,77,82,78,86,66,75,61,71,76,67,75,68,59,79,81,73,69,76,74,71,72,71,74,75,66,76,74,77,78,81,73,78,73,73,68,71,76,73,70,71,82,88,77,69,77,66,76,76,83,83,76,77,72,70,70,76,79,74,68,76,77,73,59,78,81,85,70,77,72,73,68,73,76,71,67,74,68,71,77,66,78,
134,74,74,65,75,60,64,74,62,75,77,84,72,75,66,76,82,68,77,79,74,82,66,77,64,70,81,82,80,78,69,77,73,76,86,75,70,71,76,76,68,74,69,69,68,65,76,75,80,70,66,78,74,73,71,68,75,66,73,75,73,72,72,73,69,73,71,80,62,79,72,64,70,73,69,78,70,80,84,79,81,67,64,82,73,76,73,63,78,70,83,70,66,76,69,65,77,70,76,65,66,70,84,67,81,79,77,80,76,74,77,71,74,70,74,68,74,78,64,85,78,83,79,87,67,76,62,72,77,68,76,69,60,80,82,74,70,77,75,72,73,72,75,76,67,77,75,78,79,82,74,79,74,74,69,72,77,74,71,72,83,89,78,70,78,67,77,77,84,84,77,78,73,71,71,77,80,75,69,77,78,74,60,79,82,86,71,78,73,74,69,74,77,72,68,75,69,72,78,67,79,
135,75,75,66,76,61,65,75,63,76,78,85,73,76,67,77,83,69,78,80,75,83,67,78,65,71,82,83,81,79,70,78,74,77,87,76,71,72,77,77,69,75,70,70,69,66,77,76,81,71,67,79,75,74,72,69,76,67,74,76,74,73,73,74,70,74,72,81,63,80,73,65,71,74,70,79,71,81,85,80,82,68,65,83,74,77,74,64,79,71,84,71,67,77,70,66,78,71,77,66,67,71,85,68,82,80,78,81,77,75,78,72,75,71,75,69,75,79,65,86,79,84,80,88,68,77,63,73,78,69,77,70,61,81,83,75,71,78,76,73,74,73,76,77,68,78,76,79,80,83,75,80,75,75,70,73,78,75,72,73,84,90,79,71,79,68,78,78,85,85,78,79,74,72,72,78,81,76,70,78,79,75,61,80,83,87,72,79,74,75,70,75,78,73,69,76,70,73,79,68,80,
136,76,76,67,77,62,66,76,64,77,79,86,74,77,68,78,84,70,79,81,76,84,68,79,66,72,83,84,82,80,71,79,75,78,88,77,72,73,78,78,70,76,71,71,70,67,78,77,82,72,68,80,76,75,73,70,77,68,75,77,75,74,74,75,71,75,73,82,64,81,74,66,72,75,71,80,72,82,86,81,83,69,66,84,75,78,75,65,80,72,85,72,68,78,71,67,79,72,78,67,68,72,86,69,83,81,79,82,78,76,79,73,76,72,76,70,76,80,66,87,80,85,81,89,69,78,64,74,79,70,78,71,62,82,84,76,72,79,77,74,75,74,77,78,69,79,77,80,81,84,76,81,76,76,71,74,79,76,73,74,85,91,80,72,80,69,79,79,86,86,79,80,75,73,73,79,82,77,71,79,80,76,62,81,84,88,73,80,75,76,71,76,79,74,70,77,71,74,80,69,81,
137,77,77,68,78,63,67,77,65,78,80,87,75,78,69,79,85,71,80,82,77,85,69,80,67,73,84,85,83,81,72,80,76,79,89,78,73,74,79,79,71,77,72,72,71,68,79,78,83,73,69,81,77,76,74,71,78,69,76,78,76,75,75,76,72,76,74,83,65,82,75,67,73,76,72,81,73,83,87,82,84,70,67,85,76,79,76,66,81,73,86,73,69,79,72,68,80,73,79,68,69,73,87,70,84,82,80,83,79,77,80,74,77,73,77,71,77,81,67,88,81,86,82,90,70,79,65,75,80,71,79,72,63,83,85,77,73,80,78,75,76,75,78,79,70,80,78,81,82,85,77,82,77,77,72,75,80,77,74,75,86,92,81,73,81,70,80,80,87,87,80,81,76,74,74,80,83,78,72,80,81,77,63,82,85,89,74,81,76,77,72,77,80,75,71,78,72,75,81,70,82,
138,78,78,69,79,64,68,78,66,79,81,88,76,79,70,80,86,72,81,83,78,86,70,81,68,74,85,86,84,82,73,81,77,80,90,79,74,75,80,80,72,78,73,73,72,69,80,79,84,74,70,82,78,77,75,72,79,70,77,79,77,76,76,77,73,77,75,84,66,83,76,68,74,77,73,82,74,84,88,83,85,71,68,86,77,80,77,67,82,74,87,74,70,80,73,69,81,74,80,69,70,74,88,71,85,83,81,84,80,78,81,75,78,74,78,72,78,82,68,89,82,87,83,91,71,80,66,76,81,72,80,73,64,84,86,78,74,81,79,76,77,76,79,80,71,81,79,82,83,86,78,83,78,78,73,76,81,78,75,76,87,93,82,74,82,71,81,81,88,88,81,82,77,75,75,81,84,79,73,81,82,78,64,83,86,90,75,82,77,78,73,78,81,76,72,79,73,76,82,71,83,
139,79,79,70,80,65,69,79,67,80,82,89,77,80,71,81,87,73,82,84,79,87,71,82,69,75,86,87,85,83,74,82,78,81,91,80,75,76,81,81,73,79,74,74,73,70,81,80,85,75,71,83,79,78,76,73,80,71,78,80,78,77,77,78,74,78,76,85,67,84,77,69,75,78,74,83,75,85,89,84,86,72,69,87,78,81,78,68,83,75,88,75,71,81,74,70,82,75,81,70,71,75,89,72,86,84,82,85,81,79,82,76,79,75,79,73,79,83,69,90,83,88,84,92,72,81,67,77,82,73,81,74,65,85,87,79,75,82,80,77,78,77,80,81,72,82,80,83,84,87,79,84,79,79,74,77,82,79,76,77,88,94,83,75,83,72,82,82,89,89,82,83,78,76,76,82,85,80,74,82,83,79,65,84,87,91,76,83,78,79,74,79,82,77,73,80,74,77,83,72,84,
140,80,80,71,81,66,70,80,68,81,83,90,78,81,72,82,88,74,83,85,80,88,72,83,70,76,87,88,86,84,75,83,79,82,92,81,76,77,82,82,74,80,75,75,74,71,82,81,86,76,72,84,80,79,77,74,81,72,79,81,79,78,78,79,75,79,77,86,68,85,78,70,76,79,75,84,76,86,90,85,87,73,70,88,79,82,79,69,84,76,89,76,72,82,75,71,83,76,82,71,72,76,90,73,87,85,83,86,82,80,83,77,80,76,80,74,80,84,70,91,84,89,85,93,73,82,68,78,83,74,82,75,66,86,88,80,76,83,81,78,79,78,81,82,73,83,81,84,85,88,80,85,80,80,75,78,83,80,77,78,89,95,84,76,84,73,83,83,90,90,83,84,79,77,77,83,86,81,75,83,84,80,66,85,88,92,77,84,79,80,75,80,83,78,74,81,75,78,84,73,85,
141,81,81,72,82,67,71,81,69,82,84,91,79,82,73,83,89,75,84,86,81,89,73,84,71,77,88,89,87,85,76,84,80,83,93,82,77,78,83,83,75,81,76,76,75,72,83,82,87,77,73,85,81,80,78,75,82,73,80,82,80,79,79,80,76,80,78,87,69,86,79,71,77,80,76,85,77,87,91,86,88,74,71,89,80,83,80,70,85,77,90,77,73,83,76,72,84,77,83,72,73,77,91,74,88,86,84,87,83,81,84,78,81,77,81,75,81,85,71,92,85,90,86,94,74,83,69,79,84,75,83,76,67,87,89,81,77,84,82,79,80,79,82,83,74,84,82,85,86,89,81,86,81,81,76,79,84,81,78,79,90,96,85,77,85,74,84,84,91,91,84,85,80,78,78,84,87,82,76,84,85,81,67,86,89,93,78,85,80,81,76,81,84,79,75,82,76,79,85,74,86,
142,82,82,73,83,68,72,82,70,83,85,92,80,83,74,84,90,76,85,87,82,90,74,85,72,78,89,90,88,86,77,85,81,84,94,83,78,79,84,84,76,82,77,77,76,73,84,83,88,78,74,86,82,81,79,76,83,74,81,83,81,80,80,81,77,81,79,88,70,87,80,72,78,81,77,86,78,88,92,87,89,75,72,90,81,84,81,71,86,78,91,78,74,84,77,73,85,78,84,73,74,78,92,75,89,87,85,88,84,82,85,79,82,78,82,76,82,86,72,93,86,91,87,95,75,84,70,80,85,76,84,77,68,88,90,82,78,85,83,80,81,80,83,84,75,85,83,86,87,90,82,87,82,82,77,80,85,82,79,80,91,97,86,78,86,75,85,85,92,92,85,86,81,79,79,85,88,83,77,85,86,82,68,87,90,94,79,86,81,82,77,82,85,80,76,83,77,80,86,75,87,
143,83,83,74,84,69,73,83,71,84,86,93,81,84,75,85,91,77,86,88,83,91,75,86,73,79,90,91,89,87,78,86,82,85,95,84,79,80,85,85,77,83,78,78,77,74,85,84,89,79,75,87,83,82,80,77,84,75,82,84,82,81,81,82,78,82,80,89,71,88,81,73,79,82,78,87,79,89,93,88,90,76,73,91,82,85,82,72,87,79,92,79,75,85,78,74,86,79,85,74,75,79,93,76,90,88,86,89,85,83,86,80,83,79,83,77,83,87,73,94,87,92,88,96,76,85,71,81,86,77,85,78,69,89,91,83,79,86,84,81,82,81,84,85,76,86,84,87,88,91,83,88,83,83,78,81,86,83,80,81,92,98,87,79,87,76,86,86,93,93,86,87,82,80,80,86,89,84,78,86,87,83,69,88,91,95,80,87,82,83,78,83,86,81,77,84,78,81,87,76,88,
144,84,84,75,85,70,74,84,72,85,87,94,82,85,76,86,92,78,87,89,84,92,76,87,74,80,91,92,90,88,79,87,83,86,96,85,80,81,86,86,78,84,79,79,78,75,86,85,90,80,76,88,84,83,81,78,85,76,83,85,83,82,82,83,79,83,81,90,72,89,82,74,80,83,79,88,80,90,94,89,91,77,74,92,83,86,83,73,88,80,93,80,76,86,79,75,87,80,86,75,76,80,94,77,91,89,87,90,86,84,87,81,84,80,84,78,84,88,74,95,88,93,89,97,77,86,72,82,87,78,86,79,70,90,92,84,80,87,85,82,83,82,85,86,77,87,85,88,89,92,84,89,84,84,79,82,87,84,81,82,93,99,88,80,88,77,87,87,94,94,87,88,83,81,81,87,90,85,79,87,88,84,70,89,92,96,81,88,83,84,79,84,87,82,78,85,79,82,88,77,89,
145,85,85,76,86,71,75,85,73,86,88,95,83,86,77,87,93,79,88,90,85,93,77,88,75,81,92,93,91,89,80,88,84,87,97,86,81,82,87,87,79,85,80,80,79,76,87,86,91,81,77,89,85,84,82,79,86,77,84,86,84,83,83,84,80,84,82,91,73,90,83,75,81,84,80,89,81,91,95,90,92,78,75,93,84,87,84,74,89,81,94,81,77,87,80,76,88,81,87,76,77,81,95,78,92,90,88,91,87,85,88,82,85,81,85,79,85,89,75,96,89,94,90,98,78,87,73,83,88,79,87,80,71,91,93,85,81,88,86,83,84,83,86,87,78,88,86,89,90,93,85,90,85,85,80,83,88,85,82,83,94,0,89,81,89,78,88,88,95,95,88,89,84,82,82,88,91,86,80,88,89,85,71,90,93,97,82,89,84,85,80,85,88,83,79,86,80,83,89,78,90,
146,87,86,78,87,72,76,87,74,88,89,97,84,87,78,89,94,80,90,92,86,94,78,89,76,82,93,94,93,91,81,89,86,89,99,87,82,83,88,88,80,86,82,81,81,77,88,87,92,82,78,90,86,85,83,80,87,78,85,87,85,84,84,85,81,85,83,92,74,92,84,76,82,86,81,91,83,92,97,91,93,79,76,95,85,88,86,75,90,82,95,82,78,88,81,77,89,82,88,78,79,82,96,79,94,91,89,92,88,86,89,83,87,82,86,80,87,90,76,98,91,96,91,99,79,88,74,84,89,80,88,81,72,93,94,87,83,89,87,84,85,84,87,89,79,89,87,90,92,95,86,91,86,87,81,84,89,86,83,84,96,1,90,82,91,79,89,89,96,96,89,91,85,83,83,90,93,88,81,89,91,86,72,91,94,99,83,90,85,86,81,87,89,84,80,87,81,84,90,79,92,
147,88,87,79,88,73,77,88,75,89,90,98,85,88,79,90,95,81,91,93,87,95,79,90,77,83,94,95,94,92,82,90,87,90,0,88,83,84,89,89,81,87,83,82,82,78,89,88,93,83,79,91,87,86,84,81,88,79,86,88,86,85,85,86,82,86,84,93,75,93,85,77,83,87,82,92,84,93,98,92,94,80,77,96,86,89,87,76,91,83,96,83,79,89,82,78,90,83,89,79,80,83,97,80,95,92,90,93,89,87,90,84,88,83,87,81,88,91,77,99,92,97,92,0,80,89,75,85,90,81,89,82,73,94,95,88,84,90,88,85,86,85,88,90,80,90,88,91,93,96,87,92,87,88,82,85,90,87,84,85,97,2,91,83,92,80,90,90,97,97,90,92,86,84,84,91,94,89,82,90,92,87,73,92,95,0,84,91,86,87,82,88,90,85,81,88,82,85,91,80,93,
148,89,88,81,90,74,79,91,76,90,91,99,87,89,80,92,97,84,93,94,89,97,80,91,79,84,96,97,97,94,84,91,88,91,2,90,85,85,90,90,83,88,84,83,83,80,90,89,95,86,81,92,89,89,86,82,90,80,89,89,87,86,87,88,83,87,85,94,76,95,86,79,84,88,84,95,85,94,99,94,95,81,78,99,87,90,88,77,93,85,97,84,80,90,84,80,93,85,90,80,82,84,99,82,97,94,92,95,91,88,91,85,90,85,89,83,90,93,78,0,94,98,93,2,81,91,76,86,91,83,91,83,74,95,98,89,86,92,91,86,87,86,90,92,81,92,89,93,95,98,88,93,90,90,85,87,91,89,85,86,98,4,92,84,94,81,91,92,99,99,92,93,87,85,85,92,95,91,83,92,94,89,74,93,96,2,85,92,88,89,83,89,92,87,83,90,83,87,93,82,96,
149,90,89,82,91,75,80,92,78,91,92,0,88,90,81,93,98,85,94,95,90,99,81,93,80,85,98,98,98,96,85,92,89,92,3,91,86,86,92,92,84,89,85,84,85,81,92,90,96,87,82,93,90,90,87,84,91,81,90,90,88,87,89,89,84,88,86,95,77,96,87,81,85,90,86,97,86,95,0,95,97,83,79,0,88,92,89,78,94,86,98,85,81,91,86,81,94,86,91,81,83,85,0,83,98,95,93,96,92,90,93,86,91,86,90,84,91,94,79,1,95,0,94,3,83,92,77,88,92,84,92,84,75,96,99,90,87,93,92,88,88,87,91,94,82,93,90,94,96,0,89,94,91,91,86,88,92,90,87,87,99,5,93,85,95,82,92,94,0,0,93,95,88,87,87,93,96,92,84,94,95,91,75,95,97,3,87,93,89,90,84,90,94,88,84,91,84,89,94,83,97,
150,95,91,85,93,78,82,95,80,93,95,4,89,93,84,96,0,86,97,96,92,0,83,95,84,89,99,0,0,97,87,94,90,94,4,94,90,90,95,95,88,90,86,87,86,84,93,92,97,88,84,97,92,93,90,85,94,82,92,93,91,90,90,91,88,90,91,97,79,99,89,82,86,92,90,0,87,98,3,97,0,85,80,3,94,95,91,80,99,89,0,87,83,93,88,84,96,89,93,82,85,87,4,87,0,97,94,0,96,92,96,90,95,90,91,85,92,96,81,2,98,4,97,7,85,94,79,93,93,88,94,86,78,99,0,95,88,96,94,89,92,89,95,95,83,95,93,98,98,1,93,97,96,94,88,90,94,93,90,89,0,9,97,87,99,84,94,98,5,4,95,98,93,90,88,96,0,93,87,97,96,95,80,0,98,6,93,95,90,94,87,93,95,90,88,92,87,90,98,86,0,
151,99,95,90,98,80,85,99,84,95,99,11,91,98,85,0,4,90,0,98,95,6,89,0,87,92,0,5,5,0,89,0,94,98,13,98,91,95,97,97,92,94,88,91,90,88,95,96,0,91,89,0,97,97,92,89,97,86,96,0,94,91,93,94,92,93,96,0,85,0,92,84,91,97,93,5,91,0,9,0,6,88,84,6,96,97,93,84,0,92,6,89,84,96,93,89,0,93,95,87,88,91,8,90,3,99,0,4,97,95,0,94,0,94,95,90,94,0,83,7,0,8,0,10,87,99,81,98,97,90,99,91,82,0,7,99,90,99,96,93,94,92,99,0,88,99,99,0,0,5,97,0,99,0,92,96,0,98,94,92,5,11,0,92,0,88,99,0,10,9,99,0,96,94,91,97,3,98,88,0,0,98,82,7,0,11,97,98,93,0,89,97,97,95,90,94,91,96,0,90,1,
152,0,0,97,0,87,92,0,88,0,0,21,99,0,94,8,15,92,13,0,0,16,94,8,93,96,13,11,13,10,97,8,0,0,26,0,97,0,0,0,97,0,96,0,97,95,0,0,7,99,95,10,0,0,0,98,0,93,0,10,0,0,0,0,98,99,0,9,92,8,98,91,0,0,99,15,99,9,17,10,18,95,90,19,99,0,0,90,8,99,14,98,94,0,0,93,9,99,0,91,98,96,17,98,9,0,6,10,0,0,8,0,8,0,0,97,0,8,93,18,7,21,8,22,0,0,84,0,0,97,0,98,87,10,17,0,97,0,0,0,0,0,0,9,96,0,0,9,13,14,0,12,0,6,0,0,7,0,0,98,10,26,5,0,10,97,0,7,21,17,0,10,0,0,99,0,12,0,98,12,8,0,87,15,9,24,0,0,0,9,96,0,0,0,97,0,97,0,10,98,13,
153,16,16,0,17,97,0,15,96,17,18,36,0,20,0,25,37,0,25,20,14,33,0,27,0,0,32,36,36,28,0,26,14,13,44,14,0,12,18,16,0,17,0,16,0,0,17,17,33,0,0,32,12,14,14,0,19,0,14,22,16,16,15,18,0,0,18,30,0,26,0,0,10,17,0,29,0,28,38,31,33,0,0,33,0,19,19,0,26,0,35,0,0,19,10,0,27,0,18,0,0,0,37,0,32,23,22,34,22,17,25,15,23,17,21,0,15,25,0,38,29,38,29,46,11,18,95,15,19,0,16,0,0,28,36,14,0,22,14,15,17,18,18,24,0,17,19,25,33,35,17,28,13,21,13,15,23,15,12,0,29,45,24,13,23,0,19,22,38,44,15,25,14,14,0,17,32,14,0,27,28,18,97,31,33,40,16,21,16,25,0,15,18,14,0,13,0,16,26,0,29,
154,23,31,11,31,0,10,26,0,30,29,53,14,32,11,35,49,15,37,34,27,46,7,40,10,10,44,49,45,39,10,40,27,30,58,28,10,22,31,31,12,28,11,23,10,9,31,29,42,14,10,40,22,23,23,10,30,8,22,35,27,29,28,28,11,13,26,45,8,38,14,8,24,24,10,40,8,43,51,41,46,7,9,47,14,31,31,9,37,11,51,9,12,33,22,11,39,10,29,11,9,12,52,9,46,40,38,44,35,30,39,28,34,25,29,12,28,40,7,54,39,50,39,60,20,31,0,25,34,10,30,18,6,44,44,21,11,31,29,27,30,26,30,38,13,30,26,40,43,50,25,44,22,33,22,24,39,26,24,11,51,64,42,25,37,7,29,39,54,54,25,39,27,24,12,32,45,27,10,37,42,25,0,41,46,57,24,32,26,33,14,28,32,26,15,29,14,26,39,12,41,
155,25,33,12,32,1,13,28,2,32,30,54,17,34,12,36,51,16,40,36,30,47,8,41,11,11,46,51,46,41,12,41,29,31,59,29,12,23,34,33,13,30,13,24,11,10,34,33,43,15,12,42,25,26,25,11,31,9,25,37,29,30,29,30,12,16,27,47,9,40,15,9,26,26,13,41,9,44,54,43,49,9,10,51,16,33,32,11,38,12,53,10,13,34,23,13,41,13,31,13,10,13,54,11,47,41,41,47,36,32,40,29,35,26,31,14,30,42,9,55,40,53,41,61,21,32,1,27,35,11,32,19,7,46,47,23,12,32,30,30,31,28,31,39,15,31,28,41,45,51,26,45,23,35,24,28,40,30,25,13,53,65,43,27,38,10,31,41,55,55,27,40,29,26,13,33,47,29,11,41,43,27,1,45,48,59,26,33,28,35,16,29,34,27,16,32,17,28,40,13,44,
156,26,34,13,33,2,14,29,3,33,31,55,18,35,13,37,52,17,41,37,31,48,9,42,12,12,47,52,47,42,13,42,30,32,60,30,13,24,35,34,14,31,14,25,12,11,35,34,44,16,13,43,26,27,26,12,32,10,26,38,30,31,30,31,13,17,28,48,10,41,16,10,27,27,14,42,10,45,55,44,50,10,11,52,17,34,33,12,39,13,54,11,14,35,24,14,42,14,32,14,11,14,55,12,48,42,42,48,37,33,41,30,36,27,32,15,31,43,10,56,41,54,42,62,22,33,2,28,36,12,33,20,8,47,48,24,13,33,31,31,32,29,32,40,16,32,29,42,46,52,27,46,24,36,25,29,41,31,26,14,54,66,44,28,39,11,32,42,56,56,28,41,30,27,14,34,48,30,12,42,44,28,2,46,49,60,27,34,29,36,17,30,35,28,17,33,18,29,41,14,45,
157,27,35,14,34,3,15,30,4,34,32,56,19,36,14,38,53,18,42,38,32,49,10,43,13,13,48,53,48,43,14,43,31,33,61,31,14,25,36,35,15,32,15,26,13,12,36,35,45,17,14,44,27,28,27,13,33,11,27,39,31,32,31,32,14,18,29,49,11,42,17,11,28,28,15,43,11,46,56,45,51,11,12,53,18,35,34,13,40,14,55,12,15,36,25,15,43,15,33,15,12,15,56,13,49,43,43,49,38,34,42,31,37,28,33,16,32,44,11,57,42,55,43,63,23,34,3,29,37,13,34,21,9,48,49,25,14,34,32,32,33,30,33,41,17,33,30,43,47,53,28,47,25,37,26,30,42,32,27,15,55,67,45,29,40,12,33,43,57,57,29,42,31,28,15,35,49,31,13,43,45,29,3,47,50,61,28,35,30,37,18,31,36,29,18,34,19,30,42,15,46,
158,28,36,15,35,4,16,31,5,35,33,57,20,37,15,39,54,19,43,39,33,50,11,44,14,14,49,54,49,44,15,44,32,34,62,32,15,26,37,36,16,33,16,27,14,13,37,36,46,18,15,45,28,29,28,14,34,12,28,40,32,33,32,33,15,19,30,50,12,43,18,12,29,29,16,44,12,47,57,46,52,12,13,54,19,36,35,14,41,15,56,13,16,37,26,16,44,16,34,16,13,16,57,14,50,44,44,50,39,35,43,32,38,29,34,17,33,45,12,58,43,56,44,64,24,35,4,30,38,14,35,22,10,49,50,26,15,35,33,33,34,31,34,42,18,34,31,44,48,54,29,48,26,38,27,31,43,33,28,16,56,68,46,30,41,13,34,44,58,58,30,43,32,29,16,36,50,32,14,44,46,30,4,48,51,62,29,36,31,38,19,32,37,30,19,35,20,31,43,16,47,
159,29,37,16,36,5,17,32,6,36,34,58,21,38,16,40,55,20,44,40,34,51,12,45,15,15,50,55,50,45,16,45,33,35,63,33,16,27,38,37,17,34,17,28,15,14,38,37,47,19,16,46,29,30,29,15,35,13,29,41,33,34,33,34,16,20,31,51,13,44,19,13,30,30,17,45,13,48,58,47,53,13,14,55,20,37,36,15,42,16,57,14,17,38,27,17,45,17,35,17,14,17,58,15,51,45,45,51,40,36,44,33,39,30,35,18,34,46,13,59,44,57,45,65,25,36,5,31,39,15,36,23,11,50,51,27,16,36,34,34,35,32,35,43,19,35,32,45,49,55,30,49,27,39,28,32,44,34,29,17,57,69,47,31,42,14,35,45,59,59,31,44,33,30,17,37,51,33,15,45,47,31,5,49,52,63,30,37,32,39,20,33,38,31,20,36,21,32,44,17,48,
160,30,38,17,37,6,18,33,7,37,35,59,22,39,17,41,56,21,45,41,35,52,13,46,16,16,51,56,51,46,17,46,34,36,64,34,17,28,39,38,18,35,18,29,16,15,39,38,48,20,17,47,30,31,30,16,36,14,30,42,34,35,34,35,17,21,32,52,14,45,20,14,31,31,18,46,14,49,59,48,54,14,15,56,21,38,37,16,43,17,58,15,18,39,28,18,46,18,36,18,15,18,59,16,52,46,46,52,41,37,45,34,40,31,36,19,35,47,14,60,45,58,46,66,26,37,6,32,40,16,37,24,12,51,52,28,17,37,35,35,36,33,36,44,20,36,33,46,50,56,31,50,28,40,29,33,45,35,30,18,58,70,48,32,43,15,36,46,60,60,32,45,34,31,18,38,52,34,16,46,48,32,6,50,53,64,31,38,33,40,21,34,39,32,21,37,22,33,45,18,49,
161,31,39,18,38,7,19,34,8,38,36,60,23,40,18,42,57,22,46,42,36,53,14,47,17,17,52,57,52,47,18,47,35,37,65,35,18,29,40,39,19,36,19,30,17,16,40,39,49,21,18,48,31,32,31,17,37,15,31,43,35,36,35,36,18,22,33,53,15,46,21,15,32,32,19,47,15,50,60,49,55,15,16,57,22,39,38,17,44,18,59,16,19,40,29,19,47,19,37,19,16,19,60,17,53,47,47,53,42,38,46,35,41,32,37,20,36,48,15,61,46,59,47,67,27,38,7,33,41,17,38,25,13,52,53,29,18,38,36,36,37,34,37,45,21,37,34,47,51,57,32,51,29,41,30,34,46,36,31,19,59,71,49,33,44,16,37,47,61,61,33,46,35,32,19,39,53,35,17,47,49,33,7,51,54,65,32,39,34,41,22,35,40,33,22,38,23,34,46,19,50,
162,32,40,19,39,8,20,35,9,39,37,61,24,41,19,43,58,23,47,43,37,54,15,48,18,18,53,58,53,48,19,48,36,38,66,36,19,30,41,40,20,37,20,31,18,17,41,40,50,22,19,49,32,33,32,18,38,16,32,44,36,37,36,37,19,23,34,54,16,47,22,16,33,33,20,48,16,51,61,50,56,16,17,58,23,40,39,18,45,19,60,17,20,41,30,20,48,20,38,20,17,20,61,18,54,48,48,54,43,39,47,36,42,33,38,21,37,49,16,62,47,60,48,68,28,39,8,34,42,18,39,26,14,53,54,30,19,39,37,37,38,35,38,46,22,38,35,48,52,58,33,52,30,42,31,35,47,37,32,20,60,72,50,34,45,17,38,48,62,62,34,47,36,33,20,40,54,36,18,48,50,34,8,52,55,66,33,40,35,42,23,36,41,34,23,39,24,35,47,20,51,
163,33,41,20,40,9,21,36,10,40,38,62,25,42,20,44,59,24,48,44,38,55,16,49,19,19,54,59,54,49,20,49,37,39,67,37,20,31,42,41,21,38,21,32,19,18,42,41,51,23,20,50,33,34,33,19,39,17,33,45,37,38,37,38,20,24,35,55,17,48,23,17,34,34,21,49,17,52,62,51,57,17,18,59,24,41,40,19,46,20,61,18,21,42,31,21,49,21,39,21,18,21,62,19,55,49,49,55,44,40,48,37,43,34,39,22,38,50,17,63,48,61,49,69,29,40,9,35,43,19,40,27,15,54,55,31,20,40,38,38,39,36,39,47,23,39,36,49,53,59,34,53,31,43,32,36,48,38,33,21,61,73,51,35,46,18,39,49,63,63,35,48,37,34,21,41,55,37,19,49,51,35,9,53,56,67,34,41,36,43,24,37,42,35,24,40,25,36,48,21,52,
164,34,42,21,41,10,22,37,11,41,39,63,26,43,21,45,60,25,49,45,39,56,17,50,20,20,55,60,55,50,21,50,38,40,68,38,21,32,43,42,22,39,22,33,20,19,43,42,52,24,21,51,34,35,34,20,40,18,34,46,38,39,38,39,21,25,36,56,18,49,24,18,35,35,22,50,18,53,63,52,58,18,19,60,25,42,41,20,47,21,62,19,22,43,32,22,50,22,40,22,19,22,63,20,56,50,50,56,45,41,49,38,44,35,40,23,39,51,18,64,49,62,50,70,30,41,10,36,44,20,41,28,16,55,56,32,21,41,39,39,40,37,40,48,24,40,37,50,54,60,35,54,32,44,33,37,49,39,34,22,62,74,52,36,47,19,40,50,64,64,36,49,38,35,22,42,56,38,20,50,52,36,10,54,57,68,35,42,37,44,25,38,43,36,25,41,26,37,49,22,53,
165,35,43,22,42,11,23,38,12,42,40,64,27,44,22,46,61,26,50,46,40,57,18,51,21,21,56,61,56,51,22,51,39,41,69,39,22,33,44,43,23,40,23,34,21,20,44,43,53,25,22,52,35,36,35,21,41,19,35,47,39,40,39,40,22,26,37,57,19,50,25,19,36,36,23,51,19,54,64,53,59,19,20,61,26,43,42,21,48,22,63,20,23,44,33,23,51,23,41,23,20,23,64,21,57,51,51,57,46,42,50,39,45,36,41,24,40,52,19,65,50,63,51,71,31,42,11,37,45,21,42,29,17,56,57,33,22,42,40,40,41,38,41,49,25,41,38,51,55,61,36,55,33,45,34,38,50,40,35,23,63,75,53,37,48,20,41,51,65,65,37,50,39,36,23,43,57,39,21,51,53,37,11,55,58,69,36,43,38,45,26,39,44,37,26,42,27,38,50,23,54,
166,36,44,23,43,12,24,39,13,43,41,65,28,45,23,47,62,27,51,47,41,58,19,52,22,22,57,62,57,52,23,52,40,42,70,40,23,34,45,44,24,41,24,35,22,21,45,44,54,26,23,53,36,37,36,22,42,20,36,48,40,41,40,41,23,27,38,58,20,51,26,20,37,37,24,52,20,55,65,54,60,20,21,62,27,44,43,22,49,23,64,21,24,45,34,24,52,24,42,24,21,24,65,22,58,52,52,58,47,43,51,40,46,37,42,25,41,53,20,66,51,64,52,72,32,43,12,38,46,22,43,30,18,57,58,34,23,43,41,41,42,39,42,50,26,42,39,52,56,62,37,56,34,46,35,39,51,41,36,24,64,76,54,38,49,21,42,52,66,66,38,51,40,37,24,44,58,40,22,52,54,38,12,56,59,70,37,44,39,46,27,40,45,38,27,43,28,39,51,24,55,
167,37,45,24,44,13,25,40,14,44,42,66,29,46,24,48,63,28,52,48,42,59,20,53,23,23,58,63,58,53,24,53,41,43,71,41,24,35,46,45,25,42,25,36,23,22,46,45,55,27,24,54,37,38,37,23,43,21,37,49,41,42,41,42,24,28,39,59,21,52,27,21,38,38,25,53,21,56,66,55,61,21,22,63,28,45,44,23,50,24,65,22,25,46,35,25,53,25,43,25,22,25,66,23,59,53,53,59,48,44,52,41,47,38,43,26,42,54,21,67,52,65,53,73,33,44,13,39,47,23,44,31,19,58,59,35,24,44,42,42,43,40,43,51,27,43,40,53,57,63,38,57,35,47,36,40,52,42,37,25,65,77,55,39,50,22,43,53,67,67,39,52,41,38,25,45,59,41,23,53,55,39,13,57,60,71,38,45,40,47,28,41,46,39,28,44,29,40,52,25,56,
168,38,46,25,45,14,26,41,15,45,43,67,30,47,25,49,64,29,53,49,43,60,21,54,24,24,59,64,59,54,25,54,42,44,72,42,25,36,47,46,26,43,26,37,24,23,47,46,56,28,25,55,38,39,38,24,44,22,38,50,42,43,42,43,25,29,40,60,22,53,28,22,39,39,26,54,22,57,67,56,62,22,23,64,29,46,45,24,51,25,66,23,26,47,36,26,54,26,44,26,23,26,67,24,60,54,54,60,49,45,53,42,48,39,44,27,43,55,22,68,53,66,54,74,34,45,14,40,48,24,45,32,20,59,60,36,25,45,43,43,44,41,44,52,28,44,41,54,58,64,39,58,36,48,37,41,53,43,38,26,66,78,56,40,51,23,44,54,68,68,40,53,42,39,26,46,60,42,24,54,56,40,14,58,61,72,39,46,41,48,29,42,47,40,29,45,30,41,53,26,57,
169,39,47,26,46,15,27,42,16,46,44,68,31,48,26,50,65,30,54,50,44,61,22,55,25,25,60,65,60,55,26,55,43,45,73,43,26,37,48,47,27,44,27,38,25,24,48,47,57,29,26,56,39,40,39,25,45,23,39,51,43,44,43,44,26,30,41,61,23,54,29,23,40,40,27,55,23,58,68,57,63,23,24,65,30,47,46,25,52,26,67,24,27,48,37,27,55,27,45,27,24,27,68,25,61,55,55,61,50,46,54,43,49,40,45,28,44,56,23,69,54,67,55,75,35,46,15,41,49,25,46,33,21,60,61,37,26,46,44,44,45,42,45,53,29,45,42,55,59,65,40,59,37,49,38,42,54,44,39,27,67,79,57,41,52,24,45,55,69,69,41,54,43,40,27,47,61,43,25,55,57,41,15,59,62,73,40,47,42,49,30,43,48,41,30,46,31,42,54,27,58,
170,40,48,27,47,16,28,43,17,47,45,69,32,49,27,51,66,31,55,51,45,62,23,56,26,26,61,66,61,56,27,56,44,46,74,44,27,38,49,48,28,45,28,39,26,25,49,48,58,30,27,57,40,41,40,26,46,24,40,52,44,45,44,45,27,31,42,62,24,55,30,24,41,41,28,56,24,59,69,58,64,24,25,66,31,48,47,26,53,27,68,25,28,49,38,28,56,28,46,28,25,28,69,26,62,56,56,62,51,47,55,44,50,41,46,29,45,57,24,70,55,68,56,76,36,47,16,42,50,26,47,34,22,61,62,38,27,47,45,45,46,43,46,54,30,46,43,56,60,66,41,60,38,50,39,43,55,45,40,28,68,80,58,42,53,25,46,56,70,70,42,55,44,41,28,48,62,44,26,56,58,42,16,60,63,74,41,48,43,50,31,44,49,42,31,47,32,43,55,28,59,
171,41,49,28,48,17,29,44,18,48,46,70,33,50,28,52,67,32,56,52,46,63,24,57,27,27,62,67,62,57,28,57,45,47,75,45,28,39,50,49,29,46,29,40,27,26,50,49,59,31,28,58,41,42,41,27,47,25,41,53,45,46,45,46,28,32,43,63,25,56,31,25,42,42,29,57,25,60,70,59,65,25,26,67,32,49,48,27,54,28,69,26,29,50,39,29,57,29,47,29,26,29,70,27,63,57,57,63,52,48,56,45,51,42,47,30,46,58,25,71,56,69,57,77,37,48,17,43,51,27,48,35,23,62,63,39,28,48,46,46,47,44,47,55,31,47,44,57,61,67,42,61,39,51,40,44,56,46,41,29,69,81,59,43,54,26,47,57,71,71,43,56,45,42,29,49,63,45,27,57,59,43,17,61,64,75,42,49,44,51,32,45,50,43,32,48,33,44,56,29,60,
172,42,50,29,49,18,30,45,19,49,47,71,34,51,29,53,68,33,57,53,47,64,25,58,28,28,63,68,63,58,29,58,46,48,76,46,29,40,51,50,30,47,30,41,28,27,51,50,60,32,29,59,42,43,42,28,48,26,42,54,46,47,46,47,29,33,44,64,26,57,32,26,43,43,30,58,26,61,71,60,66,26,27,68,33,50,49,28,55,29,70,27,30,51,40,30,58,30,48,30,27,30,71,28,64,58,58,64,53,49,57,46,52,43,48,31,47,59,26,72,57,70,58,78,38,49,18,44,52,28,49,36,24,63,64,40,29,49,47,47,48,45,48,56,32,48,45,58,62,68,43,62,40,52,41,45,57,47,42,30,70,82,60,44,55,27,48,58,72,72,44,57,46,43,30,50,64,46,28,58,60,44,18,62,65,76,43,50,45,52,33,46,51,44,33,49,34,45,57,30,61,
173,43,51,30,50,19,31,46,20,50,48,72,35,52,30,54,69,34,58,54,48,65,26,59,29,29,64,69,64,59,30,59,47,49,77,47,30,41,52,51,31,48,31,42,29,28,52,51,61,33,30,60,43,44,43,29,49,27,43,55,47,48,47,48,30,34,45,65,27,58,33,27,44,44,31,59,27,62,72,61,67,27,28,69,34,51,50,29,56,30,71,28,31,52,41,31,59,31,49,31,28,31,72,29,65,59,59,65,54,50,58,47,53,44,49,32,48,60,27,73,58,71,59,79,39,50,19,45,53,29,50,37,25,64,65,41,30,50,48,48,49,46,49,57,33,49,46,59,63,69,44,63,41,53,42,46,58,48,43,31,71,83,61,45,56,28,49,59,73,73,45,58,47,44,31,51,65,47,29,59,61,45,19,63,66,77,44,51,46,53,34,47,52,45,34,50,35,46,58,31,62,
174,44,52,31,51,20,32,47,21,51,49,73,36,53,31,55,70,35,59,55,49,66,27,60,30,30,65,70,65,60,31,60,48,50,78,48,31,42,53,52,32,49,32,43,30,29,53,52,62,34,31,61,44,45,44,30,50,28,44,56,48,49,48,49,31,35,46,66,28,59,34,28,45,45,32,60,28,63,73,62,68,28,29,70,35,52,51,30,57,31,72,29,32,53,42,32,60,32,50,32,29,32,73,30,66,60,60,66,55,51,59,48,54,45,50,33,49,61,28,74,59,72,60,80,40,51,20,46,54,30,51,38,26,65,66,42,31,51,49,49,50,47,50,58,34,50,47,60,64,70,45,64,42,54,43,47,59,49,44,32,72,84,62,46,57,29,50,60,74,74,46,59,48,45,32,52,66,48,30,60,62,46,20,64,67,78,45,52,47,54,35,48,53,46,35,51,36,47,59,32,63,
175,45,53,32,52,21,33,48,22,52,50,74,37,54,32,56,71,36,60,56,50,67,28,61,31,31,66,71,66,61,32,61,49,51,79,49,32,43,54,53,33,50,33,44,31,30,54,53,63,35,32,62,45,46,45,31,51,29,45,57,49,50,49,50,32,36,47,67,29,60,35,29,46,46,33,61,29,64,74,63,69,29,30,71,36,53,52,31,58,32,73,30,33,54,43,33,61,33,51,33,30,33,74,31,67,61,61,67,56,52,60,49,55,46,51,34,50,62,29,75,60,73,61,81,41,52,21,47,55,31,52,39,27,66,67,43,32,52,50,50,51,48,51,59,35,51,48,61,65,71,46,65,43,55,44,48,60,50,45,33,73,85,63,47,58,30,51,61,75,75,47,60,49,46,33,53,67,49,31,61,63,47,21,65,68,79,46,53,48,55,36,49,54,47,36,52,37,48,60,33,64,
176,46,54,33,53,22,34,49,23,53,51,75,38,55,33,57,72,37,61,57,51,68,29,62,32,32,67,72,67,62,33,62,50,52,80,50,33,44,55,54,34,51,34,45,32,31,55,54,64,36,33,63,46,47,46,32,52,30,46,58,50,51,50,51,33,37,48,68,30,61,36,30,47,47,34,62,30,65,75,64,70,30,31,72,37,54,53,32,59,33,74,31,34,55,44,34,62,34,52,34,31,34,75,32,68,62,62,68,57,53,61,50,56,47,52,35,51,63,30,76,61,74,62,82,42,53,22,48,56,32,53,40,28,67,68,44,33,53,51,51,52,49,52,60,36,52,49,62,66,72,47,66,44,56,45,49,61,51,46,34,74,86,64,48,59,31,52,62,76,76,48,61,50,47,34,54,68,50,32,62,64,48,22,66,69,80,47,54,49,56,37,50,55,48,37,53,38,49,61,34,65,
177,47,55,34,54,23,35,50,24,54,52,76,39,56,34,58,73,38,62,58,52,69,30,63,33,33,68,73,68,63,34,63,51,53,81,51,34,45,56,55,35,52,35,46,33,32,56,55,65,37,34,64,47,48,47,33,53,31,47,59,51,52,51,52,34,38,49,69,31,62,37,31,48,48,35,63,31,66,76,65,71,31,32,73,38,55,54,33,60,34,75,32,35,56,45,35,63,35,53,35,32,35,76,33,69,63,63,69,58,54,62,51,57,48,53,36,52,64,31,77,62,75,63,83,43,54,23,49,57,33,54,41,29,68,69,45,34,54,52,52,53,50,53,61,37,53,50,63,67,73,48,67,45,57,46,50,62,52,47,35,75,87,65,49,60,32,53,63,77,77,49,62,51,48,35,55,69,51,33,63,65,49,23,67,70,81,48,55,50,57,38,51,56,49,38,54,39,50,62,35,66,
178,48,56,35,55,24,36,51,25,55,53,77,40,57,35,59,74,39,63,59,53,70,31,64,34,34,69,74,69,64,35,64,52,54,82,52,35,46,57,56,36,53,36,47,34,33,57,56,66,38,35,65,48,49,48,34,54,32,48,60,52,53,52,53,35,39,50,70,32,63,38,32,49,49,36,64,32,67,77,66,72,32,33,74,39,56,55,34,61,35,76,33,36,57,46,36,64,36,54,36,33,36,77,34,70,64,64,70,59,55,63,52,58,49,54,37,53,65,32,78,63,76,64,84,44,55,24,50,58,34,55,42,30,69,70,46,35,55,53,53,54,51,54,62,38,54,51,64,68,74,49,68,46,58,47,51,63,53,48,36,76,88,66,50,61,33,54,64,78,78,50,63,52,49,36,56,70,52,34,64,66,50,24,68,71,82,49,56,51,58,39,52,57,50,39,55,40,51,63,36,67,
179,49,57,36,56,25,37,52,26,56,54,78,41,58,36,60,75,40,64,60,54,71,32,65,35,35,70,75,70,65,36,65,53,55,83,53,36,47,58,57,37,54,37,48,35,34,58,57,67,39,36,66,49,50,49,35,55,33,49,61,53,54,53,54,36,40,51,71,33,64,39,33,50,50,37,65,33,68,78,67,73,33,34,75,40,57,56,35,62,36,77,34,37,58,47,37,65,37,55,37,34,37,78,35,71,65,65,71,60,56,64,53,59,50,55,38,54,66,33,79,64,77,65,85,45,56,25,51,59,35,56,43,31,70,71,47,36,56,54,54,55,52,55,63,39,55,52,65,69,75,50,69,47,59,48,52,64,54,49,37,77,89,67,51,62,34,55,65,79,79,51,64,53,50,37,57,71,53,35,65,67,51,25,69,72,83,50,57,52,59,40,53,58,51,40,56,41,52,64,37,68,
180,50,58,37,57,26,38,53,27,57,55,79,42,59,37,61,76,41,65,61,55,72,33,66,36,36,71,76,71,66,37,66,54,56,84,54,37,48,59,58,38,55,38,49,36,35,59,58,68,40,37,67,50,51,50,36,56,34,50,62,54,55,54,55,37,41,52,72,34,65,40,34,51,51,38,66,34,69,79,68,74,34,35,76,41,58,57,36,63,37,78,35,38,59,48,38,66,38,56,38,35,38,79,36,72,66,66,72,61,57,65,54,60,51,56,39,55,67,34,80,65,78,66,86,46,57,26,52,60,36,57,44,32,71,72,48,37,57,55,55,56,53,56,64,40,56,53,66,70,76,51,70,48,60,49,53,65,55,50,38,78,90,68,52,63,35,56,66,80,80,52,65,54,51,38,58,72,54,36,66,68,52,26,70,73,84,51,58,53,60,41,54,59,52,41,57,42,53,65,38,69,
181,51,59,38,58,27,39,54,28,58,56,80,43,60,38,62,77,42,66,62,56,73,34,67,37,37,72,77,72,67,38,67,55,57,85,55,38,49,60,59,39,56,39,50,37,36,60,59,69,41,38,68,51,52,51,37,57,35,51,63,55,56,55,56,38,42,53,73,35,66,41,35,52,52,39,67,35,70,80,69,75,35,36,77,42,59,58,37,64,38,79,36,39,60,49,39,67,39,57,39,36,39,80,37,73,67,67,73,62,58,66,55,61,52,57,40,56,68,35,81,66,79,67,87,47,58,27,53,61,37,58,45,33,72,73,49,38,58,56,56,57,54,57,65,41,57,54,67,71,77,52,71,49,61,50,54,66,56,51,39,79,91,69,53,64,36,57,67,81,81,53,66,55,52,39,59,73,55,37,67,69,53,27,71,74,85,52,59,54,61,42,55,60,53,42,58,43,54,66,39,70,
182,52,60,39,59,28,40,55,29,59,57,81,44,61,39,63,78,43,67,63,57,74,35,68,38,38,73,78,73,68,39,68,56,58,86,56,39,50,61,60,40,57,40,51,38,37,61,60,70,42,39,69,52,53,52,38,58,36,52,64,56,57,56,57,39,43,54,74,36,67,42,36,53,53,40,68,36,71,81,70,76,36,37,78,43,60,59,38,65,39,80,37,40,61,50,40,68,40,58,40,37,40,81,38,74,68,68,74,63,59,67,56,62,53,58,41,57,69,36,82,67,80,68,88,48,59,28,54,62,38,59,46,34,73,74,50,39,59,57,57,58,55,58,66,42,58,55,68,72,78,53,72,50,62,51,55,67,57,52,40,80,92,70,54,65,37,58,68,82,82,54,67,56,53,40,60,74,56,38,68,70,54,28,72,75,86,53,60,55,62,43,56,61,54,43,59,44,55,67,40,71,
183,53,61,40,60,29,41,56,30,60,58,82,45,62,40,64,79,44,68,64,58,75,36,69,39,39,74,79,74,69,40,69,57,59,87,57,40,51,62,61,41,58,41,52,39,38,62,61,71,43,40,70,53,54,53,39,59,37,53,65,57,58,57,58,40,44,55,75,37,68,43,37,54,54,41,69,37,72,82,71,77,37,38,79,44,61,60,39,66,40,81,38,41,62,51,41,69,41,59,41,38,41,82,39,75,69,69,75,64,60,68,57,63,54,59,42,58,70,37,83,68,81,69,89,49,60,29,55,63,39,60,47,35,74,75,51,40,60,58,58,59,56,59,67,43,59,56,69,73,79,54,73,51,63,52,56,68,58,53,41,81,93,71,55,66,38,59,69,83,83,55,68,57,54,41,61,75,57,39,69,71,55,29,73,76,87,54,61,56,63,44,57,62,55,44,60,45,56,68,41,72,
184,54,62,41,61,30,42,57,31,61,59,83,46,63,41,65,80,45,69,65,59,76,37,70,40,40,75,80,75,70,41,70,58,60,88,58,41,52,63,62,42,59,42,53,40,39,63,62,72,44,41,71,54,55,54,40,60,38,54,66,58,59,58,59,41,45,56,76,38,69,44,38,55,55,42,70,38,73,83,72,78,38,39,80,45,62,61,40,67,41,82,39,42,63,52,42,70,42,60,42,39,42,83,40,76,70,70,76,65,61,69,58,64,55,60,43,59,71,38,84,69,82,70,90,50,61,30,56,64,40,61,48,36,75,76,52,41,61,59,59,60,57,60,68,44,60,57,70,74,80,55,74,52,64,53,57,69,59,54,42,82,94,72,56,67,39,60,70,84,84,56,69,58,55,42,62,76,58,40,70,72,56,30,74,77,88,55,62,57,64,45,58,63,56,45,61,46,57,69,42,73,
185,55,63,42,62,31,43,58,32,62,60,84,47,64,42,66,81,46,70,66,60,77,38,71,41,41,76,81,76,71,42,71,59,61,89,59,42,53,64,63,43,60,43,54,41,40,64,63,73,45,42,72,55,56,55,41,61,39,55,67,59,60,59,60,42,46,57,77,39,70,45,39,56,56,43,71,39,74,84,73,79,39,40,81,46,63,62,41,68,42,83,40,43,64,53,43,71,43,61,43,40,43,84,41,77,71,71,77,66,62,70,59,65,56,61,44,60,72,39,85,70,83,71,91,51,62,31,57,65,41,62,49,37,76,77,53,42,62,60,60,61,58,61,69,45,61,58,71,75,81,56,75,53,65,54,58,70,60,55,43,83,95,73,57,68,40,61,71,85,85,57,70,59,56,43,63,77,59,41,71,73,57,31,75,78,89,56,63,58,65,46,59,64,57,46,62,47,58,70,43,74,
186,56,64,43,63,32,44,59,33,63,61,85,48,65,43,67,82,47,71,67,61,78,39,72,42,42,77,82,77,72,43,72,60,62,90,60,43,54,65,64,44,61,44,55,42,41,65,64,74,46,43,73,56,57,56,42,62,40,56,68,60,61,60,61,43,47,58,78,40,71,46,40,57,57,44,72,40,75,85,74,80,40,41,82,47,64,63,42,69,43,84,41,44,65,54,44,72,44,62,44,41,44,85,42,78,72,72,78,67,63,71,60,66,57,62,45,61,73,40,86,71,84,72,92,52,63,32,58,66,42,63,50,38,77,78,54,43,63,61,61,62,59,62,70,46,62,59,72,76,82,57,76,54,66,55,59,71,61,56,44,84,96,74,58,69,41,62,72,86,86,58,71,60,57,44,64,78,60,42,72,74,58,32,76,79,90,57,64,59,66,47,60,65,58,47,63,48,59,71,44,75,
187,57,65,44,64,33,45,60,34,64,62,86,49,66,44,68,83,48,72,68,62,79,40,73,43,43,78,83,78,73,44,73,61,63,91,61,44,55,66,65,45,62,45,56,43,42,66,65,75,47,44,74,57,58,57,43,63,41,57,69,61,62,61,62,44,48,59,79,41,72,47,41,58,58,45,73,41,76,86,75,81,41,42,83,48,65,64,43,70,44,85,42,45,66,55,45,73,45,63,45,42,45,86,43,79,73,73,79,68,64,72,61,67,58,63,46,62,74,41,87,72,85,73,93,53,64,33,59,67,43,64,51,39,78,79,55,44,64,62,62,63,60,63,71,47,63,60,73,77,83,58,77,55,67,56,60,72,62,57,45,85,97,75,59,70,42,63,73,87,87,59,72,61,58,45,65,79,61,43,73,75,59,33,77,80,91,58,65,60,67,48,61,66,59,48,64,49,60,72,45,76,
188,58,66,45,65,34,46,61,35,65,63,87,50,67,45,69,84,49,73,69,63,80,41,74,44,44,79,84,79,74,45,74,62,64,92,62,45,56,67,66,46,63,46,57,44,43,67,66,76,48,45,75,58,59,58,44,64,42,58,70,62,63,62,63,45,49,60,80,42,73,48,42,59,59,46,74,42,77,87,76,82,42,43,84,49,66,65,44,71,45,86,43,46,67,56,46,74,46,64,46,43,46,87,44,80,74,74,80,69,65,73,62,68,59,64,47,63,75,42,88,73,86,74,94,54,65,34,60,68,44,65,52,40,79,80,56,45,65,63,63,64,61,64,72,48,64,61,74,78,84,59,78,56,68,57,61,73,63,58,46,86,98,76,60,71,43,64,74,88,88,60,73,62,59,46,66,80,62,44,74,76,60,34,78,81,92,59,66,61,68,49,62,67,60,49,65,50,61,73,46,77,
189,59,67,46,66,35,47,62,36,66,64,88,51,68,46,70,85,50,74,70,64,81,42,75,45,45,80,85,80,75,46,75,63,65,93,63,46,57,68,67,47,64,47,58,45,44,68,67,77,49,46,76,59,60,59,45,65,43,59,71,63,64,63,64,46,50,61,81,43,74,49,43,60,60,47,75,43,78,88,77,83,43,44,85,50,67,66,45,72,46,87,44,47,68,57,47,75,47,65,47,44,47,88,45,81,75,75,81,70,66,74,63,69,60,65,48,64,76,43,89,74,87,75,95,55,66,35,61,69,45,66,53,41,80,81,57,46,66,64,64,65,62,65,73,49,65,62,75,79,85,60,79,57,69,58,62,74,64,59,47,87,99,77,61,72,44,65,75,89,89,61,74,63,60,47,67,81,63,45,75,77,61,35,79,82,93,60,67,62,69,50,63,68,61,50,66,51,62,74,47,78,
190,60,68,47,67,36,48,63,37,67,65,89,52,69,47,71,86,51,75,71,65,82,43,76,46,46,81,86,81,76,47,76,64,66,94,64,47,58,69,68,48,65,48,59,46,45,69,68,78,50,47,77,60,61,60,46,66,44,60,72,64,65,64,65,47,51,62,82,44,75,50,44,61,61,48,76,44,79,89,78,84,44,45,86,51,68,67,46,73,47,88,45,48,69,58,48,76,48,66,48,45,48,89,46,82,76,76,82,71,67,75,64,70,61,66,49,65,77,44,90,75,88,76,96,56,67,36,62,70,46,67,54,42,81,82,58,47,67,65,65,66,63,66,74,50,66,63,76,80,86,61,80,58,70,59,63,75,65,60,48,88,0,78,62,73,45,66,76,90,90,62,75,64,61,48,68,82,64,46,76,78,62,36,80,83,94,61,68,63,70,51,64,69,62,51,67,52,63,75,48,79,
191,62,69,49,68,37,49,65,38,69,66,91,53,70,48,73,87,52,77,73,66,83,44,77,47,47,82,87,83,78,48,77,66,68,96,65,48,59,70,69,49,66,50,60,48,46,70,69,79,51,48,78,61,62,61,47,67,45,61,73,65,66,65,66,48,52,63,83,45,77,51,45,62,63,49,78,46,80,91,79,85,45,46,88,52,69,69,47,74,48,89,46,49,70,59,49,77,49,67,50,47,49,90,47,84,77,77,83,72,68,76,65,72,62,67,50,67,78,45,92,77,90,77,97,57,68,37,63,71,47,68,55,43,83,83,60,49,68,66,66,67,64,67,76,51,67,64,77,82,88,62,81,59,72,60,64,76,66,61,49,90,1,79,63,75,46,67,77,91,91,63,77,65,62,49,70,84,66,47,77,80,63,37,81,84,96,62,69,64,71,52,66,70,63,52,68,53,64,76,49,81,
192,63,70,50,69,38,50,66,39,70,67,92,54,71,49,74,88,53,78,74,67,84,45,78,48,48,83,88,84,79,49,78,67,69,97,66,49,60,71,70,50,67,51,61,49,47,71,70,80,52,49,79,62,63,62,48,68,46,62,74,66,67,66,67,49,53,64,84,46,78,52,46,63,64,50,79,47,81,92,80,86,46,47,89,53,70,70,48,75,49,90,47,50,71,60,50,78,50,68,51,48,50,91,48,85,78,78,84,73,69,77,66,73,63,68,51,68,79,46,93,78,91,78,98,58,69,38,64,72,48,69,56,44,84,84,61,50,69,67,67,68,65,68,77,52,68,65,78,83,89,63,82,60,73,61,65,77,67,62,50,91,2,80,64,76,47,68,78,92,92,64,78,66,63,50,71,85,67,48,78,81,64,38,82,85,97,63,70,65,72,53,67,71,64,53,69,54,65,77,50,82,
193,64,71,51,70,39,51,67,40,71,68,93,55,72,50,75,89,54,79,75,68,85,46,79,49,49,84,89,85,80,50,79,68,70,98,67,50,61,72,71,51,68,52,62,50,48,72,71,81,53,50,80,63,64,63,49,69,47,63,75,67,68,67,68,50,54,65,85,47,79,53,47,64,65,51,80,48,82,93,81,87,47,48,90,54,71,71,49,76,50,91,48,51,72,61,51,79,51,69,52,49,51,92,49,86,79,79,85,74,70,78,67,74,64,69,52,69,80,47,94,79,92,79,99,59,70,39,65,73,49,70,57,45,85,85,62,51,70,68,68,69,66,69,78,53,69,66,79,84,90,64,83,61,74,62,66,78,68,63,51,92,3,81,65,77,48,69,79,93,93,65,79,67,64,51,72,86,68,49,79,82,65,39,83,86,98,64,71,66,73,54,68,72,65,54,70,55,66,78,51,83,
194,65,72,52,71,40,52,68,41,72,69,94,56,73,51,76,90,55,80,76,69,86,47,80,50,50,85,90,86,81,51,80,69,71,99,68,51,62,73,72,52,69,53,63,51,49,73,72,82,54,51,81,64,65,64,50,70,48,64,76,68,69,68,69,51,55,66,86,48,80,54,48,65,66,52,81,49,83,94,82,88,48,49,91,55,72,72,50,77,51,92,49,52,73,62,52,80,52,70,53,50,52,93,50,87,80,80,86,75,71,79,68,75,65,70,53,70,81,48,95,80,93,80,0,60,71,40,66,74,50,71,58,46,86,86,63,52,71,69,69,70,67,70,79,54,70,67,80,85,91,65,84,62,75,63,67,79,69,64,52,93,4,82,66,78,49,70,80,94,94,66,80,68,65,52,73,87,69,50,80,83,66,40,84,87,99,65,72,67,74,55,69,73,66,55,71,56,67,79,52,84,
195,66,73,53,72,41,53,70,42,73,70,95,58,74,52,78,91,56,82,77,71,87,48,81,52,51,87,92,87,82,53,81,70,72,0,69,53,63,74,73,53,70,54,64,52,50,74,73,83,56,53,82,66,67,65,51,71,49,65,77,69,70,70,70,52,56,67,87,49,81,55,49,66,67,53,83,50,84,95,83,89,49,50,93,56,73,73,51,78,53,93,50,53,74,63,53,82,53,71,54,52,53,94,51,88,81,82,87,77,72,80,69,76,67,71,55,71,82,49,97,81,94,81,2,61,73,41,67,75,51,72,59,47,87,87,64,53,72,71,70,71,68,71,81,55,71,68,82,86,93,66,85,63,76,65,68,80,70,65,53,94,6,83,67,79,50,71,82,95,95,67,81,69,66,53,74,88,71,51,81,84,68,41,85,88,0,66,73,69,75,56,70,74,67,56,72,57,69,80,53,85,
196,67,74,55,74,42,55,72,43,74,71,96,59,75,53,79,93,59,83,78,72,89,49,82,53,52,88,93,90,84,54,82,71,73,2,71,54,64,75,74,55,71,55,65,53,52,75,74,85,58,54,83,67,69,67,52,73,50,68,78,70,71,71,72,53,57,68,88,50,83,56,51,67,68,55,85,51,85,96,85,90,50,51,95,57,74,74,52,80,54,94,51,54,75,65,55,84,55,72,55,53,54,96,53,90,83,83,89,78,73,81,70,78,68,73,56,73,84,50,99,83,95,82,3,62,74,42,68,76,53,74,60,48,88,90,65,55,74,73,71,72,69,73,82,56,73,69,83,88,94,67,86,66,78,67,70,81,72,66,54,95,7,84,68,81,51,72,83,97,97,69,82,70,67,54,75,89,72,52,83,86,69,42,86,89,2,67,74,70,77,57,71,76,69,58,74,58,70,82,55,88,
197,68,75,56,75,43,56,73,44,75,72,97,60,76,54,80,94,60,84,79,73,90,50,83,54,53,89,94,91,85,55,83,72,74,3,72,55,65,76,75,56,72,56,66,54,53,76,75,86,59,55,84,68,70,68,53,74,51,69,79,71,72,72,73,54,58,69,89,51,84,57,52,68,69,56,86,52,86,97,86,91,51,52,96,58,75,75,53,81,55,95,52,55,76,66,56,85,56,73,56,54,55,97,54,91,84,84,90,79,74,82,71,79,69,74,57,74,85,51,0,84,96,83,4,63,75,43,69,77,54,75,61,49,89,91,66,56,75,74,72,73,70,74,83,57,74,70,84,89,95,68,87,67,79,68,71,82,73,67,55,96,8,85,69,82,52,73,84,98,98,70,83,71,68,55,76,90,73,53,84,87,70,43,87,90,3,68,75,71,78,58,72,77,70,59,75,59,71,83,56,89,
198,69,76,57,76,44,57,74,46,76,73,99,61,77,55,81,95,61,85,80,74,92,51,85,55,54,91,95,92,87,56,84,73,75,4,73,56,66,78,77,57,73,57,67,56,54,78,76,87,60,56,85,69,71,69,55,75,52,70,80,72,73,74,74,55,59,70,90,52,85,58,54,69,71,58,88,53,87,99,87,93,53,53,97,59,77,76,54,82,56,96,53,56,77,68,57,86,57,74,57,55,56,99,55,92,85,85,91,80,76,84,72,80,70,75,58,75,86,52,1,85,98,84,5,65,76,44,71,78,55,76,62,50,90,92,67,57,76,75,74,74,71,75,85,58,75,71,85,90,97,69,88,68,80,69,72,83,74,69,56,97,9,86,70,83,53,74,86,99,99,71,85,72,70,57,77,91,74,54,86,88,72,44,89,91,4,70,76,72,79,59,73,79,71,60,76,60,73,84,57,90,
199,70,77,58,77,45,58,75,47,77,74,0,62,78,56,82,96,62,86,81,75,93,52,86,56,55,92,96,93,88,57,85,74,76,5,74,57,67,79,78,58,74,58,68,57,55,79,77,88,61,57,86,70,72,70,56,76,53,71,81,73,74,75,75,56,60,71,91,53,86,59,55,70,72,59,89,54,88,0,88,94,54,54,98,60,78,77,55,83,57,97,54,57,78,69,58,87,58,75,58,56,57,0,56,93,86,86,92,81,77,85,73,81,71,76,59,76,87,53,2,86,99,85,6,66,77,45,72,79,56,77,63,51,91,93,68,58,77,76,75,75,72,76,86,59,76,72,86,91,98,70,89,69,81,70,73,84,75,70,57,98,10,87,71,84,54,75,87,0,0,72,86,73,71,58,78,92,75,55,87,89,73,45,90,92,5,71,77,73,80,60,74,80,72,61,77,61,74,85,58,91,
200,74,79,59,79,47,59,77,49,78,77,2,63,80,59,85,97,63,89,82,77,97,53,88,57,57,93,97,96,89,59,86,75,77,6,77,61,69,82,80,60,75,59,70,58,56,80,79,89,62,58,89,71,74,73,57,78,54,73,83,75,76,76,76,59,61,75,92,55,89,60,56,71,74,61,92,55,91,2,90,96,56,55,0,63,80,78,57,86,59,99,56,58,79,70,61,88,60,76,59,58,58,4,59,96,88,87,94,85,79,88,76,84,74,77,60,77,89,55,3,88,0,88,10,68,78,47,76,80,59,79,64,54,94,97,72,59,79,77,76,77,74,80,87,60,78,74,87,93,99,73,92,74,84,72,75,86,78,72,58,99,12,89,73,86,55,77,90,4,3,74,88,75,74,59,80,95,76,57,90,90,75,49,93,93,6,74,79,74,84,62,76,81,73,64,78,63,75,88,60,93,
201,76,80,62,80,49,61,78,50,80,78,5,64,81,60,86,99,64,90,83,78,99,55,89,60,59,94,99,97,90,60,88,76,78,7,78,62,72,83,82,62,76,60,72,59,58,81,80,90,63,59,90,72,76,74,58,80,55,74,84,77,78,77,78,61,63,77,94,56,90,62,57,72,75,63,95,56,92,3,91,97,57,56,1,66,81,80,58,89,61,0,57,60,81,72,62,90,61,78,60,59,60,5,61,97,89,88,97,86,80,89,78,86,75,78,61,78,90,56,4,89,1,89,11,69,80,48,77,81,60,80,66,55,95,98,74,60,81,79,77,80,75,81,88,61,79,75,90,94,0,75,93,75,85,73,76,87,79,74,59,0,15,91,74,88,57,78,92,5,5,75,90,78,75,60,82,96,77,58,91,91,77,51,95,94,8,77,80,75,85,64,77,82,74,66,79,64,76,90,62,95,
202,77,82,64,82,50,62,81,52,81,81,6,65,83,61,88,0,65,91,85,79,0,57,91,62,61,95,0,99,92,61,89,78,80,9,79,63,73,84,83,64,78,61,73,62,60,82,82,91,64,61,94,74,78,76,59,82,57,76,87,78,79,78,79,62,65,79,95,57,92,63,58,73,77,65,96,58,93,6,92,99,58,57,2,68,83,81,60,90,62,1,58,61,82,73,63,91,64,80,62,60,61,6,62,0,91,90,98,87,82,91,79,88,79,80,62,79,92,57,7,91,4,91,13,70,82,49,79,82,62,82,67,57,97,0,75,61,82,80,79,81,76,82,90,63,80,78,93,95,1,76,94,76,86,75,77,88,80,76,61,1,16,93,76,91,58,80,93,7,7,76,92,80,76,62,83,98,79,60,93,92,80,52,98,95,12,79,81,77,86,65,79,83,77,67,80,66,77,92,63,97,
203,79,84,67,84,52,63,83,53,82,83,9,66,84,62,91,2,68,94,86,81,3,60,93,65,63,96,2,0,95,63,91,79,82,13,81,64,76,85,85,66,80,62,75,64,64,84,84,94,66,64,96,76,81,77,61,84,59,78,89,80,80,79,82,63,66,82,97,61,94,65,59,77,80,67,0,61,97,7,94,0,59,59,3,70,84,82,62,93,64,4,59,62,83,77,65,94,65,81,65,62,63,9,65,2,92,92,0,88,84,93,81,90,80,81,64,81,94,58,8,94,6,94,14,72,86,51,81,83,63,84,69,60,98,1,77,63,84,82,80,82,78,84,93,66,83,80,96,97,4,80,97,77,90,76,79,91,83,78,63,3,17,94,78,93,61,82,94,10,11,78,94,83,77,63,84,0,82,61,95,93,82,53,0,99,15,80,83,78,88,66,81,85,79,69,81,69,81,94,65,98,
204,82,86,69,87,53,66,85,56,84,84,14,68,88,63,94,5,70,96,87,83,7,63,96,66,65,0,4,3,97,64,95,82,85,17,84,65,78,87,86,69,82,64,78,65,65,85,86,98,68,67,97,79,82,78,64,85,61,79,94,82,81,82,83,66,68,84,99,63,98,67,61,79,82,69,2,62,99,11,97,3,61,62,6,71,86,84,63,97,65,8,61,63,86,79,68,96,68,82,67,64,66,11,66,3,93,95,3,89,85,95,83,93,81,84,68,82,96,60,11,97,7,97,16,73,87,52,85,86,65,87,73,61,99,6,80,64,86,83,83,83,80,87,95,68,85,84,97,98,6,81,98,80,93,78,84,96,85,79,65,7,19,96,81,97,63,85,96,13,12,81,97,84,81,65,85,1,84,62,96,96,83,55,4,0,16,84,85,80,93,68,84,86,82,70,83,71,83,96,68,99,
205,84,87,71,88,54,68,86,57,85,86,17,69,90,64,95,6,71,97,88,85,9,64,97,67,66,1,5,5,98,65,96,83,87,20,85,66,80,89,87,70,83,65,80,66,67,86,87,0,69,68,98,80,83,79,65,86,62,80,96,83,83,83,84,67,70,85,0,64,99,69,62,81,83,70,3,63,0,12,98,6,62,63,7,72,89,85,64,99,67,9,62,64,88,80,69,97,69,84,68,65,67,12,68,4,94,96,5,91,87,97,85,94,82,85,69,84,98,61,12,98,9,99,17,76,88,53,86,87,67,90,74,62,0,8,81,65,87,85,85,84,82,89,96,70,87,85,98,99,7,82,99,81,94,79,85,97,86,81,66,9,20,97,82,99,65,86,97,15,13,82,98,85,82,66,86,3,86,64,97,98,85,56,6,2,18,85,87,82,94,69,85,87,83,72,84,72,84,98,69,0,
206,86,89,72,89,55,70,87,58,87,89,20,71,92,67,98,7,72,0,91,88,12,65,98,68,67,5,7,8,0,68,99,87,89,22,87,67,84,91,90,71,84,68,81,67,69,88,89,2,71,69,0,85,85,81,67,89,63,83,98,84,84,86,86,69,71,86,1,67,0,71,64,84,87,72,6,65,1,15,0,9,64,65,9,73,91,86,66,0,70,10,65,65,89,82,71,99,71,86,70,67,69,13,70,6,96,0,6,94,88,99,87,95,86,87,70,86,0,62,14,99,11,0,19,80,91,54,87,90,70,92,75,63,2,10,83,66,90,87,87,86,84,90,97,71,88,87,0,0,10,83,0,84,95,81,88,98,90,84,68,10,22,0,84,0,69,87,99,17,14,85,99,87,84,67,88,5,87,65,99,0,86,57,8,7,22,86,89,87,96,70,86,88,85,73,86,74,86,0,70,1,
207,90,92,77,92,59,74,91,59,92,94,24,75,94,71,0,14,73,4,94,91,16,69,0,70,70,11,12,12,4,73,0,90,94,28,89,72,88,93,95,74,89,72,88,71,71,96,94,4,76,72,4,91,88,87,74,94,68,90,0,89,91,91,90,73,74,90,6,71,2,74,67,89,92,74,10,67,7,19,6,14,68,68,15,76,95,89,72,3,74,16,69,72,92,88,73,0,73,92,72,73,72,18,72,8,99,4,10,97,93,0,89,0,90,89,75,92,4,67,20,0,17,2,25,83,92,56,90,94,73,95,80,66,6,15,91,71,93,90,91,89,89,91,0,74,93,94,4,7,13,90,7,90,97,87,92,0,93,87,71,12,32,2,89,5,73,92,0,23,20,93,0,93,89,73,93,10,93,71,0,3,91,60,13,10,28,90,94,89,0,74,91,94,89,77,92,77,91,4,74,8,
208,96,95,79,97,62,76,95,63,97,98,27,78,96,75,3,19,75,12,0,95,20,71,5,74,72,16,13,15,10,75,4,95,98,34,97,74,92,98,98,77,96,74,91,75,75,98,97,9,79,76,10,96,95,93,76,96,70,94,5,95,94,93,95,76,77,93,11,74,8,76,71,92,95,78,15,72,10,23,9,18,72,71,21,77,98,95,73,8,76,18,73,76,98,91,76,5,77,98,73,77,74,23,77,12,0,5,12,98,96,7,93,4,92,96,78,96,7,72,25,4,24,6,31,89,98,58,94,99,75,98,83,69,12,19,96,74,98,97,94,95,94,97,3,79,98,97,8,12,18,96,12,95,0,91,94,3,96,93,74,15,36,4,92,9,75,98,5,27,23,99,5,95,93,76,98,13,97,75,6,7,95,63,16,12,32,93,0,95,4,77,96,99,94,80,97,80,93,7,78,14,
209,97,97,80,99,64,77,98,64,98,0,28,81,99,76,5,20,76,14,3,97,22,73,7,76,74,19,15,18,13,77,5,96,0,36,98,75,96,99,0,78,97,76,93,76,77,0,99,10,80,78,11,97,96,94,78,99,72,96,7,96,96,95,96,77,79,94,13,75,10,78,73,94,97,80,16,75,11,24,13,21,73,72,23,79,0,97,75,9,77,21,74,77,0,93,78,7,79,0,76,79,76,25,79,13,2,7,14,99,98,8,94,6,94,99,79,97,8,74,26,5,25,7,32,90,0,60,96,0,77,99,84,71,14,21,97,76,0,0,95,97,97,98,5,80,0,0,9,14,20,97,13,97,2,93,95,5,98,95,75,17,39,5,93,10,78,0,7,28,25,0,7,97,95,77,0,14,99,77,7,10,99,64,17,14,33,96,3,97,6,80,97,0,95,82,98,81,95,8,81,16,
210,0,0,84,0,66,81,0,66,0,3,32,83,0,79,9,23,78,17,6,0,26,76,11,80,78,26,21,23,16,81,11,98,4,40,0,80,99,0,4,82,0,79,97,82,79,5,0,19,82,83,15,0,0,97,82,0,76,0,9,0,0,99,0,83,83,98,15,76,14,82,78,97,99,83,20,80,15,32,18,23,79,75,29,84,3,0,80,15,82,24,82,81,4,95,83,10,82,5,79,82,80,28,84,21,6,12,20,0,0,14,98,10,0,0,82,0,12,76,31,8,31,12,39,92,3,63,0,9,79,0,87,74,20,26,0,81,3,3,98,0,99,0,11,83,5,4,12,18,28,0,17,99,6,98,0,9,0,0,79,24,43,12,96,14,83,5,14,33,30,2,11,0,0,84,4,20,0,81,11,13,0,68,23,20,41,99,5,0,9,87,0,3,0,84,0,83,99,10,82,19,
211,6,10,87,8,71,87,8,72,13,16,43,92,13,89,19,38,89,23,17,8,36,87,23,84,91,33,34,36,27,89,20,0,11,47,6,87,0,11,12,89,11,91,0,87,87,15,10,31,91,90,30,7,9,0,90,9,87,7,17,8,10,0,8,90,92,0,28,84,24,91,85,99,0,91,27,92,26,42,27,33,87,85,35,94,14,11,85,22,89,33,94,87,16,99,87,23,91,14,88,88,90,40,88,31,18,20,32,11,8,23,0,18,5,9,88,9,24,83,43,24,39,25,50,99,16,68,9,15,88,10,92,84,29,35,7,91,17,11,0,6,0,13,16,90,12,14,19,31,38,8,26,0,14,0,8,18,7,4,91,33,53,22,0,21,90,14,18,41,47,12,17,7,5,94,13,30,6,88,19,26,10,72,32,35,47,0,19,7,20,93,9,10,7,90,10,91,0,21,89,27,
212,10,14,90,13,76,89,12,73,15,19,45,96,17,91,24,44,92,26,23,12,38,91,27,88,94,38,42,39,31,94,25,6,13,55,8,94,3,16,17,92,14,94,4,92,89,18,12,37,94,91,34,10,12,5,92,11,91,9,21,12,12,3,13,94,98,4,34,87,28,96,88,0,6,94,31,95,31,46,34,36,92,88,38,98,19,13,88,29,94,42,95,90,19,0,90,25,95,18,89,90,95,45,91,37,24,24,38,19,12,26,5,22,10,13,93,13,27,89,47,27,43,28,56,0,18,71,11,20,93,15,94,85,32,41,12,95,23,13,4,10,3,15,21,91,17,19,27,35,42,12,31,4,16,2,11,22,10,6,97,37,59,26,1,25,92,20,23,45,53,17,24,9,8,96,17,34,7,94,22,30,15,76,34,39,51,4,22,11,23,94,13,19,11,93,13,94,4,24,92,33,
213,12,16,91,15,77,90,14,75,17,21,46,98,18,92,25,45,94,28,25,13,41,92,29,90,96,39,43,42,32,95,26,7,15,56,10,96,4,17,18,94,15,95,6,94,91,19,14,39,96,92,36,12,13,7,94,13,92,10,22,14,14,5,15,95,99,5,36,88,30,98,90,1,8,95,33,96,33,48,35,38,93,90,40,99,21,16,89,30,96,44,96,92,21,2,91,27,96,19,91,92,96,47,93,39,27,25,40,22,13,28,7,23,12,15,94,14,28,90,49,30,45,31,59,2,20,73,12,22,94,16,95,86,34,42,13,96,24,15,5,11,5,16,22,93,20,20,28,36,43,15,32,6,19,3,13,23,12,7,98,38,60,27,3,26,93,22,24,48,54,18,25,11,9,97,19,37,9,95,25,31,16,77,36,41,52,6,25,12,25,95,14,20,12,94,14,95,5,27,93,34,
214,13,17,92,16,78,91,15,76,18,22,47,99,19,93,26,46,95,29,26,14,42,93,30,91,97,40,44,43,33,96,27,8,16,57,11,97,5,18,19,95,16,96,7,95,92,20,15,40,97,93,37,13,14,8,95,14,93,11,23,15,15,6,16,96,0,6,37,89,31,99,91,2,9,96,34,97,34,49,36,39,94,91,41,0,22,17,90,31,97,45,97,93,22,3,92,28,97,20,92,93,97,48,94,40,28,26,41,23,14,29,8,24,13,16,95,15,29,91,50,31,46,32,60,3,21,74,13,23,95,17,96,87,35,43,14,97,25,16,6,12,6,17,23,94,21,21,29,37,44,16,33,7,20,4,14,24,13,8,99,39,61,28,4,27,94,23,25,49,55,19,26,12,10,98,20,38,10,96,26,32,17,78,37,42,53,7,26,13,26,96,15,21,13,95,15,96,6,28,94,35,
215,15,19,93,19,79,92,18,77,20,24,49,0,20,95,27,47,96,30,27,16,44,94,31,93,98,42,45,45,34,97,28,10,17,59,12,99,6,20,20,97,17,98,9,96,93,22,17,41,99,95,38,15,15,9,96,15,94,12,25,17,16,7,17,98,2,8,39,90,32,0,93,4,10,97,36,98,36,50,38,41,95,92,42,1,23,19,91,32,98,47,98,96,23,4,93,30,98,22,93,94,98,49,95,42,29,27,42,25,16,31,10,25,14,17,96,16,32,92,53,33,48,33,62,4,22,76,14,24,97,19,98,88,37,44,15,99,28,18,8,13,7,18,24,95,22,22,31,38,45,17,36,8,21,5,15,26,14,10,0,42,64,29,5,28,95,24,26,50,56,20,27,14,11,99,22,39,11,97,28,34,18,80,38,43,55,8,28,15,28,97,17,22,14,96,16,97,9,29,95,37,
216,16,22,96,21,81,93,20,78,21,25,53,2,22,97,29,50,98,31,28,17,48,96,32,94,99,44,48,46,35,98,30,11,19,60,14,0,7,21,22,98,18,0,10,98,94,24,18,42,0,96,40,17,17,11,97,16,95,14,28,19,17,8,18,99,3,10,41,91,33,3,94,5,12,98,39,0,38,51,40,42,96,93,44,2,25,20,93,33,0,49,99,97,26,6,94,32,99,23,95,95,0,51,96,44,31,30,43,26,17,32,11,26,16,18,97,18,34,93,56,35,50,35,63,6,24,77,16,25,99,20,0,89,38,45,16,0,29,19,11,14,8,19,26,97,23,23,33,39,48,18,37,9,22,6,18,29,16,11,2,45,66,32,7,30,96,25,29,52,58,21,28,15,13,0,24,41,13,0,30,37,20,81,39,45,57,10,29,17,29,99,18,23,16,98,17,98,10,31,97,38,
217,17,25,98,22,84,95,21,83,24,28,58,7,27,0,32,54,0,36,31,23,50,98,35,97,0,47,51,49,37,0,33,16,25,64,17,2,9,23,24,0,24,2,12,0,96,26,21,45,4,98,41,21,21,13,98,19,98,17,31,22,21,11,20,0,6,11,46,94,37,7,96,10,14,0,41,5,41,53,44,46,97,95,49,5,28,22,97,35,2,54,0,0,28,8,95,37,0,26,98,97,3,56,98,49,36,32,45,28,21,36,12,29,19,21,0,21,36,95,60,38,51,39,69,9,29,79,20,28,0,23,2,91,46,49,19,2,31,23,13,16,10,22,31,99,27,27,36,44,53,21,40,11,24,8,22,31,18,14,4,49,70,36,8,33,99,28,33,56,59,25,34,17,15,1,28,44,16,2,31,40,22,83,42,47,58,12,35,19,30,0,21,25,18,0,22,0,13,37,0,40,
218,20,29,0,26,88,0,25,89,27,30,62,12,30,3,36,58,6,39,39,26,55,0,42,0,3,51,55,52,43,3,38,20,29,72,22,5,14,30,31,4,27,6,16,5,0,30,23,47,9,0,44,23,26,17,0,22,0,19,36,27,25,15,25,2,13,14,50,97,40,10,99,16,17,5,47,7,49,58,46,51,0,0,54,12,33,26,0,40,6,59,6,5,33,12,99,41,3,30,0,0,8,61,0,52,42,38,48,34,23,42,17,34,21,24,4,25,42,98,61,41,57,45,73,13,32,87,24,34,4,31,8,94,52,50,22,7,35,29,21,21,13,29,36,0,32,30,41,47,56,24,44,18,28,13,24,36,24,20,7,58,75,44,15,38,0,33,39,63,61,28,37,23,19,9,34,51,22,4,38,47,23,88,48,54,65,14,38,23,34,6,26,33,23,7,29,5,16,41,6,44,
219,23,35,3,33,91,4,29,93,34,36,67,16,35,7,39,61,12,45,44,30,57,2,47,3,6,55,61,56,47,8,44,25,35,75,29,9,19,35,36,9,30,11,18,8,5,36,30,53,13,4,49,27,27,19,5,29,2,23,40,30,31,23,30,8,17,18,55,0,45,14,0,20,20,8,48,9,53,64,49,56,4,3,57,17,37,32,1,46,10,64,8,7,38,17,0,44,7,35,4,5,12,66,4,56,49,46,54,39,29,45,25,38,22,27,10,30,46,0,68,44,60,46,78,16,37,93,27,41,7,35,15,96,54,55,24,10,38,35,22,27,18,32,41,4,38,31,47,51,63,28,50,19,33,16,26,42,28,23,9,64,83,50,18,45,1,36,45,67,68,32,41,28,22,14,39,55,26,8,40,49,27,91,51,58,72,18,41,27,37,10,29,39,29,13,34,10,20,43,9,51,
220,25,37,4,35,92,5,30,94,36,37,69,17,36,8,41,63,15,46,45,32,59,4,48,5,9,57,62,57,48,9,46,26,37,76,30,10,20,36,39,10,31,12,19,9,6,38,31,54,14,6,50,28,28,22,8,30,3,24,41,31,33,24,31,10,18,19,57,1,48,17,1,21,21,9,50,10,54,67,51,57,5,4,60,18,39,34,3,47,11,65,10,9,40,20,2,45,8,36,5,7,14,68,6,59,50,47,56,41,32,47,26,40,25,29,11,33,49,1,71,46,63,47,79,17,39,94,28,43,9,36,18,98,56,56,25,12,39,36,23,29,19,34,42,7,39,33,49,52,64,29,54,20,36,17,28,45,29,24,13,66,85,51,20,46,2,38,47,69,70,34,44,30,24,15,40,56,28,10,41,51,29,92,52,60,75,20,42,28,38,12,33,40,30,15,35,11,21,46,11,52,
221,26,38,5,36,93,6,31,95,37,38,70,18,37,9,42,64,16,47,46,33,60,5,49,6,10,58,63,58,49,10,47,27,38,77,31,11,21,37,40,11,32,13,20,10,7,39,32,55,15,7,51,29,29,23,9,31,4,25,42,32,34,25,32,11,19,20,58,2,49,18,2,22,22,10,51,11,55,68,52,58,6,5,61,19,40,35,4,48,12,66,11,10,41,21,3,46,9,37,6,8,15,69,7,60,51,48,57,42,33,48,27,41,26,30,12,34,50,2,72,47,64,48,80,18,40,95,29,44,10,37,19,99,57,57,26,13,40,37,24,30,20,35,43,8,40,34,50,53,65,30,55,21,37,18,29,46,30,25,14,67,86,52,21,47,3,39,48,70,71,35,45,31,25,16,41,57,29,11,42,52,30,93,53,61,76,21,43,29,39,13,34,41,31,16,36,12,22,47,12,53,
222,27,39,6,37,94,7,32,96,38,39,71,19,38,10,43,65,17,48,47,34,61,6,50,7,11,59,64,59,50,11,48,28,39,78,32,12,22,38,41,12,33,14,21,11,8,40,33,56,16,8,52,30,30,24,10,32,5,26,43,33,35,26,33,12,20,21,59,3,50,19,3,23,23,11,52,12,56,69,53,59,7,6,62,20,41,36,5,49,13,67,12,11,42,22,4,47,10,38,7,9,16,70,8,61,52,49,58,43,34,49,28,42,27,31,13,35,51,3,73,48,65,49,81,19,41,96,30,45,11,38,20,0,58,58,27,14,41,38,25,31,21,36,44,9,41,35,51,54,66,31,56,22,38,19,30,47,31,26,15,68,87,53,22,48,4,40,49,71,72,36,46,32,26,17,42,58,30,12,43,53,31,94,54,62,77,22,44,30,40,14,35,42,32,17,37,13,23,48,13,54,
223,28,40,7,38,95,8,34,97,39,41,72,20,39,11,44,66,18,49,48,35,63,7,51,9,12,60,65,60,52,12,49,29,41,79,33,14,23,39,42,13,35,15,22,12,9,42,35,57,17,9,53,31,31,25,11,33,6,27,44,34,36,27,34,14,21,22,60,4,51,21,4,24,24,13,53,13,57,70,54,60,8,7,63,22,42,37,6,50,15,69,13,12,44,23,5,48,11,39,8,10,17,71,9,62,53,50,59,44,35,51,29,43,29,32,15,36,52,5,74,49,66,50,82,20,42,97,31,46,12,39,21,1,59,59,29,15,42,39,26,33,22,37,45,10,42,36,52,55,67,32,57,24,40,21,31,48,32,28,17,69,88,54,24,49,5,41,50,73,73,37,48,33,28,18,43,59,31,13,44,54,32,95,55,63,78,23,45,31,42,15,36,43,33,18,39,15,24,49,14,55,
224,29,41,8,39,96,9,35,98,40,42,73,21,40,12,45,67,19,50,49,36,64,8,52,10,13,61,66,61,53,13,50,30,42,80,34,15,24,40,43,14,36,16,23,13,10,43,36,58,18,10,54,32,32,26,12,34,7,28,45,35,37,28,35,15,22,23,61,5,52,22,5,25,25,14,54,14,58,71,55,61,9,8,64,23,43,38,7,51,16,70,14,13,45,24,6,49,12,40,9,11,18,72,10,63,54,51,60,45,36,52,30,44,30,33,16,37,53,6,75,50,67,51,83,21,43,98,32,47,13,40,22,2,60,60,30,16,43,40,27,34,23,38,46,11,43,37,53,56,68,33,58,25,41,22,32,49,33,29,18,70,89,55,25,50,6,42,51,74,74,38,49,34,29,19,44,60,32,14,45,55,33,96,56,64,79,24,46,32,43,16,37,44,34,19,40,16,25,50,15,56,
225,30,42,9,40,97,10,36,99,41,43,74,22,41,13,46,68,20,51,50,37,65,9,53,11,14,62,67,62,54,14,51,31,43,81,35,16,25,41,44,15,37,17,24,14,11,44,37,59,19,11,55,33,33,27,13,35,8,29,46,36,38,29,36,16,23,24,62,6,53,23,6,26,26,15,55,15,59,72,56,62,10,9,65,24,44,39,8,52,17,71,15,14,46,25,7,50,13,41,10,12,19,73,11,64,55,52,61,46,37,53,31,45,31,34,17,38,54,7,76,51,68,52,84,22,44,99,33,48,14,41,23,3,61,61,31,17,44,41,28,35,24,39,47,12,44,38,54,57,69,34,59,26,42,23,33,50,34,30,19,71,90,56,26,51,7,43,52,75,75,39,50,35,30,20,45,61,33,15,46,56,34,97,57,65,80,25,47,33,44,17,38,45,35,20,41,17,26,51,16,57,
226,31,43,10,41,98,11,37,0,42,44,75,23,42,14,47,69,21,52,51,38,66,10,54,12,15,63,68,63,55,15,52,32,44,82,36,17,26,42,45,16,38,18,25,15,12,45,38,60,20,12,56,34,34,28,14,36,9,30,47,37,39,30,37,17,24,25,63,7,54,24,7,27,27,16,56,16,60,73,57,63,11,10,66,25,45,40,9,53,18,72,16,15,47,26,8,51,14,42,11,13,20,74,12,65,56,53,62,47,38,54,32,46,32,35,18,39,55,8,77,52,69,53,85,23,45,0,34,49,15,42,24,4,62,62,32,18,45,42,29,36,25,40,48,13,45,39,55,58,70,35,60,27,43,24,34,51,35,31,20,72,91,57,27,52,8,44,53,76,76,40,51,36,31,21,46,62,34,16,47,57,35,98,58,66,81,26,48,34,45,18,39,46,36,21,42,18,27,52,17,58,
227,33,45,11,42,99,13,38,1,44,45,76,25,43,15,48,70,22,54,52,41,67,11,55,13,16,65,69,64,57,17,53,34,45,83,37,18,27,44,47,17,40,19,26,16,13,47,41,61,21,13,58,36,36,30,15,37,10,32,48,39,40,31,38,18,26,26,64,8,55,25,8,29,28,18,57,17,61,76,58,65,12,11,68,27,47,41,10,54,19,74,17,16,48,27,9,53,17,44,12,14,21,75,14,66,57,55,65,48,39,55,33,47,33,37,20,40,56,10,78,53,71,55,86,24,46,1,36,50,16,43,25,5,63,64,33,19,46,43,32,37,27,41,49,15,46,40,56,59,71,36,61,28,45,26,37,52,37,32,21,74,92,58,29,53,10,46,54,77,77,42,52,37,33,22,47,64,35,17,50,58,36,99,61,68,83,28,49,35,47,19,40,47,37,22,44,20,29,53,18,60,
228,34,46,12,43,0,14,39,2,45,46,77,26,44,16,49,71,23,55,53,42,68,12,56,14,17,66,70,65,58,18,54,35,46,84,38,19,28,45,48,18,41,20,27,17,14,48,42,62,22,14,59,37,37,31,16,38,11,33,49,40,41,32,39,19,27,27,65,9,56,26,9,30,29,19,58,18,62,77,59,66,13,12,69,28,48,42,11,55,20,75,18,17,49,28,10,54,18,45,13,15,22,76,15,67,58,56,66,49,40,56,34,48,34,38,21,41,57,11,79,54,72,56,87,25,47,2,37,51,17,44,26,6,64,65,34,20,47,44,33,38,28,42,50,16,47,41,57,60,72,37,62,29,46,27,38,53,38,33,22,75,93,59,30,54,11,47,55,78,78,43,53,38,34,23,48,65,36,18,51,59,37,0,62,69,84,29,50,36,48,20,41,48,38,23,45,21,30,54,19,61,
229,35,47,13,44,1,16,41,4,46,47,78,28,46,17,50,73,24,57,55,43,69,13,57,15,18,67,72,66,59,19,55,36,47,85,39,21,29,47,49,19,42,22,28,18,15,50,44,63,23,16,60,39,39,32,17,39,12,35,51,41,42,33,41,20,29,28,67,10,58,27,10,31,31,21,59,19,63,78,61,68,15,13,72,29,49,43,13,56,21,76,19,18,50,29,12,55,19,46,15,16,23,78,16,68,59,58,67,50,42,57,35,49,35,39,22,43,59,12,80,55,74,57,88,26,48,3,38,52,18,46,27,7,66,67,36,21,48,45,34,39,29,43,51,17,48,43,58,62,73,38,63,30,47,28,40,54,41,34,24,76,94,60,31,55,13,48,57,79,79,44,54,40,35,24,49,66,38,19,53,60,39,1,64,70,85,30,51,38,49,22,42,50,39,24,47,23,31,55,20,63,
230,36,48,14,45,2,17,42,5,47,48,79,29,47,18,51,74,25,58,56,44,70,14,58,16,19,68,73,67,60,20,56,37,48,86,40,22,30,48,50,20,43,23,29,19,16,51,45,64,24,17,61,40,40,33,18,40,13,36,52,42,43,34,42,21,30,29,68,11,59,28,11,32,32,22,60,20,64,79,62,69,16,14,73,30,50,44,14,57,22,77,20,19,51,30,13,56,20,47,16,17,24,79,17,69,60,59,68,51,43,58,36,50,36,40,23,44,60,13,81,56,75,58,89,27,49,4,39,53,19,47,28,8,67,68,37,22,49,46,35,40,30,44,52,18,49,44,59,63,74,39,64,31,48,29,41,55,42,35,25,77,95,61,32,56,14,49,58,80,80,45,55,41,36,25,50,67,39,20,54,61,40,2,65,71,86,31,52,39,50,23,43,51,40,25,48,24,32,56,21,64,
231,37,49,15,46,3,18,43,6,48,49,80,30,48,19,52,75,26,59,57,45,71,15,59,17,20,69,74,68,61,21,57,38,49,87,41,23,31,49,51,21,44,24,30,20,17,52,46,65,25,18,62,41,41,34,19,41,14,37,53,43,44,35,43,22,31,30,69,12,60,29,12,33,33,23,61,21,65,80,63,70,17,15,74,31,51,45,15,58,23,78,21,20,52,31,14,57,21,48,17,18,25,80,18,70,61,60,69,52,44,59,37,51,37,41,24,45,61,14,82,57,76,59,90,28,50,5,40,54,20,48,29,9,68,69,38,23,50,47,36,41,31,45,53,19,50,45,60,64,75,40,65,32,49,30,42,56,43,36,26,78,96,62,33,57,15,50,59,81,81,46,56,42,37,26,51,68,40,21,55,62,41,3,66,72,87,32,53,40,51,24,44,52,41,26,49,25,33,57,22,65,
232,38,50,16,47,4,19,44,7,49,50,81,31,49,20,53,76,27,60,58,46,72,16,60,18,21,70,75,69,62,22,58,39,50,88,42,24,32,50,52,22,45,25,31,21,18,53,47,66,26,19,63,42,42,35,20,42,15,38,54,44,45,36,44,23,32,31,70,13,61,30,13,34,34,24,62,22,66,81,64,71,18,16,75,32,52,46,16,59,24,79,22,21,53,32,15,58,22,49,18,19,26,81,19,71,62,61,70,53,45,60,38,52,38,42,25,46,62,15,83,58,77,60,91,29,51,6,41,55,21,49,30,10,69,70,39,24,51,48,37,42,32,46,54,20,51,46,61,65,76,41,66,33,50,31,43,57,44,37,27,79,97,63,34,58,16,51,60,82,82,47,57,43,38,27,52,69,41,22,56,63,42,4,67,73,88,33,54,41,52,25,45,53,42,27,50,26,34,58,23,66,
233,39,51,17,48,5,20,45,8,50,51,82,32,50,21,54,77,28,61,59,47,73,17,61,19,22,71,76,70,63,23,59,40,51,89,43,25,33,51,53,23,46,26,32,22,19,54,48,67,27,20,64,43,43,36,21,43,16,39,55,45,46,37,45,24,33,32,71,14,62,31,14,35,35,25,63,23,67,82,65,72,19,17,76,33,53,47,17,60,25,80,23,22,54,33,16,59,23,50,19,20,27,82,20,72,63,62,71,54,46,61,39,53,39,43,26,47,63,16,84,59,78,61,92,30,52,7,42,56,22,50,31,11,70,71,40,25,52,49,38,43,33,47,55,21,52,47,62,66,77,42,67,34,51,32,44,58,45,38,28,80,98,64,35,59,17,52,61,83,83,48,58,44,39,28,53,70,42,23,57,64,43,5,68,74,89,34,55,42,53,26,46,54,43,28,51,27,35,59,24,67,
234,40,52,18,49,6,21,46,9,51,52,83,33,51,22,55,78,29,62,60,48,74,18,62,20,23,72,77,71,64,24,60,41,52,90,44,26,34,52,54,24,47,27,33,23,20,55,49,68,28,21,65,44,44,37,22,44,17,40,56,46,47,38,46,25,34,33,72,15,63,32,15,36,36,26,64,24,68,83,66,73,20,18,77,34,54,48,18,61,26,81,24,23,55,34,17,60,24,51,20,21,28,83,21,73,64,63,72,55,47,62,40,54,40,44,27,48,64,17,85,60,79,62,93,31,53,8,43,57,23,51,32,12,71,72,41,26,53,50,39,44,34,48,56,22,53,48,63,67,78,43,68,35,52,33,45,59,46,39,29,81,99,65,36,60,18,53,62,84,84,49,59,45,40,29,54,71,43,24,58,65,44,6,69,75,90,35,56,43,54,27,47,55,44,29,52,28,36,60,25,68,
235,41,53,19,50,7,22,47,10,52,53,84,34,52,23,56,79,30,63,61,49,75,19,63,21,24,73,78,72,65,25,61,42,53,91,45,27,35,53,55,25,48,28,34,24,21,56,50,69,29,22,66,45,45,38,23,45,18,41,57,47,48,39,47,26,35,34,73,16,64,33,16,37,37,27,65,25,69,84,67,74,21,19,78,35,55,49,19,62,27,82,25,24,56,35,18,61,25,52,21,22,29,84,22,74,65,64,73,56,48,63,41,55,41,45,28,49,65,18,86,61,80,63,94,32,54,9,44,58,24,52,33,13,72,73,42,27,54,51,40,45,35,49,57,23,54,49,64,68,79,44,69,36,53,34,46,60,47,40,30,82,0,66,37,61,19,54,63,85,85,50,60,46,41,30,55,72,44,25,59,66,45,7,70,76,91,36,57,44,55,28,48,56,45,30,53,29,37,61,26,69,
236,43,54,21,51,8,23,49,11,54,54,86,35,53,24,58,80,31,65,63,50,76,20,64,22,25,74,79,74,67,26,62,44,55,93,46,28,36,54,56,26,49,30,35,26,22,57,51,70,30,23,67,46,46,39,24,46,19,42,58,48,49,40,48,27,36,35,74,17,66,34,17,38,39,28,67,27,70,86,68,75,22,20,80,36,56,51,20,63,28,83,26,25,57,36,19,62,26,53,23,24,30,85,23,76,66,65,74,57,49,64,42,57,42,46,29,51,66,19,88,63,82,64,95,33,55,10,45,59,25,53,34,14,74,74,44,29,55,52,41,46,36,50,59,24,55,50,65,70,81,45,70,37,55,35,47,61,48,41,31,84,1,67,38,63,20,55,64,86,86,51,62,47,42,31,57,74,46,26,60,68,46,8,71,77,93,37,58,45,56,29,50,57,46,31,54,30,38,62,27,71,
237,44,55,22,52,9,24,50,12,55,55,87,36,54,25,59,81,32,66,64,51,77,21,65,23,26,75,80,75,68,27,63,45,56,94,47,29,37,55,57,27,50,31,36,27,23,58,52,71,31,24,68,47,47,40,25,47,20,43,59,49,50,41,49,28,37,36,75,18,67,35,18,39,40,29,68,28,71,87,69,76,23,21,81,37,57,52,21,64,29,84,27,26,58,37,20,63,27,54,24,25,31,86,24,77,67,66,75,58,50,65,43,58,43,47,30,52,67,20,89,64,83,65,96,34,56,11,46,60,26,54,35,15,75,75,45,30,56,53,42,47,37,51,60,25,56,51,66,71,82,46,71,38,56,36,48,62,49,42,32,85,2,68,39,64,21,56,65,87,87,52,63,48,43,32,58,75,47,27,61,69,47,9,72,78,94,38,59,46,57,30,51,58,47,32,55,31,39,63,28,72,
238,45,56,23,53,10,25,51,13,56,56,88,37,55,26,60,82,33,67,65,52,78,22,66,24,27,76,81,76,69,28,64,46,57,95,48,30,38,56,58,28,51,32,37,28,24,59,53,72,32,25,69,48,48,41,26,48,21,44,60,50,51,42,50,29,38,37,76,19,68,36,19,40,41,30,69,29,72,88,70,77,24,22,82,38,58,53,22,65,30,85,28,27,59,38,21,64,28,55,25,26,32,87,25,78,68,67,76,59,51,66,44,59,44,48,31,53,68,21,90,65,84,66,97,35,57,12,47,61,27,55,36,16,76,76,46,31,57,54,43,48,38,52,61,26,57,52,67,72,83,47,72,39,57,37,49,63,50,43,33,86,3,69,40,65,22,57,66,88,88,53,64,49,44,33,59,76,48,28,62,70,48,10,73,79,95,39,60,47,58,31,52,59,48,33,56,32,40,64,29,73,
239,46,57,24,54,11,26,52,14,57,57,89,38,56,27,61,83,34,68,66,53,79,23,67,25,28,77,82,77,70,29,65,47,58,96,49,31,39,57,59,29,52,33,38,29,25,60,54,73,33,26,70,49,49,42,27,49,22,45,61,51,52,43,51,30,39,38,77,20,69,37,20,41,42,31,70,30,73,89,71,78,25,23,83,39,59,54,23,66,31,86,29,28,60,39,22,65,29,56,26,27,33,88,26,79,69,68,77,60,52,67,45,60,45,49,32,54,69,22,91,66,85,67,98,36,58,13,48,62,28,56,37,17,77,77,47,32,58,55,44,49,39,53,62,27,58,53,68,73,84,48,73,40,58,38,50,64,51,44,34,87,4,70,41,66,23,58,67,89,89,54,65,50,45,34,60,77,49,29,63,71,49,11,74,80,96,40,61,48,59,32,53,60,49,34,57,33,41,65,30,74,
240,47,58,25,55,12,27,53,15,58,58,90,39,57,28,62,84,35,69,67,54,80,24,68,26,29,78,83,78,71,30,66,48,59,97,50,32,40,58,60,30,53,34,39,30,26,61,55,74,34,27,71,50,50,43,28,50,23,46,62,52,53,44,52,31,40,39,78,21,70,38,21,42,43,32,71,31,74,90,72,79,26,24,84,40,60,55,24,67,32,87,30,29,61,40,23,66,30,57,27,28,34,89,27,80,70,69,78,61,53,68,46,61,46,50,33,55,70,23,92,67,86,68,99,37,59,14,49,63,29,57,38,18,78,78,48,33,59,56,45,50,40,54,63,28,59,54,69,74,85,49,74,41,59,39,51,65,52,45,35,88,5,71,42,67,24,59,68,90,90,55,66,51,46,35,61,78,50,30,64,72,50,12,75,81,97,41,62,49,60,33,54,61,50,35,58,34,42,66,31,75,
241,48,59,26,56,13,28,54,16,59,59,91,40,58,29,63,85,36,70,68,55,81,25,69,27,30,79,84,79,72,31,67,49,60,98,51,33,41,59,61,31,54,35,40,31,27,62,56,75,35,28,72,51,51,44,29,51,24,47,63,53,54,45,53,32,41,40,79,22,71,39,22,43,44,33,72,32,75,91,73,80,27,25,85,41,61,56,25,68,33,88,31,30,62,41,24,67,31,58,28,29,35,90,28,81,71,70,79,62,54,69,47,62,47,51,34,56,71,24,93,68,87,69,0,38,60,15,50,64,30,58,39,19,79,79,49,34,60,57,46,51,41,55,64,29,60,55,70,75,86,50,75,42,60,40,52,66,53,46,36,89,6,72,43,68,25,60,69,91,91,56,67,52,47,36,62,79,51,31,65,73,51,13,76,82,98,42,63,50,61,34,55,62,51,36,59,35,43,67,32,76,
242,49,60,27,57,14,29,56,17,60,60,92,42,59,30,65,86,37,72,69,57,82,26,70,29,31,81,86,80,73,33,68,50,61,99,52,35,42,60,62,32,55,36,41,32,28,63,57,76,37,30,73,53,53,45,30,52,25,48,64,54,55,47,54,33,42,41,80,23,72,40,23,44,45,34,74,33,76,92,74,81,28,26,87,42,62,57,26,69,35,89,32,31,63,42,25,69,32,59,29,31,36,91,29,82,72,72,80,64,55,70,48,63,49,52,36,57,72,25,95,69,88,70,2,39,62,16,51,65,31,59,40,20,80,80,50,35,61,59,47,52,42,56,66,30,61,56,72,76,88,51,76,43,61,42,53,67,54,47,37,90,8,73,44,69,26,61,71,92,92,57,68,53,48,37,63,80,53,32,66,74,53,14,77,83,99,43,64,52,62,35,56,63,52,37,60,36,45,68,33,77,
243,50,61,28,58,15,30,57,18,61,61,93,43,60,31,66,87,38,73,70,58,83,27,71,30,32,82,87,81,74,34,69,51,62,0,53,36,43,61,63,33,56,37,42,33,29,64,58,77,38,31,74,54,54,46,31,53,26,49,65,55,56,48,55,34,43,42,81,24,73,41,24,45,46,35,75,34,77,93,75,82,29,27,88,43,63,58,27,70,36,90,33,32,64,43,26,70,33,60,30,32,37,92,30,83,73,73,81,65,56,71,49,64,50,53,37,58,73,26,96,70,89,71,3,40,63,17,52,66,32,60,41,21,81,81,51,36,62,60,48,53,43,57,67,31,62,57,73,77,89,52,77,44,62,43,54,68,55,48,38,91,9,74,45,70,27,62,72,93,93,58,69,54,49,38,64,81,54,33,67,75,54,15,78,84,0,44,65,53,63,36,57,64,53,38,61,37,46,69,34,78,
244,51,62,30,60,16,32,59,19,62,62,94,44,61,32,67,89,41,74,71,59,85,28,72,31,33,83,88,84,76,35,70,52,63,2,55,37,44,62,64,35,57,38,43,34,31,65,59,79,40,32,75,55,56,48,32,55,27,52,66,56,57,49,57,35,44,43,82,25,75,42,26,46,47,37,77,35,78,94,77,83,30,28,90,44,64,59,28,72,37,91,34,33,65,45,28,72,35,61,31,33,38,94,32,85,75,74,83,66,57,72,50,66,51,55,38,60,75,27,98,72,90,72,4,41,64,18,53,67,34,62,42,22,82,84,52,38,64,62,49,54,44,59,68,32,64,58,74,79,90,53,78,47,64,45,56,69,57,49,39,92,10,75,46,72,28,63,73,95,95,60,70,55,50,39,65,82,55,34,69,77,55,16,79,85,2,45,66,54,65,37,58,66,55,40,63,38,47,71,36,81,
245,52,63,31,61,17,33,60,20,63,63,95,45,62,33,68,90,42,75,72,60,86,29,73,32,34,84,89,85,77,36,71,53,64,3,56,38,45,63,65,36,58,39,44,35,32,66,60,80,41,33,76,56,57,49,33,56,28,53,67,57,58,50,58,36,45,44,83,26,76,43,27,47,48,38,78,36,79,95,78,84,31,29,91,45,65,60,29,73,38,92,35,34,66,46,29,73,36,62,32,34,39,95,33,86,76,75,84,67,58,73,51,67,52,56,39,61,76,28,99,73,91,73,5,42,65,19,54,68,35,63,43,23,83,85,53,39,65,63,50,55,45,60,69,33,65,59,75,80,91,54,79,48,65,46,57,70,58,50,40,93,11,76,47,73,29,64,74,96,96,61,71,56,51,40,66,83,56,35,70,78,56,17,80,86,3,46,67,55,66,38,59,67,56,41,64,39,48,72,37,82,
246,53,64,32,62,18,34,61,21,64,64,96,46,63,34,69,91,43,76,73,61,87,30,74,33,35,85,90,86,78,37,72,54,65,4,57,39,46,64,66,37,59,40,45,36,33,67,61,81,42,34,77,57,58,50,34,57,29,54,68,58,59,51,59,37,46,45,84,27,77,44,28,48,49,39,79,37,80,96,79,85,32,30,92,46,66,61,30,74,39,93,36,35,67,47,30,74,37,63,33,35,40,96,34,87,77,76,85,68,59,74,52,68,53,57,40,62,77,29,0,74,92,74,6,43,66,20,55,69,36,64,44,24,84,86,54,40,66,64,51,56,46,61,70,34,66,60,76,81,92,55,80,49,66,47,58,71,59,51,41,94,12,77,48,74,30,65,75,97,97,62,72,57,52,41,67,84,57,36,71,79,57,18,81,87,4,47,68,56,67,39,60,68,57,42,65,40,49,73,38,83,
247,54,65,33,63,19,35,62,23,65,65,98,47,64,35,70,92,44,77,74,62,89,31,76,34,36,87,91,87,80,38,73,55,66,5,58,40,47,66,68,38,60,41,46,38,34,69,62,82,43,35,78,58,59,51,36,58,30,55,69,59,60,53,60,38,47,46,85,28,78,45,30,49,51,41,81,38,81,98,80,87,34,31,93,47,68,62,31,75,40,94,37,36,68,49,31,75,38,64,34,36,41,98,35,88,78,77,86,69,61,76,53,69,54,58,41,63,78,30,1,75,94,75,7,45,67,21,57,70,37,65,45,25,85,87,55,41,67,65,53,57,47,62,72,35,67,61,77,82,94,56,81,50,67,48,59,72,60,53,42,95,13,78,49,75,31,66,77,98,98,63,74,58,54,43,68,85,58,37,73,80,59,19,83,88,5,49,69,57,68,40,61,70,58,43,66,41,51,74,39,84,
248,55,66,34,64,20,36,63,24,66,66,99,48,65,36,71,93,45,78,75,63,90,32,77,35,37,88,92,88,81,39,74,56,67,6,59,41,48,67,69,39,61,42,47,39,35,70,63,83,44,36,79,59,60,52,37,59,31,56,70,60,61,54,61,39,48,47,86,29,79,46,31,50,52,42,82,39,82,99,81,88,35,32,94,48,69,63,32,76,41,95,38,37,69,50,32,76,39,65,35,37,42,99,36,89,79,78,87,70,62,77,54,70,55,59,42,64,79,31,2,76,95,76,8,46,68,22,58,71,38,66,46,26,86,88,56,42,68,66,54,58,48,63,73,36,68,62,78,83,95,57,82,51,68,49,60,73,61,54,43,96,14,79,50,76,32,67,78,99,99,64,75,59,55,44,69,86,59,38,74,81,60,20,84,89,6,50,70,58,69,41,62,71,59,44,67,42,52,75,40,85,
249,56,67,35,65,21,37,64,25,67,67,0,49,66,37,72,94,46,79,76,64,91,33,78,36,38,89,93,89,82,40,75,57,68,7,60,42,49,68,70,40,62,43,48,40,36,71,64,84,45,37,80,60,61,53,38,60,32,57,71,61,62,55,62,40,49,48,87,30,80,47,32,51,53,43,83,40,83,0,82,89,36,33,95,49,70,64,33,77,42,96,39,38,70,51,33,77,40,66,36,38,43,0,37,90,80,79,88,71,63,78,55,71,56,60,43,65,80,32,3,77,96,77,9,47,69,23,59,72,39,67,47,27,87,89,57,43,69,67,55,59,49,64,74,37,69,63,79,84,96,58,83,52,69,50,61,74,62,55,44,97,15,80,51,77,33,68,79,0,0,65,76,60,56,45,70,87,60,39,75,82,61,21,85,90,7,51,71,59,70,42,63,72,60,45,68,43,53,76,41,86,
250,60,69,36,67,23,38,66,27,68,70,2,50,68,40,75,95,47,82,77,66,95,34,80,37,40,90,94,92,83,42,76,58,69,8,63,46,51,71,72,42,63,44,50,41,37,72,66,85,46,38,83,61,63,56,39,62,33,59,73,63,64,56,63,43,50,52,88,32,83,48,33,52,55,45,86,41,86,2,84,91,38,34,98,52,72,65,35,80,44,98,41,39,71,52,36,78,42,67,37,40,44,4,40,93,82,80,90,75,65,81,58,74,59,61,44,66,82,34,4,79,99,80,13,49,70,25,63,73,42,69,48,30,90,93,61,44,71,68,56,61,51,68,75,38,71,65,80,86,97,61,86,57,72,52,63,76,65,57,45,98,17,82,53,79,34,70,82,4,3,67,78,62,59,46,72,90,61,41,78,83,63,25,88,91,8,54,73,60,74,44,65,73,61,48,69,45,54,79,43,88,
251,61,70,37,68,24,39,67,28,69,71,3,51,69,41,76,96,48,83,78,67,96,35,81,38,41,91,95,93,84,43,77,59,70,9,64,47,52,72,73,43,64,45,51,42,38,73,67,86,47,39,84,62,64,57,40,63,34,60,74,64,65,57,64,44,51,53,89,33,84,49,34,53,56,46,87,42,87,3,85,92,39,35,99,53,73,66,36,81,45,99,42,40,72,53,37,79,43,68,38,41,45,5,41,94,83,81,91,76,66,82,59,75,60,62,45,67,83,35,5,80,0,81,14,50,71,26,64,74,43,70,49,31,91,94,62,45,72,69,57,62,52,69,76,39,72,66,81,87,98,62,87,58,73,53,64,77,66,58,46,99,18,83,54,80,35,71,83,5,4,68,79,63,60,47,73,91,62,42,79,84,64,26,89,92,9,55,74,61,75,45,66,74,62,49,70,46,55,80,44,89,
252,63,71,39,69,26,41,68,29,70,72,5,52,70,42,77,97,49,84,79,68,98,36,82,40,43,92,96,94,85,44,79,60,71,10,65,48,54,73,75,45,65,46,53,43,39,74,68,87,48,40,85,63,65,58,41,65,35,61,75,65,66,58,65,46,52,55,91,34,85,51,35,54,57,48,89,43,88,4,86,93,40,36,0,55,74,68,37,83,46,0,43,42,73,55,38,81,44,69,39,42,46,6,43,95,84,82,93,77,67,83,61,76,61,63,46,68,84,36,6,81,1,82,15,51,72,27,65,75,44,71,51,32,92,95,63,46,74,71,58,64,53,70,77,40,73,67,83,88,99,64,88,59,74,54,65,78,67,59,47,0,20,85,55,82,36,72,85,6,5,69,80,65,61,48,75,92,63,43,80,85,66,28,90,93,11,57,75,62,76,47,67,75,63,51,71,47,56,81,46,91,
253,64,73,42,71,27,42,70,31,72,75,7,53,71,43,79,99,50,85,81,69,99,39,84,42,44,93,99,96,87,45,80,62,72,12,66,49,56,74,76,46,67,47,54,46,41,75,70,88,49,41,88,64,68,60,42,67,37,63,77,67,68,59,67,47,55,57,92,35,87,52,36,55,59,49,91,45,89,6,87,94,41,37,1,57,75,69,39,85,48,1,44,43,75,56,39,82,46,72,41,43,48,7,44,97,86,84,95,78,69,85,62,79,64,65,47,69,86,37,9,82,3,84,17,52,75,28,66,76,45,73,52,34,94,98,65,47,75,72,60,66,54,71,79,42,74,69,86,89,0,65,89,60,75,56,66,79,68,62,48,1,22,86,57,84,38,74,86,7,8,70,83,67,62,50,76,93,65,44,82,86,68,29,93,94,14,59,76,64,77,48,68,76,65,52,72,48,57,84,47,92,
254,65,74,43,72,28,43,72,32,73,76,8,54,73,44,80,0,51,86,82,70,0,40,85,44,46,94,0,97,88,46,81,63,74,13,67,50,57,75,77,48,68,48,55,47,43,76,71,89,50,43,90,66,69,61,43,68,38,64,79,68,69,60,68,48,56,58,93,36,88,53,37,56,60,51,92,46,90,8,88,96,42,38,2,59,77,70,40,86,49,2,45,44,76,57,40,83,48,73,42,44,49,8,45,99,87,85,96,79,70,86,63,80,66,66,48,70,87,38,10,84,5,85,18,53,76,29,68,77,47,74,53,35,95,0,66,48,76,73,61,67,55,72,80,43,75,71,88,90,1,66,90,61,76,57,67,80,69,63,50,2,23,88,58,86,39,75,87,9,9,71,84,69,63,51,77,95,66,46,83,87,70,30,95,95,16,61,77,65,78,49,70,77,67,53,73,50,58,85,48,94,
255,67,75,45,74,30,44,74,33,74,78,11,55,74,45,83,2,54,88,83,72,3,43,87,47,48,95,2,98,91,48,83,64,76,16,69,51,59,76,79,49,70,49,57,49,47,78,73,91,52,45,91,67,72,62,45,70,39,65,81,70,70,61,71,49,57,61,94,39,89,55,38,60,63,53,95,49,94,9,90,99,43,40,3,60,78,71,42,89,51,4,46,45,77,61,42,85,49,74,45,46,50,11,47,0,88,87,97,80,72,87,65,82,67,67,50,72,89,39,11,87,7,87,19,54,80,31,69,78,48,76,55,37,96,1,68,50,78,74,62,68,57,74,83,46,78,72,90,92,4,69,92,62,79,58,68,83,72,65,52,4,24,89,59,87,41,76,88,12,13,73,86,72,64,52,78,97,68,47,85,88,72,31,97,99,18,62,79,66,79,50,72,79,68,55,74,52,61,86,49,95,
256,68,77,47,75,31,45,75,34,75,79,12,56,75,46,84,3,55,90,84,73,4,44,88,48,49,96,3,99,92,49,84,65,77,18,70,52,61,77,80,51,71,50,58,50,48,79,74,93,53,47,93,69,73,63,46,71,41,67,82,71,71,62,72,50,58,62,96,41,91,56,39,61,64,54,97,50,95,10,91,0,44,41,4,62,79,72,43,90,52,6,47,46,78,62,43,87,50,75,46,47,52,12,49,1,89,88,99,81,73,89,66,83,68,68,51,73,90,40,12,88,8,89,20,56,81,32,71,79,49,77,56,39,97,2,69,51,79,76,63,69,58,75,84,47,79,74,92,93,5,71,94,63,81,59,70,84,73,66,53,5,25,90,61,89,43,78,89,13,14,74,87,73,65,53,79,99,70,48,86,89,73,32,98,0,20,63,80,67,81,51,73,80,70,56,75,54,63,88,51,96,
257,70,78,49,76,32,47,76,36,76,80,15,57,77,47,85,4,56,91,85,75,6,45,89,49,50,97,4,0,93,50,86,67,78,21,71,53,63,79,81,52,72,51,61,51,50,80,76,95,54,48,94,71,74,64,48,72,43,68,84,72,72,64,73,52,60,63,97,42,92,58,40,62,65,55,98,51,97,12,92,2,45,42,5,63,81,73,44,92,54,7,48,47,79,64,44,88,52,76,47,48,54,13,50,2,90,90,0,83,74,91,69,84,69,70,53,75,91,41,13,89,9,91,22,58,82,33,72,81,52,79,57,40,98,4,71,52,80,77,65,70,59,77,85,49,81,76,93,94,6,72,95,64,83,61,72,86,74,67,54,7,26,91,62,91,45,79,90,16,15,75,88,74,66,55,80,0,71,50,87,91,74,33,0,1,21,65,82,70,82,52,74,81,72,58,76,55,64,90,53,97,
258,72,80,51,79,33,49,78,37,77,81,19,58,79,48,87,6,58,93,86,77,9,48,92,50,52,0,6,2,94,51,89,69,81,23,73,54,64,80,82,55,74,53,63,52,51,81,77,99,56,50,95,73,75,65,49,73,44,69,88,74,73,66,74,54,62,65,99,44,96,60,42,64,67,57,99,52,98,14,95,4,46,44,8,64,83,75,45,94,55,10,49,48,82,65,46,89,54,77,49,50,56,14,51,3,91,92,2,84,75,93,70,87,70,71,56,76,93,43,16,92,10,93,23,59,83,34,76,83,53,81,60,41,99,7,73,53,82,78,67,71,61,79,87,50,83,79,94,95,8,73,96,67,85,62,76,90,76,68,56,11,28,93,64,95,46,82,92,18,16,77,91,75,70,56,81,1,73,51,88,93,75,35,3,2,22,68,84,71,86,54,76,82,73,59,78,57,66,92,54,98,
259,74,81,52,80,34,51,79,38,78,83,21,59,81,49,88,7,59,94,87,78,11,49,93,51,53,1,7,4,95,52,90,70,83,25,74,55,65,81,83,56,75,54,64,53,52,82,78,0,57,51,96,74,76,66,50,74,45,70,89,75,75,67,75,55,63,66,0,45,97,61,43,66,68,58,0,53,99,15,96,6,47,45,9,65,85,76,46,96,56,11,50,49,84,66,47,90,55,79,50,51,57,15,53,4,92,93,4,85,77,94,71,88,71,72,57,77,95,44,17,93,12,95,24,61,84,35,77,84,54,83,61,42,0,9,74,54,83,80,68,72,63,81,88,52,84,80,95,96,9,74,97,68,86,63,77,91,77,70,57,12,29,94,65,96,47,83,93,19,17,78,92,76,71,57,82,2,75,52,89,94,77,36,4,4,24,69,85,72,87,55,77,83,74,60,79,58,67,93,55,99,
260,76,83,53,81,35,53,80,40,81,86,23,62,83,51,91,9,60,96,90,81,14,50,94,52,54,6,8,6,98,55,92,73,85,27,76,56,68,84,85,57,76,56,65,54,54,83,80,1,59,53,98,77,77,68,53,76,46,72,92,76,76,69,77,56,64,67,1,47,99,62,44,69,71,60,3,55,0,18,98,9,49,48,11,66,86,77,47,98,58,13,54,50,85,68,49,93,57,81,52,53,58,17,55,6,93,96,5,87,78,95,72,89,73,75,58,79,97,45,18,94,13,98,26,64,87,36,78,86,57,86,63,43,1,12,76,55,86,82,71,73,65,82,89,53,85,82,97,99,11,75,98,71,87,64,79,92,80,72,58,13,31,96,68,98,52,84,95,21,18,82,93,78,73,58,83,4,76,53,91,96,78,37,5,7,28,70,87,76,90,56,79,84,77,61,80,60,68,96,57,0,
261,77,84,54,82,36,54,81,41,82,87,25,63,85,53,93,10,61,98,91,82,15,51,95,53,55,7,10,8,99,56,94,75,86,29,78,57,71,85,87,58,77,58,66,55,55,85,81,3,60,54,99,80,79,69,54,78,47,74,93,77,77,71,78,58,65,68,2,49,0,64,46,70,73,61,5,56,1,20,0,11,51,49,12,67,88,78,49,99,60,14,55,51,86,69,51,94,58,82,53,54,60,18,56,7,95,98,6,89,79,97,74,90,76,76,59,80,99,46,20,95,15,0,27,66,88,37,79,88,58,87,64,44,3,13,77,56,87,83,72,75,66,83,90,54,86,83,99,0,13,76,0,72,88,66,81,93,82,74,60,14,32,99,69,99,53,85,96,22,19,83,94,79,74,59,85,5,77,54,92,99,79,38,7,10,29,71,88,78,91,57,80,85,78,62,82,61,70,99,58,1,
262,79,85,57,84,37,56,82,42,85,89,28,66,86,56,95,14,62,99,92,83,17,53,96,54,57,9,12,10,0,59,95,78,88,32,80,58,72,86,89,61,80,60,68,57,56,89,84,5,62,55,0,83,81,71,57,80,48,79,94,80,81,73,82,61,67,70,3,52,1,66,49,73,76,62,8,58,4,23,3,14,53,51,13,68,90,79,52,0,62,16,57,55,88,71,52,97,59,83,54,56,61,19,57,8,97,0,7,92,81,98,76,93,77,77,61,81,0,47,22,97,17,1,30,68,89,38,81,90,60,88,67,45,5,16,80,58,89,84,74,77,67,84,93,57,89,84,0,4,14,79,2,73,89,69,84,96,83,76,62,16,37,0,73,0,55,87,97,25,23,86,97,82,76,61,87,8,80,56,94,0,80,39,9,11,32,73,90,80,93,59,81,87,80,64,84,63,74,0,60,5,
263,82,87,60,86,41,59,85,43,88,93,30,67,87,58,98,17,63,0,95,86,20,55,98,55,59,14,16,13,3,62,98,79,92,35,81,63,76,88,92,62,82,63,74,60,58,94,87,6,66,57,3,86,83,75,62,84,53,82,96,83,85,76,83,63,69,72,8,53,3,67,50,76,79,64,10,59,8,25,7,17,56,53,18,71,93,82,56,1,65,21,60,58,90,75,54,99,61,88,56,61,64,23,59,10,99,2,11,93,85,99,77,95,81,79,64,87,4,51,26,0,22,3,34,70,90,40,83,92,62,91,70,48,8,19,86,61,91,87,77,79,72,85,98,58,91,90,2,8,17,83,8,78,91,73,86,99,86,77,64,17,43,2,75,5,58,91,98,29,26,91,0,86,80,66,91,10,84,61,98,3,85,42,13,14,36,76,94,81,96,62,86,91,83,67,89,65,76,3,63,9,
264,84,90,61,88,42,60,88,45,89,94,31,69,89,59,99,20,65,2,96,87,22,57,0,58,60,16,17,15,6,63,0,81,93,38,83,64,78,90,94,65,84,64,76,62,59,95,88,7,68,60,6,89,85,78,63,86,54,84,98,85,87,78,85,64,70,74,10,55,6,70,51,77,81,65,12,60,10,27,8,19,58,54,21,72,94,84,57,2,66,22,62,60,92,77,55,0,62,90,57,62,65,25,61,11,0,3,13,94,87,0,79,98,82,81,66,89,5,53,28,1,23,4,36,72,92,41,86,94,63,92,71,49,10,21,88,63,92,88,78,80,73,88,99,60,93,92,5,10,18,85,9,80,93,74,88,0,87,80,65,19,45,3,76,7,59,93,0,31,27,94,2,87,81,68,94,12,85,62,0,4,87,44,14,15,37,78,95,82,97,63,88,94,86,69,91,67,77,4,65,11,
265,88,92,62,91,45,62,91,47,93,96,32,72,90,62,0,23,66,7,0,89,23,59,3,60,61,19,18,18,9,64,2,83,96,41,87,66,80,92,97,66,89,66,79,64,62,97,91,10,69,63,8,92,89,82,65,87,56,86,0,88,89,80,87,66,73,76,14,57,8,71,53,80,83,68,14,64,12,29,12,21,60,56,23,73,96,87,58,6,68,23,64,61,97,81,57,2,65,96,58,63,68,28,64,14,1,4,15,95,89,4,81,99,84,87,68,92,8,56,31,4,28,7,40,76,96,42,89,97,64,93,73,50,13,23,91,64,95,94,81,83,77,91,0,62,95,95,7,13,23,89,11,85,97,77,89,3,89,82,67,21,46,5,78,8,61,96,4,32,31,98,4,89,84,69,96,13,89,66,4,7,90,45,17,16,40,81,0,85,99,65,90,97,88,71,93,68,78,6,67,15,
266,89,93,64,94,46,63,93,49,94,97,35,74,92,63,1,24,67,9,2,91,25,61,5,61,64,23,19,20,13,67,3,85,98,44,89,67,84,95,99,67,91,67,80,66,65,99,93,13,71,64,11,94,91,83,67,89,57,88,1,90,91,81,88,68,75,78,16,59,11,73,55,82,85,70,15,66,13,31,14,24,62,58,25,75,98,90,60,8,69,26,65,64,99,82,60,5,68,99,60,66,69,31,65,15,4,6,16,96,91,7,83,0,86,89,70,93,9,58,34,5,30,9,42,77,99,45,90,0,66,94,74,53,16,25,92,66,97,97,82,87,80,92,2,64,98,98,8,16,24,91,14,86,98,80,90,5,91,86,69,23,50,6,80,9,63,97,6,35,32,99,6,90,86,71,99,14,91,68,6,10,93,47,18,18,41,83,3,89,0,68,93,99,90,73,95,69,79,7,70,17,
267,91,94,65,95,47,64,94,50,96,0,36,75,94,65,3,26,68,12,4,93,28,62,6,63,66,24,20,22,15,68,4,87,0,46,92,68,85,96,0,68,94,68,81,67,66,0,94,15,72,66,12,95,94,85,68,90,58,89,3,92,92,82,91,69,76,79,17,60,13,74,58,83,86,72,18,68,15,32,15,25,63,59,28,76,0,92,61,9,70,27,67,66,0,83,61,8,69,0,61,69,71,33,69,17,5,7,17,97,92,9,84,2,87,91,71,94,10,60,35,7,33,10,43,79,0,46,91,2,69,97,76,55,18,28,94,70,0,99,83,89,82,95,3,66,0,99,10,17,27,94,16,87,0,82,91,6,93,89,70,24,51,7,81,12,65,0,9,36,33,0,9,92,89,72,0,17,92,69,8,12,94,48,20,19,43,84,5,91,2,70,94,0,91,74,97,71,81,9,71,20,
268,97,98,68,99,49,68,98,52,98,3,39,78,99,68,8,29,70,15,7,97,32,65,11,67,69,30,26,26,17,72,9,89,4,49,98,73,89,0,4,72,97,72,84,72,68,5,99,21,74,69,15,97,97,88,72,98,63,97,6,97,95,86,97,75,80,82,19,61,17,78,62,86,88,75,22,73,18,40,21,28,68,62,35,79,3,97,64,14,74,31,75,70,3,85,64,10,72,5,65,71,74,36,73,24,9,11,23,0,98,13,88,5,93,97,74,98,13,63,40,9,37,14,50,81,2,48,95,10,70,0,79,58,24,30,98,72,4,0,86,96,84,98,8,69,5,0,13,21,34,97,18,90,3,86,96,9,98,95,72,29,55,14,84,15,70,5,14,40,38,2,12,97,94,79,4,22,98,73,12,15,97,51,25,26,51,87,7,95,5,75,98,3,95,76,99,73,86,11,73,22,
269,99,99,70,0,51,69,99,53,0,6,42,79,0,71,9,30,72,16,10,0,33,67,13,69,71,32,28,27,22,74,11,91,6,52,0,75,90,1,7,74,0,74,86,74,69,6,0,25,76,73,19,99,98,89,75,0,64,98,8,98,99,88,98,76,82,85,21,62,18,80,64,87,89,77,23,76,20,42,23,29,71,64,36,84,4,98,67,17,77,32,76,72,5,87,68,12,73,6,67,73,75,37,74,26,10,13,24,2,99,16,90,9,95,99,75,0,15,65,42,14,39,17,52,83,3,50,98,12,71,1,80,60,27,33,99,76,6,1,88,99,86,0,11,71,7,3,16,23,36,99,21,92,4,87,97,11,99,98,75,33,57,15,86,17,71,7,16,42,40,3,14,99,96,80,6,26,0,74,13,17,0,53,26,27,52,88,9,98,8,78,0,5,97,77,0,76,88,12,74,23,
270,0,0,71,1,54,72,0,56,6,12,44,82,6,74,13,35,77,19,14,3,39,73,19,71,76,37,35,32,26,75,16,93,10,55,2,78,94,6,10,76,5,78,90,78,73,9,1,29,80,76,25,0,0,92,76,4,69,0,11,0,0,91,0,81,84,90,25,65,21,86,66,88,93,80,26,82,24,47,28,35,73,69,40,87,8,0,70,20,78,37,80,74,11,89,69,17,77,10,72,75,79,43,76,31,18,15,28,7,0,21,93,12,98,0,79,3,19,69,46,20,43,23,53,88,7,52,0,13,74,6,82,64,30,38,0,79,11,7,92,0,91,6,12,75,10,6,20,29,40,0,24,95,8,90,0,14,0,99,81,36,59,21,89,21,73,11,19,43,48,7,16,0,0,84,11,28,1,77,18,24,6,54,28,32,55,91,13,0,11,80,3,7,0,80,2,80,91,17,77,26,
271,2,6,74,8,56,75,6,60,13,19,53,89,13,80,19,46,82,23,21,7,44,78,24,74,84,40,42,41,30,82,21,99,13,59,6,82,96,12,14,80,11,86,95,80,78,17,10,36,84,80,32,4,5,97,82,9,76,2,16,5,5,98,6,84,91,97,33,71,28,89,72,90,99,85,30,87,31,51,32,40,79,74,42,93,15,7,73,24,84,42,89,78,16,91,72,26,83,16,76,80,86,49,79,36,22,22,36,13,5,26,97,15,0,5,81,9,27,72,53,26,47,29,62,90,17,56,5,18,81,11,86,70,33,43,3,86,19,10,97,4,97,13,16,78,15,11,22,36,46,4,31,99,12,94,3,20,5,0,87,42,68,26,96,25,78,17,21,51,57,14,21,4,2,91,16,35,7,82,21,30,8,57,35,42,59,97,23,4,19,85,8,12,4,84,10,83,98,24,82,32,
272,3,7,75,9,58,77,7,61,15,20,54,90,14,81,21,47,84,24,22,9,45,79,26,75,85,41,43,42,32,83,22,0,14,60,7,83,98,14,15,82,12,87,96,81,79,18,11,38,86,81,34,5,7,98,83,11,77,4,17,6,6,99,8,85,92,98,35,72,30,90,73,91,0,86,32,89,32,53,33,41,80,75,44,94,17,9,74,25,85,43,90,79,18,92,73,27,84,17,77,81,87,51,80,38,24,23,38,14,7,27,98,17,2,7,83,10,29,73,55,29,49,31,64,91,18,57,6,19,82,13,87,71,36,44,4,87,21,11,99,5,99,14,17,79,16,13,23,37,47,5,32,0,14,96,4,22,6,1,89,43,69,27,97,26,80,18,22,52,58,15,22,6,3,92,17,36,8,83,23,31,11,59,37,44,60,98,24,5,20,86,10,13,5,85,11,84,99,25,83,33,
273,4,9,76,11,60,79,9,62,16,21,55,91,16,82,22,49,85,25,23,10,46,80,27,76,86,42,45,43,34,84,24,2,15,61,8,86,99,15,17,85,13,88,98,82,80,19,12,40,88,82,37,6,8,0,84,12,79,5,18,8,7,0,10,87,94,99,36,73,31,92,74,93,1,88,33,90,33,54,35,43,81,76,46,97,19,10,77,27,87,46,91,81,19,94,75,28,86,18,78,82,89,52,81,40,27,24,40,16,9,28,0,19,4,9,85,12,30,75,56,30,50,34,66,92,19,58,8,20,84,14,89,72,37,46,5,88,23,13,0,7,0,16,18,80,19,16,26,39,49,7,34,2,15,98,6,23,8,2,91,45,71,28,98,29,81,19,25,54,60,16,25,7,4,93,19,37,9,87,24,32,13,61,38,45,61,0,26,6,21,87,11,16,7,87,12,86,0,27,84,34,
274,7,11,78,14,63,80,11,63,18,24,57,93,18,84,26,52,88,27,29,12,48,83,29,80,89,45,50,44,37,87,26,5,16,66,10,88,0,19,20,86,16,91,0,85,82,20,14,43,90,83,39,9,10,2,86,13,81,7,20,11,8,2,14,89,96,0,40,75,34,94,75,94,4,89,36,93,36,56,39,45,86,78,48,98,22,11,78,30,89,51,92,83,22,97,76,29,89,20,79,83,92,55,82,42,29,28,43,20,11,30,2,21,6,12,87,14,32,77,58,32,53,35,69,94,20,60,9,25,86,17,90,73,40,49,9,90,26,14,4,9,2,17,22,81,21,17,31,41,52,10,37,5,17,99,8,25,10,3,94,47,75,31,99,30,82,22,27,57,63,20,29,8,7,94,22,40,10,90,26,34,16,63,39,48,63,1,28,8,23,88,14,21,10,89,14,88,3,29,86,37,
275,9,13,80,15,65,81,13,64,19,25,58,96,20,85,27,54,89,28,30,14,49,84,30,81,90,48,53,47,38,89,28,6,18,68,11,90,1,20,22,87,17,92,1,87,83,22,15,45,91,84,40,10,11,4,87,14,82,8,22,12,9,3,15,90,98,1,41,77,36,97,78,98,6,90,38,94,38,58,41,46,87,79,49,99,23,12,79,33,92,53,93,84,23,98,78,31,90,22,80,85,94,58,84,45,32,29,46,22,12,32,4,22,9,13,90,16,33,80,60,33,54,36,72,96,22,62,10,26,88,20,91,74,41,51,11,92,28,15,5,11,4,18,24,82,23,20,33,43,53,11,39,6,18,0,9,27,11,5,95,48,77,32,0,32,83,25,29,58,66,21,31,9,8,96,23,42,11,91,28,37,17,64,40,49,65,3,29,10,24,89,15,23,11,90,16,89,4,30,87,39,
276,10,14,81,17,66,82,14,65,20,26,59,97,21,86,29,56,90,30,31,16,50,86,33,82,91,49,54,48,39,91,30,9,19,71,12,93,2,22,23,88,18,93,2,89,84,24,16,47,92,85,41,11,13,6,88,16,84,9,24,13,11,4,16,92,0,3,44,78,37,98,79,0,9,92,39,95,40,60,43,47,88,81,50,0,25,14,80,35,93,55,94,85,24,99,79,32,91,24,81,86,95,59,86,47,33,30,47,25,14,33,6,24,10,14,91,17,35,82,62,35,56,37,73,97,23,63,11,27,90,21,92,75,42,53,12,94,30,16,6,12,5,19,25,83,24,21,34,44,54,12,40,7,19,1,10,29,12,6,98,50,78,34,1,33,85,27,30,59,67,23,32,11,9,97,24,43,12,92,29,38,19,66,42,51,67,4,30,12,26,90,17,25,12,91,17,90,6,31,89,42,
277,13,16,82,21,67,83,18,66,23,28,61,0,22,88,30,57,91,31,32,18,53,87,34,84,93,51,55,50,40,92,31,11,20,73,13,95,3,24,24,90,19,95,5,90,85,26,18,49,95,87,42,14,14,7,89,17,85,10,26,15,13,6,17,94,2,5,47,79,38,0,81,2,10,93,42,96,42,61,45,50,89,83,51,1,27,16,81,36,94,57,95,88,25,0,80,34,92,26,82,88,96,61,88,49,35,31,49,28,16,35,8,25,12,15,92,18,38,83,65,38,59,38,76,98,24,65,12,28,92,23,94,76,44,54,13,96,33,18,8,13,6,20,26,85,25,22,36,45,55,14,43,8,21,2,11,31,14,8,0,53,81,35,2,34,86,28,31,61,68,24,33,13,10,98,27,44,13,93,32,40,20,68,43,53,69,6,32,14,28,91,19,26,13,92,18,91,9,33,90,44,
278,14,20,85,23,69,84,20,68,24,29,65,2,24,90,32,60,93,33,34,19,57,89,36,86,94,53,58,52,41,93,33,12,23,74,16,97,4,25,26,91,20,97,6,93,87,28,20,50,98,88,44,16,16,10,90,19,86,12,29,17,14,7,19,95,3,7,49,80,39,3,82,3,13,94,45,98,45,62,47,51,90,84,54,2,29,18,83,37,97,59,96,90,28,2,81,36,93,27,85,89,98,63,89,51,37,34,50,30,17,36,9,26,14,16,93,20,40,84,69,41,61,41,77,0,26,67,14,29,94,24,97,77,46,55,14,98,34,20,11,14,7,21,28,87,27,23,38,46,58,15,44,9,23,3,15,34,16,9,2,56,83,38,5,36,87,30,34,64,70,25,34,15,12,99,29,47,16,97,34,43,22,69,44,55,71,8,34,16,30,93,20,27,15,94,19,92,10,36,92,45,
279,15,21,86,24,70,85,21,69,25,31,66,3,25,91,33,61,95,34,35,20,59,90,37,87,95,54,59,54,42,94,34,13,24,75,17,99,5,26,27,93,21,98,7,94,88,29,21,51,99,89,46,17,17,11,92,20,87,13,30,19,15,8,20,96,4,8,50,81,41,4,84,4,14,95,46,99,46,64,48,52,91,85,55,3,30,20,84,38,99,61,97,91,30,3,82,38,94,28,86,90,99,64,90,53,39,35,51,31,18,38,11,27,15,18,94,21,41,85,70,42,62,43,79,1,28,68,15,31,95,25,98,78,47,56,15,99,35,21,12,15,9,22,29,88,29,24,39,47,59,17,45,11,24,4,16,35,17,10,3,57,84,39,6,37,88,31,35,65,71,26,35,16,13,0,30,49,17,98,36,44,23,70,46,56,72,9,36,17,31,94,21,28,16,95,20,93,11,37,93,46,
280,16,22,87,25,71,86,22,70,27,32,67,4,27,92,34,62,96,36,36,21,60,91,38,88,96,55,60,56,43,95,35,14,26,77,18,0,6,27,28,95,23,99,8,95,89,30,22,52,0,90,47,18,18,12,93,21,88,14,32,20,16,9,21,98,5,9,51,82,43,5,85,6,15,96,47,0,47,65,49,54,92,86,57,4,31,21,85,39,0,63,98,92,31,4,83,40,96,29,87,91,0,65,91,54,40,37,52,32,20,39,12,28,16,19,95,22,43,86,71,43,63,44,80,2,29,69,16,32,96,26,0,79,48,58,16,0,37,22,13,16,10,23,30,89,31,26,40,48,60,18,46,13,25,5,18,36,18,11,4,58,85,40,7,38,89,33,37,66,72,27,36,17,15,1,31,50,18,99,37,45,25,71,47,57,73,10,38,18,32,95,23,29,17,96,21,95,12,39,94,47,
281,17,23,89,26,73,88,23,74,29,34,71,8,30,96,37,65,98,40,38,25,62,93,41,91,99,58,63,58,45,98,37,17,29,80,21,2,8,29,29,97,27,0,10,97,91,32,25,55,4,92,48,22,21,14,94,23,90,16,34,23,19,11,23,99,7,10,54,85,46,8,87,8,16,99,49,2,50,66,53,56,93,88,61,7,33,23,87,41,2,66,99,96,32,6,84,43,99,32,89,93,2,69,93,58,45,38,54,34,21,43,13,31,19,22,98,25,44,88,74,46,64,48,84,5,33,70,20,34,98,29,1,81,54,61,17,2,38,26,15,17,12,26,34,91,33,29,43,52,63,20,49,14,27,7,19,37,19,13,6,60,88,43,8,40,92,35,40,70,73,31,41,19,16,2,34,52,19,0,38,48,26,73,50,58,74,12,42,19,33,99,25,31,19,98,26,99,15,43,96,48,
282,18,26,90,27,75,89,24,76,30,36,73,10,32,97,38,67,99,41,40,28,63,94,42,92,0,59,64,59,46,0,39,20,32,81,22,3,9,30,31,99,29,1,11,99,92,33,26,56,5,93,49,23,23,15,95,25,92,18,35,24,21,13,24,0,9,11,57,86,47,10,88,11,18,0,50,5,51,68,54,58,94,89,62,8,35,24,90,42,3,68,0,97,34,7,85,45,0,33,91,94,4,71,94,60,46,39,55,35,24,44,14,32,20,23,99,26,45,89,76,47,65,49,87,6,35,72,21,36,99,30,2,82,57,62,20,3,39,27,16,19,13,27,36,92,35,30,44,54,66,22,50,15,28,8,22,39,21,15,7,63,90,45,9,42,93,36,41,71,74,32,43,20,17,3,36,54,22,1,39,49,27,74,51,60,75,13,44,21,34,0,26,32,20,99,27,0,16,45,98,50,
283,19,28,94,29,78,93,27,79,31,38,77,13,34,99,40,69,0,44,45,31,66,97,47,95,2,61,66,61,50,1,42,22,34,84,26,5,14,32,37,0,31,3,13,0,96,34,27,58,8,96,51,25,27,19,98,27,94,19,38,27,24,15,27,2,11,13,60,88,50,12,89,14,20,3,54,6,55,72,55,61,97,92,65,13,39,26,93,46,7,72,2,98,38,9,87,48,3,36,95,95,6,73,98,62,48,42,58,38,25,47,17,34,22,25,0,30,49,92,77,48,68,52,91,9,37,74,22,40,0,35,6,84,60,63,22,5,42,31,19,23,16,31,39,94,37,32,48,56,68,25,53,19,29,11,24,43,25,19,8,66,92,51,13,44,96,38,45,75,76,33,45,23,21,5,38,58,26,2,44,53,28,78,56,64,79,14,47,22,36,2,27,36,22,0,31,1,17,48,0,53,
284,22,31,97,31,80,95,28,82,34,39,78,16,36,0,43,71,4,45,48,32,69,98,49,96,4,64,69,62,53,3,45,24,37,89,28,7,15,36,38,2,32,5,16,4,97,37,29,59,10,98,52,26,29,20,0,29,98,21,40,30,26,17,30,3,16,14,61,90,51,14,92,17,22,4,57,8,58,74,57,64,99,94,67,15,41,28,95,47,8,74,6,0,40,11,90,50,4,38,97,97,9,76,99,64,52,45,59,41,27,50,19,37,23,27,4,31,52,93,78,51,72,55,92,11,39,80,25,43,2,38,8,86,64,64,23,7,43,34,24,25,17,35,42,98,40,34,50,58,69,26,54,23,33,14,25,44,28,22,11,71,95,54,16,47,98,42,47,78,77,35,46,26,22,11,42,60,29,3,46,57,29,79,58,68,83,16,48,26,38,6,32,40,26,5,33,6,20,50,4,55,
285,23,33,98,33,82,97,31,85,35,40,80,17,38,1,44,73,5,46,50,33,70,99,51,97,5,66,70,64,54,6,46,26,39,91,30,8,16,40,40,4,34,7,17,6,98,40,31,60,13,99,54,27,30,21,1,31,99,22,42,31,27,20,31,5,19,16,64,92,52,15,94,19,24,7,58,9,61,75,58,65,0,97,69,18,42,30,96,49,9,75,8,1,41,13,91,51,5,40,98,99,11,79,0,65,55,48,60,43,28,52,22,39,24,28,6,32,53,94,80,52,73,57,94,13,40,82,27,44,4,40,10,87,65,65,25,10,45,35,26,26,18,36,43,0,43,35,51,59,71,27,57,24,34,16,26,46,29,23,12,74,97,56,19,50,0,43,50,80,78,38,48,28,23,13,44,63,30,5,48,58,30,81,59,69,85,18,49,28,40,8,33,42,27,7,37,7,21,51,5,56,
286,24,35,0,36,84,99,32,87,37,44,82,18,40,3,46,74,8,47,52,34,72,0,52,98,6,68,72,66,56,7,48,28,42,92,32,9,17,42,41,6,36,10,18,8,0,43,33,64,14,0,56,28,31,22,5,34,0,25,45,32,30,23,33,7,20,17,67,94,54,16,96,21,26,8,59,10,64,77,59,66,3,98,71,19,43,31,97,52,11,77,9,2,44,14,94,52,6,41,99,0,12,80,2,68,57,50,62,46,29,54,24,41,25,29,8,34,56,95,82,54,74,58,97,14,41,83,29,47,5,42,12,89,66,66,27,12,46,38,27,28,20,38,45,2,44,36,54,60,74,28,58,25,35,18,28,47,30,25,13,77,0,58,20,53,1,44,52,83,80,40,50,31,25,16,46,64,32,7,50,60,32,82,60,70,88,19,51,29,41,9,35,43,29,9,39,10,23,52,7,58,
287,27,37,2,39,85,0,35,88,42,46,86,21,43,5,49,77,9,51,55,36,73,1,55,0,8,70,75,69,59,9,51,31,45,95,34,12,20,44,44,7,38,12,19,11,2,45,35,67,15,1,59,30,32,24,7,36,1,27,46,34,33,25,34,8,22,19,68,96,57,18,97,23,28,9,61,13,65,82,62,70,4,0,73,22,46,34,98,54,14,80,10,3,46,16,96,54,9,45,0,4,14,82,3,70,61,55,65,49,33,56,28,45,26,32,10,39,58,97,86,56,76,59,99,15,44,87,30,50,7,44,17,90,69,69,29,15,48,40,28,30,22,40,48,5,49,37,55,63,78,30,60,26,39,19,29,50,33,27,15,81,5,60,22,57,2,46,55,84,84,42,53,32,27,17,49,68,34,8,51,62,34,85,61,74,91,20,52,32,42,11,38,47,33,12,42,13,24,54,9,62,
288,29,40,3,42,86,1,37,90,45,48,87,23,44,7,50,78,12,54,58,38,74,2,57,2,10,71,78,71,61,12,53,34,47,97,38,14,22,46,47,10,39,15,21,12,4,46,38,68,17,3,61,32,33,25,8,38,2,28,48,35,35,29,38,11,24,21,69,97,59,21,98,25,29,12,62,14,67,84,63,72,5,2,74,23,47,38,99,57,15,82,12,5,48,20,0,55,11,46,1,6,17,85,5,72,62,57,67,50,36,57,30,46,27,33,13,40,59,99,89,58,79,60,0,17,47,89,32,53,9,46,19,91,70,72,30,16,50,43,29,33,25,41,50,6,50,38,58,65,80,33,63,27,41,20,30,53,35,28,16,83,7,62,23,59,3,48,57,86,87,43,55,35,28,19,52,70,37,10,52,63,36,86,64,75,93,23,54,33,45,13,39,49,35,15,43,14,27,55,10,65,
289,31,41,4,43,87,2,39,91,46,49,88,25,45,8,52,80,13,56,59,40,75,3,58,4,12,73,80,72,62,14,55,35,48,98,39,16,23,47,48,11,40,16,22,13,5,47,39,69,19,5,62,34,35,27,10,39,3,29,49,36,36,31,39,12,25,22,70,98,61,23,99,26,30,13,64,15,68,85,64,73,6,3,76,24,49,39,0,58,17,83,13,7,50,21,1,57,12,47,2,8,18,87,6,73,63,59,68,52,37,58,31,47,30,34,15,41,60,0,92,59,80,61,2,18,49,90,33,54,11,47,21,92,72,73,31,18,51,45,30,34,26,42,52,8,51,40,61,66,82,34,64,28,43,22,31,54,36,29,18,84,9,63,24,60,4,49,60,87,88,44,56,36,29,20,53,71,39,11,53,64,38,87,65,76,94,24,55,35,46,14,41,50,36,17,44,15,29,57,12,66,
290,32,42,5,44,88,3,40,92,47,50,90,26,46,9,53,81,16,58,60,42,76,5,60,5,14,75,81,73,63,15,57,36,50,99,40,17,25,48,50,13,41,17,23,14,7,49,41,70,21,8,63,36,36,29,11,41,4,30,50,38,37,32,40,15,26,24,73,99,64,24,0,27,31,14,66,16,69,87,65,74,8,4,79,26,51,41,2,59,18,84,14,8,51,22,2,59,13,48,4,9,19,88,7,75,65,60,71,54,38,59,33,49,31,36,16,43,62,1,93,60,82,62,3,19,50,92,34,55,12,48,22,93,73,74,32,19,52,46,31,36,27,43,54,9,52,41,63,68,84,35,67,29,46,23,32,57,37,30,20,85,10,65,25,61,5,51,61,88,89,45,57,38,31,22,54,72,41,14,54,65,40,88,66,77,97,26,56,36,47,17,43,52,37,18,45,16,30,58,13,68,
291,33,43,6,46,89,4,41,93,48,51,91,27,47,10,54,82,18,59,61,43,77,6,61,6,15,76,82,74,64,16,58,37,51,0,41,18,26,49,52,14,42,18,24,15,8,50,42,71,22,9,64,37,37,30,13,42,5,31,51,39,39,33,41,16,27,25,74,0,65,25,1,28,32,15,67,17,70,89,66,75,9,5,81,27,52,42,3,60,19,85,16,9,52,24,4,60,14,49,5,10,20,89,9,77,66,61,72,55,40,60,34,50,33,37,17,44,63,2,95,61,84,63,4,20,52,93,35,57,13,49,23,95,74,75,33,20,53,47,32,38,28,44,55,11,53,42,64,69,85,36,69,30,47,24,34,58,38,31,22,86,11,66,26,62,6,52,62,90,91,46,59,39,32,23,55,73,42,15,55,67,41,89,67,79,99,27,57,37,48,18,45,53,38,19,46,17,31,60,14,69,
292,34,45,8,48,90,6,43,94,50,52,92,28,48,11,56,83,20,60,62,45,80,8,62,8,16,77,83,76,66,17,59,38,52,1,43,19,27,50,53,15,43,19,25,16,10,52,43,73,24,10,65,38,39,31,14,44,6,33,52,40,40,34,43,17,28,26,75,1,67,27,2,29,33,16,68,18,71,90,68,76,10,6,83,28,53,44,4,62,20,86,17,10,53,26,5,62,16,50,6,12,22,91,11,79,68,62,74,56,42,62,35,52,34,39,18,47,66,3,97,63,85,64,5,21,53,94,36,58,15,51,25,96,75,77,34,22,55,49,33,39,29,46,56,12,54,43,65,70,86,37,71,32,49,26,36,60,39,32,23,88,13,67,28,64,7,53,63,92,93,49,61,40,33,24,56,74,43,16,57,69,42,90,68,80,0,28,58,38,49,19,46,54,39,20,47,18,32,61,15,71,
293,35,46,9,49,91,7,44,95,51,53,93,29,49,12,57,85,22,61,63,46,81,9,63,9,17,78,84,78,67,18,60,39,53,3,44,20,28,51,54,17,44,20,26,17,11,53,44,74,25,11,66,39,40,33,15,45,7,35,53,41,41,35,44,18,29,27,76,2,68,28,4,30,34,18,70,19,72,91,70,77,11,7,84,29,54,45,5,63,21,87,18,11,54,28,7,63,17,51,7,13,23,92,12,80,69,63,75,57,43,63,36,53,35,40,19,48,67,4,98,65,86,65,6,22,54,95,37,59,16,52,26,97,76,79,35,23,56,50,34,40,30,48,57,13,56,44,66,72,87,38,72,34,50,27,37,61,41,33,24,89,14,68,29,65,8,54,64,93,94,50,62,41,34,25,57,75,44,17,58,70,43,91,69,81,2,29,59,39,51,20,47,56,41,22,49,19,33,63,17,73,
294,36,47,10,50,92,8,45,96,52,54,94,30,50,13,58,86,23,62,64,47,82,10,64,10,18,79,85,79,68,19,61,40,54,4,45,21,29,52,55,18,45,21,27,18,12,54,45,75,26,12,67,40,41,34,16,46,8,36,54,42,42,36,45,19,30,28,77,3,69,29,5,31,35,19,71,20,73,92,71,78,12,8,85,30,55,46,6,64,22,88,19,12,55,29,8,64,18,52,8,14,24,93,13,81,70,64,76,58,44,64,37,54,36,41,20,49,68,5,99,66,87,66,7,23,55,96,38,60,17,53,27,98,77,80,36,24,57,51,35,41,31,49,58,14,57,45,67,73,88,39,73,35,51,28,38,62,42,34,25,90,15,69,30,66,9,55,65,94,95,51,63,42,35,26,58,76,45,18,59,71,44,92,70,82,3,30,60,40,52,21,48,57,42,23,50,20,34,64,18,74,
295,37,48,11,51,93,9,46,97,53,55,95,31,51,14,59,87,24,63,65,48,83,11,65,11,19,80,86,80,69,20,62,41,55,5,46,22,30,53,56,19,46,22,28,19,13,55,46,76,27,13,68,41,42,35,17,47,9,37,55,43,43,37,46,20,31,29,78,4,70,30,6,32,36,20,72,21,74,93,72,79,13,9,86,31,56,47,7,65,23,89,20,13,56,30,9,65,19,53,9,15,25,94,14,82,71,65,77,59,45,65,38,55,37,42,21,50,69,6,0,67,88,67,8,24,56,97,39,61,18,54,28,99,78,81,37,25,58,52,36,42,32,50,59,15,58,46,68,74,89,40,74,36,52,29,39,63,43,35,26,91,16,70,31,67,10,56,66,95,96,52,64,43,36,27,59,77,46,19,60,72,45,93,71,83,4,31,61,41,53,22,49,58,43,24,51,21,35,65,19,75,
296,38,49,12,52,94,10,47,99,54,56,97,32,52,15,60,88,25,64,66,49,85,12,67,12,20,82,87,81,71,21,63,42,56,6,47,23,31,55,58,20,47,23,29,21,14,57,47,77,28,14,69,42,43,36,19,48,10,38,56,44,44,39,47,21,32,30,79,5,71,31,8,33,38,22,74,22,75,95,73,81,15,10,87,32,58,48,8,66,24,90,21,14,57,32,10,66,20,54,10,16,26,96,15,83,72,66,78,60,47,67,39,56,38,43,22,51,70,7,1,68,90,68,9,26,57,98,41,62,19,55,29,0,79,82,38,26,59,53,38,43,33,51,61,16,59,47,69,75,91,41,75,37,53,30,40,64,44,37,27,92,17,71,32,68,11,57,68,96,97,53,66,44,38,29,60,78,47,20,62,73,47,94,73,84,5,33,62,42,54,23,50,60,44,25,52,22,37,66,20,76,
297,39,50,13,53,95,11,49,0,55,58,98,33,53,16,61,89,26,65,67,50,87,13,68,14,21,83,88,82,73,22,64,43,58,7,48,25,32,56,59,21,49,24,30,22,15,59,49,78,29,15,70,43,44,37,20,49,11,39,57,45,45,40,48,23,33,31,80,6,72,33,9,34,39,24,75,23,76,96,74,82,16,11,88,34,59,49,9,67,26,92,22,15,59,33,11,67,21,55,11,17,27,97,16,84,73,67,79,61,48,69,40,57,40,44,24,52,71,9,2,69,91,69,10,27,58,99,42,63,20,56,30,1,80,83,40,27,60,54,39,45,34,52,62,17,60,48,70,76,92,42,76,39,55,32,41,65,45,39,29,93,18,72,34,69,12,58,69,98,98,54,68,45,40,30,61,79,48,21,63,74,48,95,74,85,6,34,63,43,56,24,51,61,45,26,54,24,38,67,21,77,
298,40,52,14,54,96,13,50,1,57,59,99,35,54,17,62,90,27,67,68,52,88,14,69,15,22,84,89,83,74,24,65,44,59,8,49,26,33,58,60,22,51,25,31,23,16,60,51,79,30,16,72,45,46,38,21,50,12,40,58,47,46,41,49,24,35,32,81,7,73,34,10,35,40,25,76,24,77,98,75,83,17,12,90,35,60,50,10,68,27,94,23,16,60,34,12,68,23,56,12,18,28,98,18,85,74,69,81,62,49,70,41,58,41,45,25,53,72,10,3,70,92,71,11,28,59,0,43,64,21,57,31,2,81,85,41,28,61,55,41,46,35,53,63,19,61,49,71,77,93,43,77,40,57,33,43,66,47,40,30,94,19,73,36,70,13,59,70,99,99,56,69,46,41,31,62,80,49,22,65,75,49,96,76,87,8,36,64,44,57,25,52,62,46,27,55,26,39,68,22,79,
299,42,53,15,55,97,14,51,2,58,60,0,36,55,18,63,91,28,68,69,54,89,15,70,16,23,86,90,84,76,25,66,46,60,9,50,27,34,59,62,23,52,26,32,24,17,62,53,80,31,17,73,46,47,40,22,51,13,42,59,48,47,42,50,25,36,33,82,8,74,35,11,37,41,27,77,25,78,0,76,85,18,13,91,37,62,51,11,69,28,95,24,17,61,35,13,70,25,58,13,19,29,99,19,86,75,70,83,63,50,71,42,59,42,47,27,54,73,12,4,71,94,72,12,29,60,1,45,65,22,58,32,3,82,86,42,29,62,56,43,47,37,54,64,20,62,50,72,78,94,44,78,41,58,35,45,67,48,41,31,96,20,74,37,71,15,61,71,0,0,57,70,47,43,32,63,82,50,23,67,76,50,97,78,88,9,37,65,45,59,26,53,63,47,28,57,27,41,69,23,80,
300,46,55,16,56,99,15,53,3,59,62,2,37,57,21,66,92,29,70,70,56,92,16,72,17,24,87,91,87,77,27,67,47,61,10,52,30,36,61,64,25,53,27,34,25,18,63,55,81,32,18,75,47,49,43,23,53,14,43,61,49,49,43,51,28,37,36,83,9,77,36,12,38,43,29,79,26,80,2,78,87,20,14,94,39,64,52,13,72,30,96,25,18,62,36,16,71,27,59,14,21,30,0,22,89,77,71,85,66,52,74,44,62,45,48,28,55,74,14,5,73,97,75,16,31,61,3,49,66,25,60,33,6,85,90,45,30,63,57,44,48,39,57,65,21,64,52,73,79,95,46,80,45,61,37,47,69,51,43,32,97,22,76,39,72,16,63,74,3,3,59,72,49,46,33,65,85,51,25,70,77,52,0,81,89,10,40,67,46,63,27,54,64,48,30,58,28,42,71,25,82,
301,47,56,17,58,0,16,55,6,60,64,3,39,58,22,67,94,30,72,72,57,94,17,73,18,26,88,92,88,78,28,68,48,62,11,54,33,37,63,65,26,54,29,35,26,19,65,57,82,33,20,77,48,50,44,24,54,15,46,62,51,50,44,53,29,38,38,85,11,78,37,13,39,44,30,81,27,82,3,79,89,22,15,96,41,65,53,14,73,31,98,27,19,63,37,17,72,28,60,16,22,31,2,23,90,78,73,86,68,53,75,46,63,46,49,29,57,77,15,6,74,99,76,17,32,62,4,50,67,26,61,34,7,86,91,48,31,65,58,45,50,40,59,66,22,65,53,74,81,96,48,82,47,62,38,49,70,53,44,34,98,23,77,40,74,17,64,75,5,4,60,73,50,47,34,66,86,52,26,72,78,53,2,82,90,11,41,68,48,64,29,56,65,49,32,60,30,43,73,26,84,
302,48,57,18,59,1,18,56,7,61,65,4,40,60,23,68,95,31,74,73,58,95,18,74,19,27,89,94,89,79,29,69,49,63,12,55,34,38,65,66,27,55,30,36,27,20,66,58,83,34,21,78,50,52,45,25,55,16,47,64,52,51,45,54,30,40,39,86,12,80,38,14,40,46,32,82,28,83,4,81,90,23,16,98,42,66,54,16,74,32,99,28,20,64,38,19,73,29,61,17,23,32,3,24,91,79,74,87,69,55,76,47,64,47,50,30,58,78,16,7,75,0,77,18,33,63,5,51,68,27,63,35,8,88,93,49,32,66,59,46,51,41,60,67,23,66,55,75,83,97,49,83,48,63,39,50,71,55,45,35,99,24,78,41,75,19,65,77,6,5,61,74,52,48,35,67,87,54,27,73,79,55,3,84,91,12,42,69,49,65,31,57,67,50,33,61,32,44,74,27,85,
303,50,58,20,60,3,20,57,8,62,66,6,41,61,24,69,96,32,75,74,59,97,19,75,21,29,90,95,90,80,30,71,50,64,13,56,35,40,66,68,29,56,31,38,28,21,67,59,84,35,22,79,51,53,46,26,57,17,48,65,53,52,46,55,32,41,41,88,13,81,40,15,41,47,34,84,29,84,5,82,91,24,17,99,44,67,56,17,76,33,0,29,22,65,40,20,75,30,62,18,24,33,4,26,92,80,75,89,70,56,77,49,65,48,51,31,59,79,17,8,76,1,78,19,34,64,6,52,69,28,64,37,9,89,94,50,33,68,61,47,53,42,61,68,24,67,56,77,84,98,51,84,49,64,40,51,72,56,46,36,0,26,80,42,77,20,66,79,7,6,62,75,54,49,36,69,88,55,28,74,80,57,5,85,92,14,44,70,50,66,33,58,68,51,35,62,33,45,75,29,87,
304,51,60,22,62,4,21,59,10,63,69,7,42,62,25,71,97,33,76,76,60,98,21,77,22,30,91,97,92,82,31,72,52,65,15,57,36,41,67,69,30,58,32,39,31,22,68,61,85,36,23,82,52,55,48,27,59,19,50,67,54,53,47,56,33,43,43,89,14,83,41,16,42,49,35,85,31,85,7,83,92,25,18,0,45,68,57,19,77,34,1,30,23,66,41,21,76,32,64,20,25,34,5,27,94,82,77,90,71,58,79,50,67,51,53,32,60,81,18,11,77,3,80,21,35,66,7,53,70,29,66,38,11,91,97,51,34,69,62,49,54,43,62,70,26,68,58,79,85,99,52,85,50,65,42,52,73,57,48,37,1,27,81,44,79,21,68,80,8,8,63,77,55,50,38,70,89,57,29,76,81,59,6,87,93,17,45,71,52,67,34,59,69,53,36,63,34,46,77,30,88,
305,52,61,24,63,5,22,60,11,65,70,9,43,63,26,72,99,34,77,77,61,99,23,78,24,31,92,99,93,83,32,73,53,66,16,58,37,43,68,70,31,59,33,40,32,24,69,62,86,37,24,83,53,57,49,28,60,20,51,68,56,55,48,58,34,45,44,90,15,84,42,17,43,50,36,87,32,86,8,84,93,26,19,1,47,69,58,20,79,36,2,31,24,68,42,22,77,33,66,21,26,36,6,28,95,83,78,92,72,59,80,51,69,52,54,33,61,82,19,12,78,4,81,22,36,68,8,54,71,30,67,39,12,92,98,53,35,70,63,50,56,44,63,71,27,69,59,81,86,0,53,86,51,66,43,53,74,58,50,38,2,29,82,45,80,23,69,81,9,10,64,79,57,51,39,71,90,58,30,77,82,60,7,89,94,18,47,72,53,68,35,60,70,54,37,64,35,47,79,31,89,
306,53,62,25,64,6,23,62,12,66,71,10,44,65,27,73,0,35,78,78,62,0,24,79,26,33,93,0,94,84,33,74,54,68,17,59,38,44,69,71,33,60,34,41,33,26,70,63,87,38,26,85,55,58,50,29,61,21,52,70,57,56,49,59,35,46,45,91,16,85,43,18,44,51,38,88,33,87,10,85,95,27,20,2,49,71,59,21,80,37,3,32,25,69,43,23,78,35,67,22,27,37,7,29,97,84,79,93,73,60,81,52,70,54,55,34,62,83,20,13,80,6,82,23,37,69,9,56,72,32,68,40,13,93,0,54,36,71,64,51,57,45,64,72,28,70,61,83,87,1,54,87,52,67,44,54,75,59,51,40,3,30,84,46,82,24,70,82,11,11,65,80,59,52,40,72,92,59,32,78,83,62,8,91,95,20,49,73,54,69,36,62,71,56,38,65,37,48,80,32,91,
307,55,63,27,66,8,24,64,13,67,73,13,45,66,28,76,2,38,80,79,64,3,27,81,29,35,94,2,95,87,35,76,55,70,20,61,39,46,70,73,34,62,35,43,35,30,72,65,89,40,28,86,56,61,51,31,63,22,53,72,59,57,50,62,36,47,48,92,19,86,45,19,48,54,40,91,36,91,11,87,98,28,22,3,50,72,60,23,83,39,5,33,26,70,47,25,80,36,68,25,29,38,10,31,99,85,81,94,74,62,82,54,72,55,56,36,64,85,21,14,83,8,84,24,38,73,11,57,73,33,70,42,15,94,1,56,38,73,65,52,58,47,66,75,31,73,62,85,89,4,57,89,53,70,45,55,78,62,53,42,5,31,85,47,83,26,71,83,14,15,67,82,62,53,41,73,94,61,33,80,84,64,9,93,99,22,50,75,55,70,37,64,73,57,40,66,39,51,81,33,92,
308,56,64,28,67,9,25,65,14,68,74,14,46,67,29,77,3,39,81,80,65,4,28,82,30,36,95,3,96,88,36,77,56,71,21,62,40,47,71,74,35,63,36,44,36,31,73,66,90,41,29,87,57,62,52,32,64,23,54,73,60,58,51,63,37,48,49,93,20,87,46,20,49,55,41,92,37,92,12,88,99,29,23,4,51,73,61,24,84,40,6,34,27,71,48,26,81,37,69,26,30,39,11,32,0,86,82,95,75,63,83,55,73,56,57,37,65,86,22,15,84,9,85,25,39,74,12,58,74,34,71,43,16,95,2,57,39,74,66,53,59,48,67,76,32,74,63,86,90,5,58,90,54,71,46,56,79,63,54,43,6,32,86,48,84,27,72,84,15,16,68,83,63,54,42,74,95,62,34,81,85,65,10,94,0,23,51,76,56,71,38,65,74,58,41,67,40,52,82,34,93,
309,57,66,31,68,10,26,66,15,69,75,16,47,68,30,78,4,40,83,81,67,5,29,83,31,37,96,4,97,89,37,78,57,72,24,63,41,50,73,75,37,64,37,46,37,33,74,67,93,42,31,89,59,63,53,33,65,25,56,75,61,59,52,64,38,50,50,95,22,89,48,21,50,56,42,94,38,94,13,89,0,30,24,5,53,75,62,25,85,42,8,35,28,72,49,27,83,38,70,27,31,41,12,34,1,87,83,97,77,64,86,57,74,57,58,38,67,87,23,16,85,10,87,26,42,75,13,60,75,36,73,44,18,96,3,58,40,75,68,55,60,49,68,77,33,76,65,88,91,6,60,92,55,73,47,58,80,64,55,44,8,33,87,50,87,30,74,85,17,17,69,84,64,55,43,75,98,64,36,82,87,66,11,96,1,25,52,78,58,73,39,66,75,60,43,68,42,54,85,36,94,
310,59,67,32,69,11,28,67,17,70,76,18,48,70,31,79,5,41,84,82,68,7,30,84,32,38,97,5,99,90,38,80,59,73,26,64,42,51,74,76,38,65,38,48,38,34,75,69,94,43,32,90,61,64,54,35,66,27,57,76,62,60,54,65,40,51,51,96,23,90,49,22,51,57,43,95,39,95,15,90,1,31,25,6,54,76,63,26,87,43,9,36,29,73,51,28,84,40,71,28,32,43,13,35,2,88,85,99,78,65,87,59,75,58,60,40,68,88,24,17,86,11,89,28,43,76,14,61,77,38,74,45,19,97,5,60,41,76,69,56,61,50,70,78,35,77,67,89,92,7,61,93,56,75,49,60,82,65,56,45,9,34,88,51,88,31,75,86,19,18,70,85,65,56,45,76,99,65,37,83,88,67,12,98,2,26,54,79,60,74,40,67,76,62,44,69,43,55,86,38,95,
311,60,68,33,70,12,29,68,18,71,77,19,49,71,32,80,6,42,85,83,69,8,31,85,33,39,98,6,0,91,39,81,60,74,27,65,43,52,75,77,39,66,39,49,39,35,76,70,95,44,33,91,62,65,55,36,67,28,58,77,63,61,55,66,41,52,52,97,24,91,50,23,52,58,44,96,40,96,16,91,2,32,26,7,55,77,64,27,88,44,10,37,30,74,52,29,85,41,72,29,33,44,14,36,3,89,86,0,79,66,88,60,76,59,61,41,69,89,25,18,87,12,90,29,44,77,15,62,78,39,75,46,20,98,6,61,42,77,70,57,62,51,71,79,36,78,68,90,93,8,62,94,57,76,50,61,83,66,57,46,10,35,89,52,89,32,76,87,20,19,71,86,66,57,46,77,0,66,38,84,89,68,13,99,3,27,55,80,61,75,41,68,77,63,45,70,44,56,87,39,96,
312,62,70,35,73,13,31,70,19,72,78,23,50,73,33,82,8,43,87,84,70,10,34,87,34,41,0,8,2,92,40,84,62,77,29,66,44,53,76,78,42,67,41,50,40,36,77,71,98,45,34,92,64,66,56,37,68,29,59,80,65,62,57,67,43,54,54,98,26,94,52,25,54,60,46,97,41,97,18,94,4,33,28,9,56,79,66,28,89,45,12,38,31,77,53,31,86,43,73,30,35,46,15,37,4,90,88,2,80,67,90,61,79,60,62,44,70,91,27,21,89,13,92,30,45,78,16,65,79,40,77,49,21,99,8,63,43,79,71,59,63,52,73,81,37,80,70,91,94,10,63,95,60,78,51,65,86,68,58,48,14,37,91,54,92,33,78,89,22,20,73,89,67,60,47,78,1,68,39,85,90,69,15,0,4,28,57,82,62,78,43,70,78,64,46,71,46,58,88,40,97,
313,64,71,36,74,14,33,71,20,73,80,25,51,75,34,83,9,45,88,85,72,13,35,89,35,42,1,9,4,93,41,85,63,79,31,68,45,54,77,79,43,69,42,52,41,37,78,72,0,47,36,93,65,67,57,38,69,30,60,82,66,64,58,68,44,55,55,0,27,96,53,26,56,61,47,98,42,98,19,95,6,34,29,11,57,81,67,29,92,46,14,39,32,79,54,32,87,44,75,32,36,47,16,39,5,91,89,4,81,69,91,62,80,61,63,45,71,93,28,22,91,15,94,31,47,79,17,67,81,41,79,50,22,0,11,64,44,80,73,60,64,55,75,82,39,81,72,92,95,11,64,96,61,79,52,66,88,69,60,49,15,38,92,55,94,34,80,90,23,21,74,90,68,62,48,79,2,70,40,86,92,71,16,2,6,30,59,83,63,80,44,71,79,65,47,73,47,59,90,41,98,
314,66,73,37,75,15,35,72,21,75,83,27,53,76,36,85,10,46,90,88,75,16,36,90,36,43,5,10,6,95,44,87,66,81,32,69,46,56,79,81,44,70,44,53,42,39,79,74,1,49,37,95,68,68,59,40,71,31,62,84,67,65,60,70,45,56,56,1,29,98,54,27,59,64,49,0,44,99,21,97,8,35,31,13,58,82,68,30,93,48,15,42,33,80,56,33,89,46,77,34,38,48,17,41,7,92,92,5,83,70,92,63,81,63,65,46,73,95,29,23,92,16,97,33,50,82,18,68,83,44,81,51,23,1,13,66,45,83,75,62,65,57,76,83,40,82,74,94,98,13,65,97,64,80,53,68,89,72,62,50,16,40,94,57,96,38,81,92,25,22,77,91,70,64,49,80,4,71,41,88,93,72,17,3,9,34,60,85,67,82,45,72,80,67,48,74,49,60,93,42,99,
315,67,74,38,76,16,36,73,23,77,84,28,55,78,37,87,12,47,91,89,76,17,37,91,37,44,7,11,7,97,45,88,67,82,34,71,47,58,81,82,45,71,45,54,43,40,80,75,2,50,39,96,69,69,60,42,72,32,63,86,68,66,61,71,46,57,57,2,30,99,55,28,60,65,50,2,45,0,23,98,10,37,33,14,59,83,69,31,95,49,17,44,34,81,57,35,91,47,78,35,39,49,19,42,8,93,93,6,84,71,93,64,82,64,67,47,74,96,30,24,93,17,98,34,51,83,19,69,84,45,83,53,24,2,15,67,46,84,76,64,66,58,77,84,41,83,75,95,99,14,66,98,65,81,54,69,90,73,63,51,17,41,95,59,97,40,82,93,26,23,79,92,71,65,50,81,5,72,42,89,95,73,18,4,10,35,61,86,68,84,46,74,81,69,49,75,50,61,94,44,0,
316,68,75,39,77,17,37,74,24,78,85,30,56,80,39,89,13,48,93,90,77,18,38,92,38,45,8,13,9,98,46,90,69,83,36,73,48,61,82,84,46,72,47,55,44,41,82,76,4,51,40,97,72,71,61,43,74,33,65,87,69,67,63,72,48,58,58,3,32,0,57,30,61,67,51,4,46,1,25,0,12,39,34,15,60,85,70,33,96,51,18,45,35,82,58,37,92,48,79,36,40,51,20,43,9,95,95,7,86,72,95,66,83,67,68,48,75,98,31,26,94,19,0,35,53,84,20,70,86,46,84,54,25,4,16,68,47,85,77,65,68,59,78,85,42,84,76,97,0,16,67,0,66,82,56,71,91,75,65,53,18,42,98,60,98,41,83,94,27,24,80,93,72,66,51,83,6,73,43,90,98,74,19,6,13,36,62,87,70,85,47,75,82,70,50,77,51,63,97,45,1,
317,70,76,42,79,18,39,75,25,81,87,33,59,81,42,91,17,49,94,91,78,20,40,93,39,47,10,15,11,99,49,91,72,85,39,75,49,62,83,86,49,75,49,57,46,42,86,79,6,53,41,99,75,73,63,46,76,34,70,88,72,71,65,76,51,60,60,4,35,1,59,33,64,70,52,7,48,4,28,3,15,41,36,16,61,87,71,36,99,53,20,47,39,84,60,38,95,49,80,37,42,52,21,44,10,97,98,8,89,74,96,68,86,68,69,50,76,99,32,28,96,21,1,38,55,85,21,72,88,48,85,57,26,6,19,71,49,87,78,67,70,60,79,88,45,87,77,99,4,17,70,2,67,83,59,74,94,76,67,55,20,47,99,64,99,43,85,95,30,28,83,96,75,68,53,85,9,76,45,92,99,75,20,8,14,39,64,89,72,87,49,76,84,72,52,79,53,67,99,47,5,
318,71,77,43,80,19,40,76,26,82,88,34,60,82,43,92,18,50,95,92,79,21,41,94,40,48,11,16,12,0,50,92,73,86,40,76,50,63,84,87,50,76,50,58,47,43,87,80,7,54,42,0,76,74,64,47,77,35,71,89,73,72,66,77,52,61,61,5,36,2,60,34,65,71,53,8,49,5,29,4,16,42,37,17,62,88,72,37,0,54,21,48,40,85,61,39,96,50,81,38,43,53,22,45,11,98,99,9,90,75,97,69,87,69,70,51,77,0,33,29,97,22,2,39,56,86,22,73,89,49,86,58,27,7,20,72,50,88,79,68,71,61,80,89,46,88,78,0,5,18,71,3,68,84,60,75,95,77,68,56,21,48,0,65,0,44,86,96,31,29,84,97,76,69,54,86,10,77,46,93,0,76,21,9,15,40,65,90,73,88,50,77,85,73,53,80,54,68,0,48,6,
319,74,79,46,82,22,43,79,27,85,91,36,61,83,45,95,20,51,99,95,81,24,43,96,41,50,15,20,15,3,52,94,74,89,42,77,55,67,85,90,51,78,52,64,50,45,91,83,8,58,43,3,79,76,68,51,80,40,74,90,76,75,69,78,54,63,63,9,37,4,61,35,68,73,55,10,50,9,31,8,19,45,39,22,65,91,75,41,1,56,26,51,42,87,65,41,98,52,85,40,48,56,25,47,13,0,0,13,91,79,98,70,89,73,72,54,82,4,37,32,99,27,4,42,58,87,23,75,90,51,89,61,30,9,23,77,53,90,82,71,73,65,81,94,47,90,84,2,9,20,75,9,72,86,64,77,98,80,69,58,22,54,2,67,4,46,89,97,35,32,89,0,79,73,59,89,12,81,51,97,3,80,24,12,18,43,68,94,74,91,53,81,88,76,55,85,55,70,3,51,9,
320,75,81,47,84,24,44,80,29,86,93,37,62,84,46,96,23,52,0,97,83,26,44,98,42,51,18,21,18,5,54,97,75,91,46,78,56,69,87,91,53,79,54,66,52,46,93,85,9,59,47,5,80,77,69,54,82,41,75,92,78,77,70,80,55,64,64,13,38,6,63,36,69,75,56,12,51,10,33,10,20,46,40,23,66,92,77,42,2,58,27,53,44,90,67,42,99,53,88,41,49,58,27,50,14,1,1,15,92,81,99,72,91,74,75,55,84,5,38,34,0,28,5,45,59,89,25,78,92,52,90,62,31,13,25,79,54,91,84,72,74,68,83,96,49,91,86,3,11,23,76,10,74,89,65,79,0,81,71,59,24,56,3,68,7,49,92,98,36,34,90,1,82,74,61,92,13,82,53,98,4,84,26,14,19,45,70,96,75,92,54,84,91,78,58,86,58,71,4,52,11,
321,78,83,48,86,25,45,84,30,87,94,38,64,86,48,97,25,54,1,98,84,27,46,0,45,52,19,22,19,8,55,0,77,93,49,80,57,70,89,94,55,81,56,68,54,47,95,86,10,61,49,7,83,80,73,55,84,42,77,95,79,79,72,81,56,65,66,14,40,8,65,37,70,77,57,14,53,12,34,12,22,48,41,26,67,93,79,43,4,59,28,54,46,91,69,43,0,54,90,42,50,59,29,51,15,2,2,17,93,82,0,73,93,75,76,57,86,6,40,36,1,30,6,47,62,90,26,80,94,53,91,63,32,14,26,81,56,92,86,73,76,70,85,98,50,93,88,6,12,24,79,11,76,90,66,80,1,82,73,61,25,57,4,69,8,50,93,0,38,35,93,3,83,75,62,94,15,83,54,0,5,85,27,16,20,46,72,98,76,93,55,85,93,80,59,88,59,72,5,55,13,
322,81,85,49,88,28,47,86,32,91,96,39,67,87,50,99,28,55,5,0,86,28,48,3,47,53,22,23,21,10,56,2,79,95,50,84,59,72,91,96,56,86,57,70,55,50,96,88,13,62,51,9,86,83,76,56,85,44,79,98,82,81,74,83,58,68,68,17,42,10,66,39,73,79,60,15,56,14,36,14,24,50,43,28,68,95,81,44,7,61,29,56,47,95,72,45,2,57,95,43,51,61,32,53,18,3,3,18,94,84,4,75,94,77,81,59,89,9,43,39,4,34,9,50,65,94,27,82,97,54,92,65,33,16,28,84,57,95,90,76,78,72,88,99,52,95,90,8,15,28,82,13,81,93,69,81,3,84,75,62,27,58,6,71,9,51,96,3,39,38,97,5,84,78,63,96,16,87,57,4,8,87,28,18,21,49,74,0,79,95,57,87,96,82,61,90,60,73,7,56,17,
323,82,86,50,90,29,48,88,33,92,97,40,69,89,51,0,29,56,6,1,87,30,50,4,48,55,25,24,23,12,58,3,80,97,51,85,60,75,92,98,57,87,58,71,56,52,98,89,14,63,52,10,87,84,77,57,87,45,80,99,83,83,75,84,59,70,69,18,43,12,68,41,75,81,62,16,58,15,37,16,26,51,44,29,70,97,82,46,8,62,31,57,48,96,73,47,4,59,97,45,53,62,34,54,19,5,5,19,95,86,5,76,96,79,83,60,90,10,44,40,5,35,10,51,66,96,29,83,98,56,93,66,35,17,30,85,59,97,92,77,80,74,89,0,53,96,92,9,17,29,83,14,82,94,71,82,4,86,77,63,29,60,7,72,10,53,97,5,40,39,98,6,85,80,64,98,17,89,58,5,11,89,29,19,22,50,76,2,81,96,59,88,98,83,63,91,61,74,8,58,19,
324,83,87,52,92,30,49,89,35,93,98,42,70,90,52,1,30,57,8,3,89,31,51,5,49,57,27,25,24,15,59,4,81,98,53,87,61,77,95,99,58,89,59,72,58,54,99,91,16,65,53,12,88,86,78,59,88,46,82,0,85,84,76,85,61,71,71,20,44,14,69,42,76,82,63,17,59,16,39,17,28,53,45,30,71,98,84,47,9,63,33,58,51,97,74,49,6,61,98,46,54,63,36,55,20,7,6,20,96,87,8,77,98,80,84,62,91,11,46,42,6,37,11,52,67,98,30,84,0,57,94,67,36,19,31,86,60,98,93,78,82,75,90,2,55,99,94,10,19,30,85,16,83,95,72,83,6,87,79,64,30,62,8,73,11,54,98,6,42,40,99,8,86,81,65,0,18,90,60,7,12,91,30,20,23,51,77,3,83,98,61,90,99,84,64,93,62,75,9,60,20,
325,84,88,53,93,31,51,90,36,94,99,44,71,91,54,2,31,58,9,4,90,32,52,8,51,59,28,26,26,16,61,5,83,99,55,88,62,78,96,0,59,91,60,73,59,55,0,92,19,66,54,14,90,89,79,60,89,47,83,1,86,85,77,86,62,72,72,21,46,15,70,43,77,84,64,18,60,18,41,18,29,54,47,32,72,99,86,48,12,65,34,60,52,0,75,50,7,62,0,47,56,65,37,58,22,8,7,21,97,88,9,79,0,81,85,63,92,12,47,45,8,39,13,54,68,0,32,85,3,59,95,68,38,21,33,87,62,99,95,79,85,77,92,3,56,0,95,12,20,32,87,18,84,97,75,84,7,88,82,66,31,65,10,75,13,55,99,8,44,42,0,10,87,84,68,1,20,92,62,8,14,92,32,22,26,53,78,5,85,99,63,92,0,86,65,94,63,76,10,61,22,
326,89,90,55,96,32,52,92,37,97,0,45,73,96,56,4,33,60,12,6,92,37,55,10,54,62,32,31,28,18,65,9,85,0,57,94,65,79,99,3,63,95,63,75,62,57,4,95,22,67,56,16,92,90,81,63,94,51,87,2,92,88,79,90,65,74,73,23,47,19,73,48,80,85,67,22,65,21,46,20,31,58,50,36,74,0,90,51,15,68,36,67,55,1,76,52,10,65,3,49,58,67,40,61,26,11,11,25,0,91,13,81,2,85,91,65,95,15,49,48,9,43,15,60,70,1,34,88,8,60,98,70,42,24,36,91,65,0,97,80,87,79,94,7,59,3,98,14,23,39,90,21,86,0,78,87,9,91,87,67,35,67,13,77,15,58,0,11,46,45,2,13,92,88,72,3,23,95,64,11,16,93,34,25,31,59,79,7,89,0,64,94,4,89,66,96,64,80,13,62,24,
327,92,93,57,99,34,55,95,39,98,3,49,75,99,59,9,36,61,15,9,96,39,57,13,56,64,35,33,31,21,66,11,87,2,60,98,68,83,0,6,64,96,65,77,65,58,6,98,26,69,60,19,93,93,84,66,98,53,92,7,93,90,82,95,69,78,76,24,48,21,75,50,81,86,69,25,67,23,49,25,33,61,51,42,77,1,93,52,17,69,39,69,58,4,79,54,12,66,5,53,61,69,42,64,30,13,12,28,1,95,15,84,5,88,93,67,98,16,53,50,12,45,19,62,73,3,35,90,12,62,0,73,43,30,37,93,67,4,0,83,93,81,97,9,61,7,0,17,25,41,92,22,88,2,80,90,11,95,90,69,38,69,17,79,18,62,4,15,49,47,4,15,94,90,75,6,28,98,66,14,18,96,36,28,33,62,82,9,91,3,69,97,6,91,68,98,68,84,14,64,26,
328,94,94,59,0,36,56,96,40,0,6,51,76,0,61,10,37,63,16,12,99,40,58,15,58,65,37,35,32,25,68,13,89,4,63,0,70,84,1,8,66,99,67,79,67,59,7,0,30,71,63,22,95,94,85,68,0,54,93,8,94,93,84,96,70,79,79,26,49,22,77,52,82,87,71,26,70,24,51,27,34,63,53,43,81,2,94,55,20,72,40,70,60,5,80,58,14,67,6,54,63,70,43,65,32,14,14,29,3,96,18,86,8,90,95,68,99,18,54,52,16,47,21,64,74,4,37,93,13,63,1,74,45,32,40,94,71,6,1,85,96,83,0,12,63,9,3,19,27,43,94,25,90,3,81,91,13,96,93,72,41,71,18,81,20,63,6,17,51,49,5,17,96,92,76,8,31,0,67,15,20,99,38,29,34,63,83,11,94,6,72,99,7,93,69,0,70,85,15,65,27,
329,97,97,60,1,39,59,98,42,6,10,52,78,4,63,13,38,66,18,15,0,43,63,19,60,69,40,38,36,28,69,16,90,6,66,2,73,88,5,10,67,0,70,82,69,62,8,1,34,75,66,26,99,96,88,69,3,57,97,10,98,95,85,97,74,81,83,27,50,25,81,54,83,90,74,29,75,27,55,29,38,65,57,46,84,5,98,58,23,73,43,73,62,8,82,59,17,70,9,56,65,73,46,66,37,19,15,31,6,98,21,88,11,92,97,71,0,21,57,55,20,51,24,65,78,8,38,97,14,65,4,75,48,34,44,97,73,9,6,88,98,87,3,13,66,10,5,22,33,47,97,27,92,7,83,94,15,98,94,77,43,72,22,83,24,64,10,19,52,54,7,18,98,95,79,12,33,1,70,18,24,0,39,31,38,65,85,14,97,7,73,0,9,97,71,1,74,88,19,68,30,
330,0,0,61,2,40,60,0,44,7,13,54,80,7,65,15,43,69,20,17,2,47,65,22,61,71,43,43,38,30,70,19,92,9,67,3,74,89,7,12,69,4,72,84,72,64,11,2,35,76,67,29,0,99,89,70,5,60,99,12,99,98,88,99,76,82,85,31,53,26,84,55,84,92,75,30,77,29,57,33,41,66,59,48,85,7,99,59,24,74,46,75,63,12,83,60,20,72,11,60,66,75,50,68,38,23,17,34,9,0,24,90,12,94,0,73,2,23,59,57,23,52,28,66,80,9,40,98,15,67,7,77,50,36,46,0,75,12,8,90,99,89,7,14,68,13,7,24,34,48,0,29,94,8,85,98,17,0,95,79,45,74,25,85,25,66,11,21,53,58,10,20,99,97,81,14,34,2,71,21,28,2,40,32,40,67,87,16,99,10,75,2,10,98,73,3,75,89,21,69,31,
331,1,3,63,6,42,62,2,47,11,16,59,82,11,67,17,48,73,23,21,6,49,67,25,64,76,44,48,42,33,72,22,96,11,70,5,77,91,10,14,70,6,76,87,73,67,15,9,38,77,69,32,3,0,91,73,8,66,0,14,0,0,92,0,79,83,87,35,57,30,87,57,86,96,76,32,80,34,60,34,45,69,62,50,88,10,0,60,27,78,49,80,66,16,84,62,22,75,14,63,69,80,54,71,40,25,21,37,11,2,27,92,15,96,4,74,4,28,60,60,27,55,32,72,81,14,43,0,17,69,10,79,55,37,48,3,78,14,10,93,0,92,11,17,70,17,9,25,36,52,3,31,96,9,87,0,21,1,96,81,48,80,26,88,28,67,14,22,57,63,14,24,0,99,85,16,38,5,73,22,31,4,42,36,44,70,89,21,0,14,79,4,13,0,75,7,77,92,24,72,33,
332,3,7,65,10,43,64,7,49,15,20,64,88,14,71,22,54,75,25,25,7,53,71,28,65,80,47,51,48,35,78,25,98,13,72,7,79,92,14,17,74,10,81,89,75,70,20,12,42,81,72,36,5,3,95,77,11,68,2,18,4,3,95,2,80,89,92,40,59,34,88,62,87,99,81,35,83,36,62,38,47,73,65,51,92,14,4,63,29,81,51,85,68,18,86,63,29,78,18,65,72,83,57,72,43,28,24,43,16,6,30,95,16,97,6,76,9,32,63,65,30,56,35,76,83,20,45,3,21,75,13,82,57,39,51,4,83,20,12,96,2,96,15,19,72,19,13,27,42,55,5,36,99,13,90,2,24,6,98,85,52,84,30,92,30,71,18,24,61,68,18,26,1,0,89,19,42,9,77,25,35,5,43,40,50,72,94,27,2,19,81,8,16,2,78,11,79,97,29,75,38,
333,4,8,66,11,44,65,8,50,16,22,65,89,16,73,23,56,76,26,26,8,54,72,29,66,81,48,52,49,36,79,26,0,14,73,9,80,93,15,18,75,12,82,91,76,71,21,13,44,82,73,38,6,4,96,78,12,69,3,19,5,4,97,4,81,91,94,41,61,35,89,63,88,0,82,36,84,38,63,39,48,74,66,52,93,16,5,64,30,82,53,86,69,19,87,65,31,80,19,66,73,84,58,73,45,29,26,44,17,7,31,96,17,98,7,77,10,33,64,66,31,58,36,77,84,21,46,4,22,76,14,83,58,41,53,5,84,22,13,97,3,97,16,20,73,20,14,28,43,56,6,38,0,14,91,3,25,7,99,87,53,85,32,94,31,73,19,25,63,69,19,27,2,1,90,21,43,10,78,26,36,6,45,41,52,73,95,28,4,20,82,9,17,3,79,13,80,98,30,76,39,
334,5,10,67,13,46,67,10,51,17,23,66,90,18,74,24,58,77,27,27,9,55,73,30,67,82,49,54,50,38,80,28,2,15,74,10,83,94,16,20,78,13,83,93,77,72,22,14,46,84,74,41,7,5,98,79,13,71,4,20,7,5,99,6,83,93,95,42,62,36,91,64,90,1,84,37,85,39,64,41,50,75,67,54,96,18,6,67,32,84,56,87,71,20,89,67,32,82,20,67,74,86,59,74,47,32,27,46,19,9,32,98,19,0,9,79,12,34,66,67,32,59,39,79,85,22,47,6,23,78,15,85,59,42,55,6,85,24,15,98,5,98,18,21,74,23,17,31,45,58,8,40,2,15,93,5,26,9,0,89,55,87,33,95,34,74,20,28,65,71,20,30,3,2,91,23,44,11,82,27,37,8,47,42,53,74,98,30,5,21,83,10,20,5,81,14,82,99,32,77,40,
335,6,11,68,14,48,69,11,52,19,24,67,91,19,75,26,59,79,28,28,11,56,74,32,68,83,50,55,51,40,81,29,3,16,75,11,84,96,18,21,80,14,84,94,78,73,23,15,48,86,75,43,8,7,99,80,15,72,6,21,8,6,0,8,84,94,96,44,63,38,92,65,91,2,85,39,87,40,66,42,51,76,68,56,97,20,8,68,33,85,57,88,72,22,90,68,33,83,21,68,75,87,61,75,49,34,28,48,20,11,33,99,21,2,11,81,13,36,67,69,35,61,41,81,86,23,48,7,24,79,17,86,60,45,56,7,86,26,16,0,6,0,19,22,75,24,19,32,46,59,9,41,4,17,95,6,28,10,1,91,56,88,34,96,35,76,21,29,66,72,21,31,5,3,92,24,45,12,83,29,38,11,49,44,55,75,99,31,6,22,84,12,21,6,82,15,83,0,33,78,41,
336,8,13,69,16,50,70,13,53,21,27,69,93,20,77,29,61,81,30,32,12,58,77,34,72,86,53,58,52,42,83,30,5,17,79,12,85,97,21,24,81,16,86,95,81,75,24,17,50,88,76,45,11,9,0,82,16,74,7,22,10,7,2,12,86,96,99,46,65,40,93,66,92,4,86,41,89,42,68,43,53,80,70,57,98,22,9,69,35,87,60,89,74,25,92,69,34,85,22,69,76,88,63,76,50,35,31,50,24,13,35,0,23,3,13,82,15,38,68,71,37,63,42,83,87,24,50,8,28,81,19,87,61,48,57,10,88,28,17,3,7,2,20,24,76,26,20,36,48,61,12,44,7,18,96,8,29,12,2,93,57,92,36,97,36,77,23,31,68,74,24,34,6,4,93,27,47,13,84,31,40,12,51,45,58,76,0,32,7,24,85,15,25,9,84,17,84,1,35,79,44,
337,10,14,71,18,52,71,14,54,22,28,70,94,22,78,31,63,83,31,35,14,59,78,35,73,87,54,61,53,44,85,32,7,18,81,14,87,0,23,25,82,18,88,98,82,76,25,18,52,89,77,46,12,10,1,83,17,75,9,24,12,8,3,13,87,97,0,49,66,42,95,67,93,6,87,43,91,44,69,47,54,82,71,59,99,24,10,70,37,88,63,90,75,26,94,70,35,87,24,70,77,91,65,77,52,37,33,52,25,14,36,2,24,5,15,84,16,39,70,72,38,65,43,85,89,25,51,9,30,82,21,88,62,49,60,12,89,30,18,5,9,3,21,27,77,27,21,38,49,63,13,45,8,20,97,9,31,13,3,95,59,93,38,98,37,78,25,32,70,76,26,36,7,7,94,28,49,14,87,32,41,15,52,46,59,78,1,34,9,25,86,16,27,10,85,18,86,4,36,81,45,
338,11,15,73,19,53,72,16,55,23,29,71,96,24,79,32,65,84,32,36,16,60,79,36,74,88,56,63,56,45,86,33,8,20,83,15,89,1,24,27,83,19,89,99,84,77,27,19,54,90,78,47,13,11,3,84,18,76,10,26,13,9,4,14,88,98,1,50,68,44,98,70,96,8,88,45,92,45,71,49,55,83,72,60,0,25,11,71,39,91,65,91,76,27,95,72,36,88,25,71,78,93,67,79,54,39,34,54,27,15,38,4,25,7,16,86,18,40,72,74,39,66,44,87,90,26,53,10,31,83,23,89,63,50,62,14,91,32,19,6,11,5,22,29,78,28,23,39,50,64,14,47,9,21,98,10,33,14,5,96,60,94,39,99,39,79,28,34,71,78,27,38,8,8,95,29,51,15,88,33,43,16,53,47,60,79,2,35,11,26,87,17,29,11,86,20,87,5,37,82,47,
339,13,17,74,21,54,73,18,56,24,30,73,97,25,80,33,66,85,33,37,18,62,80,37,75,89,57,64,57,46,87,34,10,21,85,16,90,2,25,28,85,20,90,0,85,78,29,21,55,92,79,48,15,12,4,85,19,77,11,28,15,10,5,15,89,99,3,52,69,45,99,72,98,9,89,46,93,46,72,51,56,84,73,61,1,26,13,72,40,92,66,92,78,28,96,73,38,89,26,72,79,94,68,80,56,40,35,55,28,17,40,5,26,8,17,87,19,42,73,76,40,68,45,88,91,27,54,11,32,85,25,90,64,52,63,15,92,34,21,7,12,6,23,30,79,29,24,41,51,65,15,49,10,22,99,11,34,15,6,97,62,96,40,0,40,80,29,35,72,79,28,39,10,9,96,30,52,16,89,34,45,17,55,48,61,80,3,37,12,28,88,18,30,12,87,21,88,7,38,83,49,
340,15,19,75,23,56,74,19,57,25,31,74,99,26,81,34,68,86,34,38,20,63,82,39,76,90,59,66,58,47,89,36,12,22,87,17,92,3,27,29,86,21,91,1,87,79,30,22,57,93,80,49,16,14,6,86,21,79,12,29,16,12,6,16,90,0,5,54,70,46,0,73,0,11,91,47,94,48,73,52,57,85,74,62,2,27,15,73,43,93,68,93,79,29,97,74,40,90,28,73,81,95,70,81,58,42,36,57,30,18,41,6,27,10,18,89,20,44,76,78,41,69,46,90,93,29,55,12,33,88,27,91,65,53,65,16,93,36,22,8,13,7,24,31,80,31,26,43,53,66,16,50,11,23,0,12,36,16,7,99,64,98,41,1,41,81,31,36,73,81,29,40,11,10,98,31,53,17,90,36,47,19,57,49,63,83,5,38,13,30,89,20,31,13,88,22,89,9,39,84,51,
341,17,20,77,26,57,75,23,58,28,33,76,0,27,83,36,70,87,36,39,21,66,83,41,78,92,61,67,60,48,91,38,14,23,89,18,95,4,29,30,87,22,93,4,88,80,32,23,59,96,82,50,18,15,7,87,22,80,13,32,18,14,8,17,93,3,7,58,71,47,3,74,2,13,92,51,95,52,75,55,60,86,77,63,4,30,16,74,44,95,71,94,81,31,0,75,42,91,31,75,83,96,72,84,61,45,38,59,34,20,42,9,29,13,19,90,22,46,77,80,45,73,48,93,94,31,57,13,34,89,28,94,66,54,66,17,97,38,23,11,14,8,25,32,82,32,27,44,54,67,18,52,12,25,1,14,39,19,9,0,67,0,44,3,42,83,32,37,75,83,31,41,13,11,99,34,54,19,92,40,49,21,58,51,66,85,7,39,16,31,91,22,33,14,89,23,90,11,42,86,53,
342,19,24,80,28,59,76,25,60,30,34,80,1,29,85,39,72,89,39,42,22,69,85,43,80,93,63,70,63,50,92,40,16,27,91,21,97,5,30,32,88,23,96,5,92,82,34,25,60,98,83,52,20,17,10,88,24,81,15,34,19,15,9,19,94,4,8,59,72,49,5,75,3,17,93,54,98,54,77,56,61,87,78,67,5,32,19,76,45,97,72,95,83,33,1,76,43,92,32,78,85,98,74,85,63,46,40,60,36,21,43,10,31,14,20,91,24,48,78,85,49,75,50,94,97,32,59,15,35,91,29,96,67,57,67,19,99,39,25,13,15,9,26,35,84,34,28,46,56,71,19,53,13,28,2,17,41,20,10,1,70,2,46,5,45,84,34,40,78,84,32,43,15,13,0,37,58,22,95,41,52,22,59,52,67,88,9,41,18,33,92,24,34,16,91,24,91,12,44,88,55,
343,20,25,81,29,60,77,26,61,32,35,81,2,31,86,40,73,90,41,43,23,70,86,44,81,94,64,71,65,51,93,41,17,29,93,22,98,6,31,33,90,25,97,6,93,83,35,26,61,99,84,53,21,18,11,89,25,82,16,36,20,16,10,20,96,5,9,60,73,51,6,76,5,18,94,55,0,55,78,57,63,88,79,69,6,33,20,77,46,98,74,96,84,34,2,77,45,94,33,79,86,99,75,86,64,47,42,61,37,23,44,11,32,15,21,92,25,50,79,86,50,76,51,95,98,33,60,16,36,92,30,98,68,58,69,20,0,41,26,14,16,10,27,36,85,36,30,47,57,72,20,54,15,29,3,19,42,21,11,2,71,3,47,6,46,85,36,42,79,85,33,44,16,15,1,38,59,23,96,42,53,24,60,53,68,89,10,43,19,34,93,26,35,17,92,25,93,13,46,89,56,
344,21,26,82,30,61,78,27,63,33,36,82,3,34,88,41,75,91,42,44,24,71,87,46,84,95,65,72,66,52,95,42,19,30,94,23,99,7,32,34,91,27,98,7,94,84,36,27,63,0,85,54,23,20,12,90,26,83,17,38,21,19,11,22,97,7,10,62,74,53,8,77,6,19,96,57,1,56,79,60,65,89,81,70,8,34,22,79,48,99,76,97,86,35,3,78,47,95,34,80,88,0,77,87,66,49,43,63,38,24,46,12,33,17,23,94,27,51,80,87,52,77,53,97,99,35,61,18,38,93,32,99,70,61,70,21,1,42,28,15,17,11,28,37,86,37,31,49,59,73,22,56,16,30,5,20,43,22,12,4,72,4,48,7,47,86,38,44,81,86,35,46,18,16,2,40,60,24,97,43,55,25,61,54,69,90,11,45,20,35,94,27,36,18,94,27,94,14,48,90,57,
345,22,27,84,31,62,80,28,65,34,37,85,6,35,90,43,76,92,45,46,26,73,89,47,85,96,66,73,68,53,97,44,20,32,96,25,0,8,33,35,93,29,0,8,95,86,37,29,65,2,86,55,24,22,14,91,28,84,18,39,24,20,12,23,98,8,11,64,76,54,9,78,7,20,97,58,3,58,80,62,66,90,82,72,10,36,23,80,49,0,78,98,87,36,4,79,49,97,35,81,89,1,78,88,68,52,44,64,40,25,48,13,36,18,24,96,28,52,81,90,54,78,54,99,0,37,62,19,39,94,33,0,71,64,71,22,2,43,30,16,18,12,30,40,88,39,33,51,60,74,23,58,17,32,6,21,44,23,14,5,73,6,50,8,48,88,39,46,83,87,37,48,19,17,3,41,62,25,99,44,56,26,63,56,70,91,12,47,21,36,96,29,38,20,95,29,96,16,50,91,58,
346,23,29,85,32,65,81,29,67,36,40,87,9,37,92,45,79,95,47,47,30,75,90,49,86,0,69,76,70,55,99,45,23,35,98,27,2,10,35,36,96,31,1,10,97,87,39,31,66,3,88,57,27,23,15,93,30,87,20,40,26,22,14,24,99,9,12,66,78,57,11,81,10,22,99,59,5,60,83,63,67,91,83,75,11,37,25,82,50,3,80,0,90,39,6,80,52,0,38,84,90,3,82,90,71,55,45,65,41,27,51,15,37,20,27,97,30,53,83,91,55,79,58,0,2,40,64,22,41,96,35,1,72,67,74,24,4,44,32,18,20,15,32,42,89,42,35,52,63,78,25,59,19,33,7,23,45,24,16,6,76,9,53,9,51,90,40,47,85,88,39,52,20,18,4,44,64,27,0,46,58,27,64,59,71,92,14,50,23,37,99,30,39,21,96,32,99,18,53,94,59,
347,24,31,88,33,66,83,32,70,37,43,89,12,38,94,48,80,98,50,51,34,76,91,51,89,1,71,78,72,58,0,47,25,37,0,30,5,13,37,40,98,33,3,11,99,90,40,32,67,6,90,58,30,27,17,96,31,89,22,41,28,23,17,26,0,11,14,69,80,59,13,82,13,24,0,63,7,61,86,64,69,92,85,78,13,40,27,84,52,8,83,2,91,43,7,81,55,2,39,85,92,6,83,91,73,56,48,68,43,29,52,17,39,22,28,99,31,55,85,94,56,81,60,5,4,44,65,23,44,97,38,3,73,69,75,26,5,45,35,20,23,18,34,46,91,43,37,54,66,82,27,61,22,34,11,26,48,27,18,7,79,11,56,11,52,92,41,49,88,90,40,54,23,20,5,45,68,31,1,48,61,29,67,62,74,94,15,53,25,38,0,31,41,23,97,34,0,20,54,95,62,
348,25,33,91,36,69,87,35,72,38,44,93,14,40,95,49,82,0,52,54,36,80,94,55,91,3,73,80,74,61,1,50,27,39,2,33,6,16,38,44,99,35,4,13,0,93,41,33,70,9,93,60,31,31,20,97,34,90,24,44,30,26,19,29,2,13,15,71,81,62,15,83,15,25,2,65,8,65,88,65,72,95,87,81,17,43,28,87,56,9,86,3,92,44,9,83,58,5,42,89,93,7,86,96,76,59,50,70,46,30,55,19,41,24,31,0,36,59,87,96,57,83,62,7,6,45,67,24,47,0,42,6,75,72,77,28,8,49,39,22,25,19,37,48,92,45,38,58,67,83,30,63,25,36,13,28,51,30,21,8,81,13,60,14,55,94,43,53,91,92,42,55,24,23,7,47,70,34,2,53,64,30,69,65,77,97,16,55,26,40,2,32,44,24,99,37,1,21,57,98,65,
349,28,35,94,37,71,89,36,75,41,45,94,16,42,97,51,84,2,53,56,37,82,95,56,92,5,75,82,75,63,3,52,28,41,6,35,8,17,41,45,0,36,6,16,3,94,43,34,71,11,94,61,32,33,21,99,36,92,25,46,32,27,21,31,3,15,16,72,83,63,16,85,18,27,3,67,10,68,90,67,74,97,88,82,18,44,30,89,57,10,87,6,96,46,11,85,59,6,43,91,94,9,88,97,78,61,51,71,48,31,57,20,43,25,33,3,37,61,88,97,59,87,63,8,8,47,71,26,49,1,44,7,76,75,78,29,10,50,41,26,26,20,40,50,96,48,40,59,69,84,31,64,27,38,16,29,52,32,24,9,84,14,62,17,56,96,46,55,93,93,44,56,26,24,11,50,71,37,3,55,68,31,70,66,80,0,17,56,29,41,6,35,46,26,0,39,5,23,58,0,67,
350,29,37,95,39,72,90,37,76,42,46,95,18,43,98,53,86,6,54,58,38,84,96,58,93,6,77,84,77,65,4,54,30,43,9,36,9,18,43,46,3,37,7,17,5,95,45,36,72,12,96,62,33,34,23,0,37,95,28,47,34,29,22,33,4,19,17,73,84,64,18,88,19,28,5,70,11,69,91,69,76,98,90,84,20,46,31,90,58,11,89,8,98,47,13,88,61,7,45,92,96,11,90,98,79,64,54,72,50,33,59,22,45,26,34,5,38,63,89,98,62,88,66,9,9,48,74,28,51,3,46,9,78,77,80,30,11,51,43,28,28,21,43,52,97,50,41,61,71,85,32,65,31,41,17,30,53,35,25,12,87,17,64,18,59,97,48,56,95,94,45,57,28,25,14,52,73,38,4,56,69,32,71,68,82,3,19,57,31,44,7,38,50,30,2,41,7,25,61,3,69,
351,30,39,96,40,74,91,39,78,43,47,97,19,45,99,54,87,7,55,59,39,85,97,59,94,7,79,85,78,66,6,55,31,45,10,38,10,19,45,47,4,38,8,18,6,96,47,38,73,14,97,63,34,35,24,1,39,96,29,48,35,30,24,34,6,21,18,75,86,65,19,90,20,30,6,71,12,70,92,70,77,99,91,85,22,47,32,91,59,12,90,9,99,48,14,89,62,8,47,93,97,12,92,0,80,66,56,73,51,34,60,24,46,27,35,7,39,64,90,0,63,89,67,11,11,49,75,29,52,4,47,10,79,78,81,31,12,52,44,29,29,22,44,53,98,52,42,62,72,86,33,67,32,42,19,31,54,36,26,13,88,18,66,20,61,98,49,58,96,95,47,58,29,26,15,53,74,39,5,57,70,33,72,69,83,5,21,58,33,45,8,39,51,31,3,43,8,26,62,4,70,
352,31,40,98,41,75,93,40,80,45,49,99,20,47,0,56,88,8,56,60,40,88,98,61,95,8,81,86,80,68,7,57,32,47,11,39,11,20,47,49,6,39,10,19,8,97,50,39,75,15,99,64,35,36,25,4,41,97,30,49,36,31,26,36,7,22,19,76,87,67,20,92,22,32,8,73,13,71,94,71,79,0,92,87,23,49,33,92,60,14,91,10,0,49,16,90,63,9,48,94,99,13,94,1,81,67,58,74,53,36,63,25,47,28,36,8,41,65,91,1,64,91,68,13,13,50,76,31,54,5,48,11,80,79,82,32,13,53,45,31,30,23,45,55,99,53,43,63,73,88,34,68,33,43,20,32,55,37,28,14,89,20,67,21,63,99,50,60,98,97,48,60,31,28,18,54,75,40,6,59,71,35,73,71,84,7,23,59,34,46,9,40,53,32,4,44,10,28,63,5,72,
353,32,42,99,44,76,95,42,82,46,50,0,21,48,1,57,90,10,57,62,41,89,99,63,96,9,83,87,82,70,9,58,34,49,13,41,12,21,50,51,8,41,12,20,11,98,52,41,76,17,0,67,36,37,26,5,43,99,32,52,37,33,28,37,9,24,21,78,88,68,21,93,24,33,11,74,14,75,96,72,80,1,95,89,25,50,35,93,62,15,92,12,1,51,18,91,64,10,49,95,0,15,96,2,83,70,60,75,56,37,65,28,49,29,37,10,42,67,92,3,66,92,70,14,14,51,78,33,56,7,50,13,81,80,83,35,17,55,46,33,31,24,46,56,0,55,44,65,74,90,35,70,34,44,22,33,57,38,29,15,93,22,68,23,65,0,51,62,0,98,50,63,33,29,21,57,78,42,9,61,72,36,75,72,85,9,24,60,35,48,11,41,55,33,6,48,11,29,64,6,73,
354,35,44,0,46,79,97,43,84,49,55,2,23,50,4,59,92,12,60,65,42,91,0,64,97,11,84,89,84,71,11,60,36,50,15,43,15,23,53,52,10,43,14,22,13,0,55,42,80,18,1,70,37,38,28,8,45,0,34,55,39,35,31,38,10,25,22,81,90,71,22,95,25,36,12,75,15,78,99,73,82,3,96,91,28,51,36,94,66,17,95,13,2,53,19,97,65,13,52,97,1,16,98,5,86,71,62,78,59,40,66,30,53,31,39,11,44,69,94,4,67,94,72,18,16,53,81,37,57,9,53,16,85,83,88,38,18,56,49,34,33,27,50,58,2,59,45,67,76,93,37,71,36,47,24,36,59,41,32,16,96,27,70,25,68,1,52,65,3,0,53,64,35,33,22,58,81,43,11,63,74,39,79,74,87,10,25,62,37,51,12,43,56,36,10,50,13,31,65,9,75,
355,37,46,1,49,80,99,45,85,51,56,6,25,52,7,61,94,13,62,66,44,93,1,67,99,12,86,92,86,73,13,62,38,52,16,45,17,26,55,56,11,45,15,23,14,1,56,44,82,19,2,72,39,39,31,10,46,1,36,56,40,38,33,39,12,27,25,82,92,72,24,96,27,37,13,76,17,79,0,77,85,5,98,93,30,55,38,96,68,20,97,14,3,55,21,98,67,15,54,99,5,18,0,6,88,76,66,81,62,43,69,34,56,32,41,13,47,71,96,7,68,96,74,21,17,55,83,38,60,11,55,20,86,84,89,39,20,58,51,35,35,29,52,60,4,62,47,68,77,96,39,73,38,50,25,37,61,44,34,18,98,30,72,27,70,2,54,68,5,4,55,66,37,34,23,60,83,44,12,65,75,41,80,75,90,12,27,64,39,53,14,45,60,39,12,52,16,32,68,11,78,
356,39,47,2,51,81,0,47,87,52,58,7,26,54,8,63,95,14,64,67,46,95,2,69,0,14,87,93,88,74,14,63,39,53,17,47,20,27,57,57,12,46,16,24,15,2,57,46,83,20,3,74,40,41,32,11,48,2,38,57,42,40,34,40,14,28,28,83,94,74,25,97,28,38,15,79,18,81,1,78,87,6,99,94,32,56,39,97,70,21,99,16,4,56,22,99,68,16,55,0,6,19,2,8,89,77,67,82,64,44,71,36,57,34,42,14,48,73,97,8,70,97,75,22,18,56,85,40,61,13,56,21,87,86,91,41,21,60,52,36,37,30,54,61,5,63,48,69,79,97,41,76,41,51,26,38,63,45,35,19,99,31,74,28,72,3,56,70,7,6,56,68,38,36,24,62,85,45,13,67,76,42,83,77,91,13,29,65,40,54,16,47,61,40,14,53,18,33,70,12,79,
357,41,50,3,53,82,1,49,89,55,60,8,28,55,10,64,96,17,66,70,48,96,3,71,1,16,88,95,90,76,16,64,42,55,19,50,21,28,59,59,14,47,18,26,16,3,58,49,84,22,5,75,42,42,33,12,50,3,39,59,43,42,37,43,17,30,30,84,95,76,28,98,30,39,18,80,19,83,3,79,89,7,0,95,33,57,42,98,73,22,0,17,6,58,26,0,69,18,56,1,8,22,5,9,90,78,68,84,65,47,72,38,58,35,43,16,49,74,99,10,72,99,76,23,20,58,87,42,63,15,58,23,88,87,94,42,22,62,54,37,40,32,55,63,6,64,49,72,81,99,44,79,42,53,27,39,65,46,36,20,0,33,76,29,73,4,58,71,9,9,57,70,40,37,26,64,86,47,15,68,77,44,84,80,92,15,32,67,41,56,17,48,62,42,17,54,19,36,71,13,81,
358,43,52,5,56,83,2,51,91,56,63,9,29,56,11,66,98,18,68,72,49,97,5,73,3,18,89,98,92,78,18,67,44,56,21,52,23,30,60,61,16,49,20,27,19,5,59,51,85,23,6,79,43,44,36,14,52,5,41,61,44,43,39,45,18,32,32,85,96,79,30,99,31,41,19,81,21,84,5,80,90,8,1,96,34,59,44,0,74,23,1,19,8,60,27,2,70,20,58,3,9,23,7,11,93,80,71,85,66,49,74,39,60,39,45,18,50,76,0,15,73,0,78,25,21,61,88,43,65,17,60,25,90,90,97,43,24,63,56,39,41,34,56,65,9,65,52,75,82,0,45,80,43,55,29,40,67,48,38,22,1,34,77,31,76,5,60,74,10,11,58,72,42,38,28,66,88,50,16,70,78,46,85,82,93,18,33,68,43,58,19,50,64,44,19,55,20,37,74,15,83,
359,45,53,7,57,85,4,53,92,57,64,12,30,58,12,67,99,21,70,73,51,99,7,75,6,22,91,99,93,79,19,70,45,59,22,53,24,33,61,64,20,50,21,29,20,8,61,53,86,25,10,81,46,45,38,15,55,6,42,63,46,44,40,46,22,33,35,89,97,82,32,0,32,42,22,84,22,85,8,81,92,10,2,99,38,62,47,2,76,24,2,20,10,61,29,3,73,22,59,5,10,24,8,13,96,82,72,89,68,50,75,42,62,41,47,19,52,78,1,16,75,3,79,26,22,62,90,45,66,19,61,27,91,91,99,44,25,65,58,40,44,35,57,67,10,66,54,79,84,2,47,83,44,58,30,41,70,49,39,25,2,36,81,32,79,6,62,76,12,12,59,73,46,40,30,68,90,52,20,71,79,50,87,84,94,23,37,69,44,59,23,53,66,46,21,56,22,38,75,17,87,
360,46,54,8,59,86,5,54,93,58,65,13,31,59,13,68,0,23,71,74,52,0,8,76,7,23,92,0,94,80,20,71,46,60,23,54,25,34,62,66,21,51,22,30,21,9,62,54,87,26,11,82,47,46,39,17,56,7,43,64,47,46,41,47,23,34,36,90,98,83,33,1,33,43,23,85,23,86,10,82,93,11,3,0,39,63,48,3,77,25,3,22,11,62,31,5,74,23,60,6,11,25,9,15,98,83,73,90,69,52,76,43,63,43,48,20,53,79,2,18,76,5,80,27,23,64,91,46,68,20,62,28,93,92,0,45,26,66,59,41,46,36,58,68,12,67,55,80,85,3,48,85,45,59,31,43,71,50,40,27,3,37,82,33,80,7,63,77,14,14,60,75,47,41,31,69,91,53,21,72,81,51,88,85,96,25,38,70,45,60,24,55,67,47,22,57,23,39,77,18,88,
361,48,55,11,61,88,6,56,94,60,67,17,32,60,14,71,3,26,73,75,54,3,12,78,11,25,93,3,95,83,22,73,47,62,26,56,26,37,63,68,22,53,23,32,23,14,64,56,89,28,13,83,48,50,40,19,58,8,44,66,50,48,42,51,24,36,39,91,0,84,35,2,37,46,25,89,26,90,11,84,96,12,5,1,41,64,49,5,81,28,5,23,12,64,35,7,76,24,62,9,13,27,12,17,0,84,75,92,70,54,77,45,66,44,49,22,55,81,3,19,79,7,82,28,24,69,93,47,69,21,64,30,95,93,1,48,28,68,60,42,48,38,60,71,15,70,56,83,87,6,51,87,46,62,32,44,74,53,43,29,5,39,83,34,81,10,64,78,17,19,62,78,51,42,32,70,93,55,22,74,82,53,89,88,0,27,40,72,46,61,25,57,69,48,24,58,25,42,79,19,89,
362,49,58,14,62,89,7,57,95,62,68,19,33,61,15,73,4,27,75,76,57,5,14,79,13,26,94,4,96,84,23,74,48,63,29,57,27,40,65,69,24,54,24,34,24,16,66,57,92,29,15,85,50,51,41,20,59,10,46,68,51,49,43,52,25,38,40,93,2,86,38,3,38,47,26,91,27,92,12,86,98,13,6,2,43,66,51,6,82,30,7,24,13,65,37,8,78,25,63,10,15,30,13,19,1,85,76,94,72,56,81,47,67,45,50,23,58,83,4,20,81,8,84,29,27,70,94,49,70,23,66,32,97,94,2,49,29,69,62,44,49,39,62,72,16,72,58,85,88,7,53,90,47,64,33,46,76,54,44,30,8,41,84,37,84,13,66,79,19,20,64,80,52,43,33,71,96,57,24,75,84,54,90,90,1,29,41,74,48,63,26,58,70,50,26,59,27,44,82,21,90,
363,50,59,15,63,90,8,58,96,63,69,20,34,62,16,74,5,28,76,77,58,6,15,80,14,27,95,5,97,85,24,75,49,64,30,58,28,41,66,70,25,55,25,35,25,17,67,58,93,30,16,86,51,52,42,21,60,11,47,69,52,50,44,53,26,39,41,94,3,87,39,4,39,48,27,92,28,93,13,87,99,14,7,3,44,67,52,7,83,31,8,25,14,66,38,9,79,26,64,11,16,31,14,20,2,86,77,95,73,57,82,48,68,46,51,24,59,84,5,21,82,9,85,30,28,71,95,50,71,24,67,33,98,95,3,50,30,70,63,45,50,40,63,73,17,73,59,86,89,8,54,91,48,65,34,47,77,55,45,31,9,42,85,38,85,14,67,80,20,21,65,81,53,44,34,72,97,58,25,76,85,55,91,91,2,30,42,75,49,64,27,59,71,51,27,60,28,45,83,22,91,
364,51,60,16,64,91,9,59,97,64,70,21,35,63,17,75,6,29,77,78,59,7,16,81,15,28,96,6,98,86,25,76,50,65,31,59,29,42,67,71,26,56,26,36,26,18,68,59,94,31,17,87,52,53,43,22,61,12,48,70,53,51,45,54,27,40,42,95,4,88,40,5,40,49,28,93,29,94,14,88,0,15,8,4,45,68,53,8,84,32,9,26,15,67,39,10,80,27,65,12,17,32,15,21,3,87,78,96,74,58,83,49,69,47,52,25,60,85,6,22,83,10,86,31,29,72,96,51,72,25,68,34,99,96,4,51,31,71,64,46,51,41,64,74,18,74,60,87,90,9,55,92,49,66,35,48,78,56,46,32,10,43,86,39,86,15,68,81,21,22,66,82,54,45,35,73,98,59,26,77,86,56,92,92,3,31,43,76,50,65,28,60,72,52,28,61,29,46,84,23,92,
365,53,61,17,65,92,11,60,99,65,71,23,36,65,18,76,7,30,78,79,60,9,17,82,16,29,97,7,0,87,26,78,52,66,33,60,30,43,68,72,27,57,27,38,27,19,69,61,95,32,18,88,54,54,44,24,62,14,49,71,54,52,47,55,29,41,43,96,5,89,41,6,41,50,29,94,30,95,16,89,1,16,9,5,46,69,54,9,86,33,10,27,16,68,41,11,81,29,66,13,18,34,16,22,4,88,80,98,75,59,84,51,70,48,54,27,61,86,7,23,84,11,88,33,30,73,97,52,74,27,69,35,0,97,6,53,32,72,65,47,52,42,66,75,20,75,62,88,91,10,56,93,50,68,37,50,80,57,47,33,11,44,87,40,87,16,69,82,23,23,67,83,55,46,37,74,99,60,27,78,87,57,93,94,4,32,45,77,52,66,29,61,73,54,29,62,30,47,85,25,93,
366,54,63,18,66,93,12,62,0,66,73,25,37,66,19,77,8,31,80,80,61,12,18,83,18,31,99,9,1,89,27,80,54,69,34,61,32,44,69,73,29,59,29,39,28,20,71,63,96,33,19,89,55,55,45,25,63,15,50,73,56,53,48,56,32,42,44,97,6,90,43,8,42,52,31,95,31,96,17,91,3,17,10,6,48,71,55,10,87,35,12,28,17,70,42,12,82,30,67,14,19,36,17,23,5,89,81,99,76,60,86,52,72,50,55,30,62,87,9,25,86,12,90,34,31,74,98,54,75,28,71,37,1,98,7,56,33,73,66,48,54,43,68,77,21,77,64,89,92,11,57,94,53,70,39,52,82,58,49,35,13,45,89,43,89,17,70,83,26,24,68,86,56,48,38,75,0,61,28,79,88,58,94,96,5,33,46,78,53,69,31,62,74,55,30,64,33,49,86,26,94,
367,55,65,19,68,94,15,64,1,68,74,27,39,68,20,78,10,32,82,81,63,13,20,85,19,32,0,10,2,90,29,82,55,71,36,62,33,45,71,74,30,61,30,40,29,21,72,65,98,34,20,91,57,57,46,26,64,16,51,75,58,54,49,57,33,44,45,98,8,92,45,9,43,53,32,96,32,97,20,92,4,18,11,8,49,72,57,11,88,36,15,29,18,72,43,13,83,32,68,15,20,37,18,25,6,90,84,0,77,61,87,53,74,51,56,32,63,89,10,26,87,13,92,35,32,75,99,56,76,29,72,39,2,99,9,57,34,75,67,50,55,44,69,78,23,78,65,90,93,12,58,95,54,72,40,55,84,60,50,36,15,47,90,45,90,18,71,85,27,25,70,87,57,50,39,76,1,63,29,81,89,59,95,98,7,35,49,79,54,70,32,63,75,56,31,65,35,50,87,27,96,
368,58,66,21,70,95,17,65,2,69,76,30,40,70,21,80,11,33,83,82,64,15,22,86,20,33,1,11,5,91,30,83,56,73,38,63,34,46,72,75,32,62,31,41,30,22,73,66,0,35,21,92,59,58,47,27,65,17,52,76,59,56,51,58,34,46,47,99,9,94,46,10,46,54,34,97,33,98,21,94,6,19,13,10,50,74,58,12,90,37,16,30,19,75,44,15,84,34,70,16,22,38,19,27,7,91,85,2,78,63,89,54,75,52,57,33,64,91,12,28,88,15,94,36,34,76,0,57,77,30,74,40,3,0,12,58,35,76,69,52,56,46,71,79,25,79,66,91,94,14,59,96,56,74,41,57,85,62,52,38,17,48,91,46,92,19,73,86,28,26,72,89,58,52,40,77,2,65,30,82,90,61,97,99,9,37,50,81,55,72,33,65,76,57,32,66,36,51,88,28,97,
369,61,68,22,71,96,19,66,3,70,79,32,42,71,22,81,12,34,84,84,67,18,23,87,21,34,5,12,6,93,32,84,60,74,39,64,35,48,74,78,33,63,33,42,31,24,75,68,1,36,22,93,62,59,50,29,66,18,55,78,60,57,52,59,35,47,48,0,10,96,47,11,50,57,37,99,34,99,24,96,9,20,14,11,52,76,59,13,91,39,17,33,20,76,45,16,87,37,73,18,23,39,20,28,8,92,87,4,79,64,90,55,76,53,59,35,66,93,14,29,89,17,96,37,37,79,1,59,79,33,75,41,4,1,13,60,36,79,71,54,57,49,72,80,26,80,68,92,96,16,60,97,59,75,43,59,86,64,54,39,19,49,92,48,93,23,75,87,30,27,74,90,59,55,41,78,4,66,31,84,91,62,98,0,11,40,51,83,58,75,34,66,77,59,33,68,38,53,90,29,98,
370,62,69,23,72,97,20,67,4,72,80,33,43,72,24,83,13,36,86,86,70,20,24,89,22,35,7,13,8,95,34,86,61,76,40,66,36,49,75,79,34,65,34,44,32,25,76,70,3,39,24,95,63,60,51,30,68,19,56,80,61,58,54,61,36,48,49,2,12,98,48,12,51,58,38,0,36,0,25,97,10,21,16,14,53,77,60,14,93,40,19,34,21,77,47,17,88,38,74,20,25,40,21,30,10,93,89,5,81,65,91,56,77,55,61,36,67,94,15,30,91,18,98,39,38,80,2,61,81,34,77,42,5,2,16,61,37,80,72,56,58,51,73,81,27,81,70,94,98,17,61,98,60,76,44,61,88,66,55,40,20,51,94,49,96,25,77,89,31,28,76,91,61,57,42,79,6,67,32,86,93,63,99,2,13,42,53,84,60,77,35,67,78,60,34,70,39,54,93,30,99,
371,63,70,24,73,98,21,68,6,74,81,35,45,74,26,85,15,37,88,87,71,21,25,90,23,36,9,14,9,97,35,87,63,77,42,69,37,52,77,81,35,66,36,45,33,26,78,71,4,40,26,96,65,62,52,32,70,20,57,82,62,59,56,62,37,49,50,3,13,99,50,14,52,60,39,3,37,2,27,98,12,23,18,15,54,79,61,15,95,41,21,36,22,78,48,19,90,39,75,21,26,42,23,31,11,95,90,6,83,66,92,57,78,57,63,37,68,95,16,32,92,19,99,40,40,81,3,62,82,35,79,44,6,4,18,62,38,81,73,58,59,52,74,82,28,82,71,96,99,19,62,0,61,77,45,63,89,67,56,42,21,52,96,51,97,27,78,90,32,29,78,92,62,58,43,81,7,68,33,87,96,64,0,3,15,43,54,85,62,79,36,69,79,62,35,72,40,55,95,32,0,
372,64,71,26,74,99,23,70,8,76,82,36,47,76,27,87,17,38,89,89,72,22,26,91,24,37,11,16,12,98,36,89,65,79,44,70,39,54,78,83,37,68,38,47,34,27,81,73,6,41,28,97,67,63,54,33,72,21,61,83,63,60,58,65,39,50,51,5,15,0,51,15,54,62,40,4,39,4,30,0,15,26,19,17,55,80,62,17,96,44,22,37,23,79,49,21,92,40,76,23,27,43,25,32,12,97,94,7,85,68,94,59,79,59,64,38,70,98,17,33,94,22,0,41,41,82,4,63,84,36,80,45,7,5,19,65,39,82,74,59,62,53,75,83,30,83,72,98,0,20,64,1,62,78,48,66,91,70,58,44,22,54,98,53,98,28,79,91,33,31,80,93,63,59,44,82,9,69,35,89,98,65,1,5,17,44,56,86,64,81,38,70,81,63,36,74,41,57,97,33,3,
373,66,72,28,76,0,24,71,9,78,84,39,50,77,30,89,21,39,90,90,73,24,28,92,25,39,12,18,13,99,39,90,67,80,47,72,40,55,79,84,39,70,40,48,36,28,84,76,8,43,29,99,70,65,55,36,73,22,65,84,66,64,59,68,42,52,53,6,18,1,53,18,56,64,41,7,40,6,32,3,18,28,21,18,56,82,63,20,99,45,24,39,27,81,51,22,94,41,77,24,29,44,26,33,13,98,96,8,87,69,95,61,82,60,65,40,71,99,18,35,95,24,1,44,43,83,5,65,86,38,81,48,8,7,22,67,41,84,75,61,63,54,76,86,32,86,73,99,4,21,66,3,63,79,50,68,93,71,60,46,24,58,99,56,99,30,81,92,36,34,82,96,66,61,46,84,11,72,36,91,99,66,2,7,18,47,57,88,66,82,39,71,82,65,38,76,43,61,99,35,6,
374,67,73,29,77,1,26,72,10,79,85,40,51,79,31,90,22,40,92,91,74,25,29,93,26,40,13,20,14,0,40,91,68,81,48,73,41,56,81,85,40,71,41,49,37,29,85,77,9,44,30,0,72,67,56,37,74,23,66,86,67,65,60,69,43,54,54,7,19,3,54,19,57,66,43,8,41,7,33,5,19,29,22,20,57,83,64,22,0,46,25,40,28,82,52,24,95,42,78,25,30,45,27,34,14,99,97,9,88,71,96,62,83,61,66,41,72,0,19,36,96,25,2,45,44,84,6,66,87,39,83,49,9,9,24,68,42,85,76,62,64,55,77,87,33,87,75,0,6,22,67,4,64,80,51,69,94,73,61,47,25,59,0,57,0,32,82,94,37,35,83,97,68,62,47,85,12,74,37,92,0,68,3,9,19,48,58,89,67,83,41,72,84,66,39,77,45,62,0,36,7,
375,70,75,32,79,4,29,75,11,82,88,42,52,80,33,93,24,41,96,94,76,28,31,95,27,42,17,24,17,3,42,93,69,84,50,74,46,60,82,88,41,73,43,55,40,31,89,80,10,48,31,3,75,69,60,41,77,28,69,87,70,68,63,70,45,56,56,11,20,5,55,20,60,68,45,10,42,11,35,9,22,32,24,25,60,86,67,26,1,48,30,43,30,84,56,26,97,44,82,27,35,48,30,36,16,0,99,13,89,75,97,63,85,65,68,44,77,4,23,39,98,30,4,48,46,85,7,68,88,41,86,52,12,11,27,73,45,87,79,65,66,59,78,92,34,89,81,2,10,24,71,10,68,82,55,71,97,76,62,49,26,65,2,59,4,34,85,95,41,38,88,0,71,66,52,88,14,78,42,96,3,72,6,12,22,51,61,93,68,86,44,76,87,69,41,82,46,64,3,39,10,
376,71,77,33,81,5,30,76,13,83,89,43,53,81,34,94,26,42,99,96,77,30,32,97,28,43,19,25,20,5,43,95,70,85,53,75,47,62,83,89,43,74,44,57,42,32,90,82,11,49,34,5,76,70,61,43,78,29,70,88,72,69,64,72,46,57,57,14,21,7,57,21,61,69,46,12,43,12,37,11,23,33,25,26,61,87,69,27,2,49,31,45,31,87,58,27,98,45,84,28,36,50,31,39,17,1,0,15,90,77,98,65,87,66,71,45,78,5,24,40,99,31,5,50,47,87,8,71,89,42,87,53,13,14,29,74,46,88,81,66,67,61,80,94,36,90,83,3,12,26,72,11,69,85,56,73,99,77,64,50,28,67,3,60,6,36,87,96,42,40,89,1,73,67,54,90,15,79,44,97,4,75,8,13,23,52,63,95,69,87,45,78,89,71,43,83,48,65,4,40,11,
377,72,78,34,82,7,31,77,14,84,91,44,54,82,35,95,28,43,0,97,79,31,33,98,29,44,21,26,21,6,45,97,71,87,55,76,48,63,85,90,44,75,46,58,43,33,92,83,12,50,36,6,77,71,62,45,80,30,71,90,73,71,65,73,47,58,58,16,22,8,58,22,62,71,47,13,44,13,38,12,24,34,26,27,62,88,70,28,3,51,32,46,33,88,59,28,99,46,86,29,37,51,33,40,18,2,1,16,91,78,99,66,88,67,72,46,80,6,25,42,0,32,6,52,48,88,10,72,91,43,88,54,14,16,30,76,47,89,82,67,68,63,81,95,37,91,84,4,13,28,73,12,71,86,57,74,0,78,65,51,29,68,4,61,8,38,89,97,43,41,90,2,75,68,55,92,16,80,45,98,5,77,9,15,24,54,64,96,70,88,46,80,91,72,45,84,50,66,5,41,13,
378,75,80,35,84,8,32,81,15,85,92,45,56,84,37,96,30,45,1,98,80,32,35,0,32,45,22,27,22,9,46,0,73,89,58,78,49,64,87,93,46,77,48,60,45,34,94,84,13,52,38,8,80,74,66,46,82,31,73,93,74,73,67,74,48,59,60,17,24,10,60,23,63,73,48,15,46,15,39,14,26,36,27,30,63,89,72,29,5,52,33,47,35,89,61,29,0,47,88,30,38,52,35,41,19,3,2,18,92,79,0,67,90,68,73,48,82,7,27,44,1,34,7,54,51,89,11,74,93,44,89,55,15,17,31,78,49,90,84,68,70,65,83,97,38,93,86,7,14,29,76,13,73,87,58,75,1,79,67,53,30,69,5,62,9,39,90,0,45,42,93,4,76,69,56,94,18,81,46,0,6,78,10,17,25,55,66,98,71,89,47,81,93,74,46,86,51,67,6,44,15,
379,78,82,36,86,11,34,83,17,89,94,46,59,85,39,98,33,46,5,0,82,33,37,3,34,46,25,28,24,11,47,2,75,91,59,82,51,66,89,95,47,82,49,62,46,37,95,86,16,53,40,10,83,77,69,47,83,33,75,96,77,75,69,76,50,62,62,20,26,12,61,25,66,75,51,16,49,17,41,16,28,38,29,32,64,91,74,30,8,54,34,49,36,93,64,31,2,50,93,31,39,54,38,43,22,4,3,19,93,81,4,69,91,70,78,50,85,10,30,47,4,38,10,57,54,93,12,76,96,45,90,57,16,19,33,81,50,93,88,71,72,67,86,98,40,95,88,9,17,33,79,15,78,90,61,76,3,81,69,54,32,70,7,64,10,40,93,3,46,45,97,6,77,72,57,96,19,85,49,4,9,80,11,19,26,58,68,0,74,91,49,83,96,76,48,88,52,68,8,45,19,
380,79,83,37,88,12,35,85,18,90,95,47,61,87,40,99,34,47,6,1,83,35,39,4,35,48,28,29,26,13,49,3,76,93,60,83,52,69,90,97,48,83,50,63,47,39,97,87,17,54,41,11,84,78,70,48,85,34,76,97,78,77,70,77,51,64,63,21,27,14,63,27,68,77,53,17,51,18,42,18,30,39,30,33,66,93,75,32,9,55,36,50,37,94,65,33,4,52,95,33,41,55,40,44,23,6,5,20,94,83,5,70,93,72,80,51,86,11,31,48,5,39,11,58,55,95,14,77,97,47,91,58,18,20,35,82,52,95,90,72,74,69,87,99,41,96,90,10,19,34,80,16,79,91,63,77,4,83,71,55,34,72,8,65,11,42,94,5,47,46,98,7,78,74,58,98,20,87,50,5,12,82,12,20,27,59,70,2,76,92,51,84,98,77,50,89,53,69,9,47,21,
381,80,84,38,89,13,36,86,19,91,96,48,62,88,41,0,35,48,7,2,84,36,40,5,36,49,29,30,27,14,50,4,77,94,61,84,53,70,91,98,49,84,51,64,48,40,98,88,18,55,42,12,85,79,71,49,86,35,77,98,79,78,71,78,52,65,64,22,28,15,64,28,69,78,54,18,52,19,43,19,31,40,31,34,67,94,76,33,10,56,37,51,38,95,66,34,5,53,96,34,42,56,41,45,24,7,6,21,95,84,6,71,94,73,81,52,87,12,32,49,6,40,12,59,56,96,15,78,98,48,92,59,19,21,36,83,53,96,91,73,75,70,88,0,42,97,91,11,20,35,81,17,80,92,64,78,5,84,72,56,35,73,9,66,12,43,95,6,48,47,99,8,79,75,59,99,21,88,51,6,13,83,13,21,28,60,71,3,77,93,52,85,99,78,51,90,54,70,10,48,22,
382,81,85,40,91,14,37,87,21,92,97,50,63,89,42,1,36,49,9,4,86,37,41,6,37,51,31,31,28,17,51,5,78,95,63,86,54,72,94,99,50,86,52,65,50,42,99,90,20,57,43,14,86,81,72,51,87,36,79,99,81,79,72,79,54,66,66,24,29,17,65,29,70,79,55,19,53,20,45,20,33,42,32,35,68,95,78,34,11,57,39,52,41,96,67,36,7,55,97,35,43,57,43,46,25,9,7,22,96,85,9,72,96,74,82,54,88,13,34,51,7,42,13,60,57,98,16,79,0,49,93,60,20,23,37,84,54,97,92,74,77,71,89,2,44,0,93,12,22,36,83,19,81,93,65,79,7,85,74,57,36,75,10,67,13,44,96,7,50,48,0,10,80,76,60,0,22,89,53,8,14,85,14,22,29,61,72,4,79,95,54,87,0,79,52,92,55,71,11,50,23,
383,83,87,41,92,15,39,88,22,93,99,51,65,91,44,2,37,51,11,6,87,39,42,8,40,54,33,33,31,18,53,7,79,98,64,88,56,73,95,0,52,88,54,66,51,43,0,92,22,58,44,16,88,84,74,52,88,37,80,0,84,82,73,81,56,67,67,26,30,20,66,32,72,81,57,21,57,23,48,22,34,44,34,37,69,98,80,37,14,60,41,55,42,99,68,37,8,56,99,36,44,60,44,49,27,10,9,24,98,87,10,73,98,76,84,56,89,16,35,53,9,45,14,63,58,0,17,81,4,51,95,62,21,25,39,86,56,99,93,75,80,72,91,5,46,2,94,14,25,40,86,21,82,96,68,80,8,87,77,58,38,78,12,68,15,45,97,9,51,50,1,13,82,80,65,1,24,91,56,9,16,86,16,24,32,64,73,5,80,97,56,88,1,81,53,94,56,72,12,51,25,
384,86,88,42,95,16,40,90,23,95,0,53,66,94,45,4,39,52,12,7,89,41,43,11,41,55,35,36,32,19,57,10,82,0,66,91,58,74,97,2,54,90,56,67,54,45,1,94,25,59,45,18,90,85,75,54,92,39,83,1,86,83,75,83,57,69,68,27,32,22,68,34,73,82,58,23,58,24,51,23,35,47,36,40,70,99,83,38,16,61,42,58,43,0,69,39,10,58,0,38,46,61,45,51,29,12,12,25,99,89,12,75,99,78,86,57,92,17,36,57,10,46,17,67,59,1,20,83,6,52,96,63,25,27,41,88,58,0,96,76,82,75,92,7,47,3,96,15,26,43,88,23,83,97,70,82,10,88,80,60,41,80,14,70,16,46,0,11,53,53,2,14,85,81,67,2,26,94,57,11,17,87,18,27,35,67,74,7,83,98,57,91,3,84,54,95,57,76,14,52,27,
385,88,90,45,97,17,42,91,25,96,1,55,67,95,47,6,41,53,14,8,91,43,46,12,42,57,39,38,34,21,58,12,83,1,68,94,60,76,99,4,56,92,57,70,56,46,3,96,29,61,48,19,91,87,77,57,95,42,88,3,88,84,77,86,62,72,71,28,33,23,70,35,75,83,60,25,59,26,55,26,37,49,38,43,73,0,85,39,18,63,44,62,47,1,71,41,11,60,2,40,48,63,48,53,33,15,13,30,0,92,15,78,0,82,90,59,94,18,38,59,11,49,20,70,61,3,21,84,10,53,98,65,26,31,42,90,59,2,98,79,86,76,95,9,49,6,98,17,28,46,89,24,85,98,72,85,12,92,83,62,42,81,19,73,18,50,2,14,56,55,4,15,87,84,70,4,28,96,58,13,19,89,20,30,38,70,76,9,86,99,60,93,5,86,55,96,59,77,15,53,28,
386,91,91,46,99,18,44,93,26,98,3,58,68,98,49,8,42,54,16,9,92,45,48,14,44,59,40,39,36,23,59,13,84,2,71,97,62,78,0,6,57,94,58,71,58,47,5,98,31,62,51,22,92,88,78,59,97,43,89,5,90,86,78,89,63,74,72,29,34,24,72,37,76,84,61,27,61,28,56,28,38,51,39,46,75,2,88,40,20,64,45,64,49,4,73,42,13,61,3,42,50,64,50,55,36,16,14,31,1,94,17,80,3,83,92,60,96,19,40,60,13,51,22,71,64,4,22,86,13,54,0,66,28,34,44,92,61,4,99,80,88,77,96,10,51,7,0,20,29,48,90,26,86,0,74,87,13,93,86,63,45,82,20,74,20,53,4,17,58,56,5,17,88,86,71,6,32,98,60,16,21,90,21,31,39,73,78,11,88,0,62,95,8,87,57,97,61,79,17,54,29,
387,92,93,48,0,21,45,95,27,99,7,59,70,0,52,11,44,56,18,14,97,47,49,17,47,60,41,42,37,27,61,15,87,5,74,99,64,80,1,8,59,97,61,73,59,48,6,0,34,64,53,24,94,90,80,61,99,45,91,8,91,88,80,91,64,75,74,31,35,26,74,40,77,85,64,29,64,29,58,31,40,53,41,49,78,3,89,42,22,67,47,65,51,5,74,45,16,62,4,44,52,65,51,57,37,17,16,32,3,95,19,82,6,85,93,61,97,20,43,62,18,52,23,73,65,5,24,88,14,56,2,68,30,37,46,93,65,8,0,82,91,80,0,12,53,10,3,22,31,50,93,28,89,1,75,88,14,95,89,65,47,85,21,76,22,54,7,19,59,58,7,19,91,87,72,9,35,0,61,17,23,94,22,32,41,74,79,13,90,5,65,97,9,89,58,0,64,82,18,56,31,
388,96,95,49,1,24,48,97,28,0,9,61,72,4,54,14,45,59,20,15,99,50,53,21,49,63,43,45,40,31,62,17,88,6,76,0,65,84,5,10,60,98,63,75,62,50,7,1,38,66,57,29,97,92,83,62,0,47,94,10,93,91,82,92,66,77,78,32,36,28,77,42,78,88,67,31,68,32,60,33,42,55,45,51,82,5,91,45,25,68,50,68,53,7,76,47,18,63,7,46,54,68,52,58,43,21,17,34,5,97,23,84,8,86,95,63,99,24,45,64,21,56,25,74,69,9,25,92,15,58,4,69,33,39,50,96,67,11,4,83,93,83,2,14,56,12,5,25,35,53,95,31,91,4,77,89,17,97,90,69,50,86,24,78,26,55,11,20,61,62,9,21,93,91,74,12,38,1,63,19,27,97,24,33,45,76,81,15,94,6,67,99,11,92,60,1,66,85,22,59,33,
389,97,97,50,2,25,49,98,30,3,13,62,73,5,55,15,46,60,21,18,0,51,55,22,50,65,46,46,42,32,63,19,89,8,78,1,68,85,6,11,61,0,65,77,63,52,8,2,40,69,58,30,99,93,84,63,2,49,96,11,96,92,83,93,69,78,80,33,37,30,79,43,79,89,68,33,71,33,63,34,45,56,46,53,83,7,94,47,27,69,51,69,54,9,77,48,20,66,8,47,56,69,55,59,44,23,18,35,7,98,24,85,10,88,97,65,0,25,47,66,23,58,28,75,70,10,26,94,16,59,6,70,34,40,52,97,69,12,6,86,95,85,4,15,57,13,6,26,38,55,97,32,92,6,78,92,18,98,91,72,51,87,26,79,28,56,13,22,62,64,10,22,94,92,76,14,39,2,65,21,28,0,25,35,46,77,82,17,95,7,68,0,12,94,61,2,69,86,23,60,35,
390,0,0,51,3,26,50,0,32,4,16,64,75,8,57,17,51,63,23,20,2,55,57,25,51,67,49,51,44,34,64,22,91,11,79,2,69,86,8,13,63,4,67,79,66,54,11,3,41,70,59,33,0,96,85,64,4,52,98,13,97,95,86,95,71,79,82,37,40,31,82,44,80,91,69,34,73,35,65,38,48,57,48,55,84,9,95,48,28,70,54,71,55,13,78,49,23,68,10,51,57,71,59,61,45,27,20,38,10,0,27,87,11,90,0,67,2,27,49,68,26,59,32,76,72,11,28,95,17,61,9,72,36,42,54,0,71,15,8,88,96,87,8,16,59,16,8,28,39,56,0,34,94,7,80,96,20,0,92,74,53,89,29,81,29,58,14,24,63,68,13,24,95,94,78,16,40,3,66,24,32,2,26,36,48,79,84,19,97,10,70,2,13,95,63,4,70,87,25,61,36,
391,1,3,53,7,28,52,2,35,8,19,69,77,12,59,19,56,67,26,24,6,57,59,28,54,72,50,56,48,37,66,25,95,13,82,4,72,88,11,15,64,6,71,82,67,57,15,10,44,71,61,36,3,99,87,67,7,58,99,15,99,98,90,99,74,80,84,41,44,35,85,46,82,95,70,36,76,40,68,39,52,60,51,57,87,12,99,49,31,74,57,76,58,17,79,51,25,71,13,54,60,76,63,64,47,29,24,41,12,2,30,89,14,92,4,68,4,32,50,71,30,62,36,82,73,16,31,98,19,63,12,74,41,43,56,3,74,17,10,91,99,90,12,19,61,20,10,29,41,60,3,36,96,8,82,98,24,1,93,76,56,95,30,84,32,59,17,25,67,73,17,28,99,96,82,18,44,6,68,25,35,4,28,40,52,82,86,24,99,14,74,4,16,98,65,8,72,90,28,64,38,
392,2,4,54,8,29,53,3,36,9,20,70,78,13,60,20,57,68,27,25,7,58,60,29,55,73,51,57,49,38,67,26,96,14,83,5,73,89,12,16,65,7,72,83,68,58,16,11,45,72,62,37,4,0,88,68,8,59,0,16,0,99,91,0,75,81,85,42,45,36,86,47,83,96,71,37,77,41,69,40,53,61,52,58,88,13,0,50,32,75,58,77,59,18,80,52,26,72,14,55,61,77,64,65,48,30,25,42,13,3,31,90,15,93,5,69,5,33,51,72,31,63,37,83,74,17,32,99,20,64,13,75,42,44,57,4,75,18,11,92,0,91,13,20,62,21,11,30,42,61,4,37,97,9,83,99,25,2,94,77,57,96,31,85,33,60,18,26,68,74,18,29,0,97,83,19,45,7,69,26,36,5,29,41,53,83,87,25,0,15,75,5,17,99,66,9,73,91,29,65,39,
393,4,8,56,11,30,54,6,37,12,23,73,81,16,63,24,62,69,29,28,8,61,63,31,56,76,53,58,54,40,71,28,98,16,85,7,75,90,16,18,69,11,76,85,69,61,19,13,48,75,64,41,6,2,90,70,11,61,1,19,3,0,94,2,76,84,88,47,47,39,87,51,84,98,75,39,79,43,71,43,54,64,55,59,90,17,4,52,34,77,59,82,61,19,82,53,31,75,17,57,64,80,67,66,50,33,27,48,17,6,34,93,16,94,7,70,9,37,54,76,33,64,40,85,76,22,34,0,23,68,16,77,44,46,58,5,80,23,13,95,2,94,17,21,64,23,15,32,46,63,6,41,0,13,85,0,28,5,96,80,59,0,34,88,35,63,21,28,72,77,22,31,1,98,87,21,48,11,73,29,38,6,30,43,56,84,91,30,1,19,77,8,19,0,68,12,75,95,32,68,43,
394,6,10,58,13,31,56,10,39,15,25,77,85,17,65,27,64,71,31,31,9,63,65,33,57,78,55,62,57,42,74,30,0,18,87,8,76,91,17,20,71,12,79,86,72,62,22,15,50,78,66,42,7,4,93,73,12,63,3,21,6,1,95,4,78,88,91,48,48,42,88,53,86,0,77,42,82,44,73,45,56,66,56,62,94,18,6,54,35,79,62,83,62,21,84,54,34,77,19,59,66,82,68,67,53,34,29,49,19,8,35,95,18,95,8,73,13,38,55,79,36,66,42,88,77,24,35,2,25,71,17,80,45,48,61,7,82,25,14,96,4,96,18,24,65,25,16,34,51,66,7,43,2,15,88,1,29,8,97,82,63,2,36,90,37,65,23,29,73,80,23,34,2,99,88,24,51,13,75,30,42,7,31,46,60,87,93,32,3,21,78,11,22,1,70,14,76,97,35,69,46,
395,7,11,59,15,33,58,12,40,16,26,78,86,19,66,28,66,72,32,32,10,64,66,34,58,79,56,63,58,44,75,32,2,19,88,9,79,92,18,22,73,13,80,88,73,63,23,16,52,79,67,45,8,5,95,74,13,64,4,22,7,2,97,5,79,90,92,49,49,43,90,54,87,1,79,43,83,45,74,47,58,67,57,63,96,20,7,57,37,81,64,84,64,22,85,56,35,78,20,60,67,83,69,68,55,37,30,51,21,10,36,96,20,97,10,74,14,39,57,80,37,67,44,90,78,25,36,3,26,73,18,81,46,49,63,8,83,27,16,97,5,97,20,25,66,27,19,36,52,68,9,45,3,16,89,3,30,10,98,84,65,3,37,91,40,66,24,32,75,82,24,36,3,0,89,26,52,14,78,31,43,9,33,47,61,88,96,34,4,22,79,12,24,3,72,15,78,98,37,70,47,
396,8,12,60,16,34,59,13,41,17,28,79,87,21,68,29,68,73,33,33,11,65,67,35,59,80,57,64,59,45,76,33,4,20,89,11,80,93,19,23,74,15,81,90,74,64,24,17,54,80,68,47,9,6,96,75,14,65,5,23,8,3,99,7,80,92,94,50,51,44,91,55,88,2,80,44,84,47,75,48,59,68,58,64,97,22,8,58,38,82,66,85,65,23,86,58,37,80,21,61,68,84,70,69,57,38,32,52,22,11,37,97,21,98,11,75,15,40,58,81,38,69,45,91,79,26,37,4,27,74,19,82,47,51,65,9,84,29,17,98,6,98,21,26,67,28,20,37,53,69,10,47,4,17,90,4,31,11,99,86,66,4,39,93,41,68,25,33,77,83,25,37,4,1,90,28,53,15,79,32,44,10,35,48,63,89,97,35,6,23,80,13,25,4,73,17,79,99,38,71,48,
397,9,13,61,17,35,60,14,42,18,29,80,88,22,69,30,69,74,34,34,12,66,68,36,60,81,58,65,60,46,77,34,5,21,90,12,81,94,20,24,75,16,82,91,75,65,25,18,55,81,69,48,10,7,97,76,15,66,6,24,9,4,0,8,81,93,95,51,52,45,92,56,89,3,81,45,85,48,76,49,60,69,59,65,98,23,9,59,39,83,67,86,66,24,87,59,38,81,22,62,69,85,71,70,58,39,33,53,23,12,38,98,22,99,12,76,16,41,59,82,39,70,46,92,80,27,38,5,28,75,20,83,48,52,66,10,85,30,18,99,7,99,22,27,68,29,21,38,54,70,11,48,5,18,91,5,32,12,0,87,67,5,40,94,42,69,26,34,78,84,26,38,5,2,91,29,54,16,80,33,45,11,36,49,64,90,98,36,7,24,81,14,26,5,74,18,80,0,39,72,49,
398,11,15,62,18,36,62,15,43,21,31,82,89,23,70,33,71,76,36,36,14,67,70,37,62,82,60,67,61,48,78,35,7,22,93,13,82,96,21,27,77,18,83,92,76,66,26,19,58,84,70,50,13,9,99,78,17,68,8,25,10,5,1,11,82,95,97,54,53,46,93,57,90,4,82,47,86,49,77,50,62,72,61,67,99,25,11,60,40,84,70,87,68,26,89,60,39,82,23,63,70,86,74,71,59,40,35,56,26,14,39,99,24,0,13,77,17,44,60,84,42,72,47,94,81,28,40,6,30,76,22,84,49,55,67,13,86,31,19,0,8,0,23,29,69,31,23,40,56,71,13,50,7,19,92,7,34,14,1,89,68,8,42,95,43,70,27,36,80,85,27,40,7,3,92,30,55,17,81,35,46,13,38,51,66,91,99,37,8,26,82,16,29,7,76,19,81,1,40,73,50,
399,12,16,63,20,39,63,17,44,22,33,83,91,24,72,35,72,78,37,39,15,69,72,40,65,85,62,69,62,50,80,36,8,23,95,14,83,97,25,28,78,19,85,93,79,68,27,21,59,85,71,52,14,11,0,79,18,69,9,26,12,6,3,14,84,96,99,55,55,49,94,58,91,6,83,49,89,51,80,51,63,74,62,68,0,27,12,61,42,86,71,88,69,29,90,61,40,84,24,64,71,87,75,72,61,42,37,57,28,16,41,0,26,1,16,79,19,45,61,86,44,74,49,96,82,29,41,7,33,78,24,85,50,58,68,14,88,34,20,1,9,3,24,30,70,32,24,43,57,73,15,52,10,21,94,8,35,15,2,91,69,10,43,96,44,72,29,37,81,87,30,42,8,4,93,33,57,18,82,37,48,15,40,52,69,92,0,38,9,27,83,19,31,9,77,21,82,2,42,74,53,
400,15,18,65,23,41,64,19,45,23,34,85,92,26,73,37,74,80,38,42,18,71,73,41,66,86,63,72,63,52,82,38,11,24,98,16,85,0,27,29,80,21,87,96,80,69,29,23,61,87,72,53,16,12,1,80,19,70,11,29,15,7,4,15,85,97,0,59,56,51,96,60,93,8,84,51,91,53,81,56,64,76,63,70,1,29,14,62,44,87,74,89,71,30,92,62,42,86,26,65,72,90,77,73,64,44,39,59,29,18,43,2,27,3,18,81,20,47,63,88,45,77,50,98,84,30,42,8,35,80,27,86,51,60,71,16,89,37,22,3,11,4,25,33,71,33,25,46,58,75,16,54,11,23,95,9,37,16,3,93,72,12,45,97,45,73,31,38,83,89,32,44,10,7,94,34,59,19,85,38,50,18,42,53,70,94,1,41,11,29,84,20,33,10,78,22,84,6,43,76,55,
401,16,19,67,24,42,65,21,46,24,35,86,94,28,74,38,76,81,39,43,20,72,74,42,67,87,65,74,66,53,83,39,12,26,0,17,87,1,28,31,81,22,88,97,82,70,31,24,63,88,73,54,17,13,3,81,20,71,12,31,16,8,5,16,86,98,1,60,58,53,99,63,96,10,85,53,92,54,83,58,65,77,64,71,2,30,15,63,46,90,76,90,72,31,93,64,43,87,27,66,73,92,79,75,66,46,40,61,31,19,45,4,28,5,19,83,22,48,65,90,46,78,51,0,85,31,44,9,36,81,29,87,52,61,73,18,91,39,23,4,13,6,26,35,72,34,27,47,59,76,17,56,12,24,96,10,39,17,5,94,73,13,46,98,47,74,34,40,84,91,33,46,11,8,95,35,61,20,86,39,52,19,43,54,71,95,2,42,13,30,85,21,35,11,79,24,85,7,44,77,57,
402,17,20,69,26,43,67,24,47,25,36,87,96,29,75,40,77,83,41,44,22,74,75,43,69,88,67,76,68,55,85,40,13,27,1,19,89,2,29,32,82,23,89,98,83,72,32,25,65,91,75,55,19,16,4,82,22,72,14,32,17,9,7,18,87,99,2,61,59,55,0,64,97,11,86,55,93,55,84,59,66,78,65,74,3,31,16,64,48,92,77,91,73,32,94,65,46,89,28,67,75,93,81,77,68,48,42,63,33,20,46,5,30,7,21,85,24,50,66,93,47,79,52,2,86,33,45,10,37,83,31,88,53,62,75,19,93,41,26,5,14,7,27,37,73,35,28,49,60,78,18,57,14,26,99,12,40,18,6,95,74,15,47,99,49,75,35,42,86,93,35,47,12,9,96,36,62,22,87,41,54,21,44,55,72,96,3,43,15,31,86,22,36,12,80,25,86,9,45,78,59,
403,18,21,71,27,44,68,26,48,26,37,89,98,30,76,41,79,84,42,45,23,76,76,44,70,89,68,77,69,56,86,41,14,28,2,20,90,3,30,33,83,24,90,99,84,73,33,26,66,93,76,56,20,17,5,83,23,73,15,34,19,10,8,19,88,0,4,63,60,56,2,65,98,12,87,57,94,57,85,61,67,79,66,75,4,32,17,65,49,94,79,92,74,34,96,66,48,90,29,69,76,94,82,78,70,50,44,64,34,21,47,6,31,9,22,86,26,51,67,94,48,81,54,3,87,35,46,11,38,84,32,90,54,63,76,20,95,42,27,7,15,8,28,38,74,36,29,50,61,79,19,58,15,27,0,14,42,20,7,97,76,16,49,0,50,76,36,43,87,95,36,48,13,10,97,37,63,24,89,43,56,23,45,56,74,97,4,44,16,32,88,23,37,13,81,26,87,10,47,79,60,
404,19,22,72,30,45,69,28,49,28,39,90,0,31,78,43,81,85,44,46,25,77,78,47,72,90,70,78,71,57,88,43,17,29,5,21,94,4,33,34,84,25,92,0,86,74,35,27,68,94,78,57,21,19,7,84,25,75,16,36,20,12,9,20,91,4,6,66,61,57,3,66,0,15,89,59,95,60,87,63,69,80,68,76,6,34,19,66,51,95,82,93,76,35,97,67,49,91,32,70,77,95,83,80,72,51,45,65,38,23,48,9,33,10,23,87,27,54,69,97,51,83,55,5,88,36,48,12,39,86,33,92,55,64,78,21,98,45,28,9,16,9,29,39,75,37,30,51,62,80,20,60,16,28,1,15,45,21,9,0,79,18,51,1,51,78,38,44,88,96,38,49,15,11,98,39,64,25,90,45,57,25,47,58,76,0,5,45,19,34,89,26,39,14,82,27,88,13,48,81,63,
405,22,26,74,33,48,70,30,50,30,40,93,3,33,80,45,84,88,45,47,26,81,80,48,73,92,73,82,73,58,90,46,18,31,7,23,96,5,34,36,86,26,94,2,88,75,37,28,70,97,79,59,24,21,10,85,26,76,19,38,21,14,11,21,92,6,7,68,62,58,6,68,2,17,91,63,97,62,88,65,71,81,70,78,7,37,20,68,53,97,83,94,77,37,0,69,51,92,34,71,80,97,87,82,74,54,47,68,40,24,49,10,34,13,24,89,28,56,71,0,55,85,56,8,91,38,49,14,40,89,35,94,56,65,80,22,99,46,29,11,17,10,31,41,78,40,32,54,65,83,22,61,18,30,2,17,47,24,10,1,81,21,53,2,53,79,39,47,91,98,39,50,16,13,0,42,66,26,93,48,60,26,48,59,78,4,9,46,21,36,90,27,41,17,85,29,89,14,51,84,65,
406,23,28,75,34,49,71,31,53,32,41,95,4,35,81,46,85,89,48,49,27,83,81,51,75,93,75,83,76,60,91,47,19,34,9,25,97,6,36,38,88,28,95,3,91,77,39,30,71,98,80,60,25,22,12,87,28,77,20,40,22,15,13,23,94,7,8,69,63,60,7,70,4,20,93,65,99,64,90,66,74,83,71,81,8,39,22,69,54,98,85,95,79,38,2,70,53,94,35,73,81,98,89,83,75,55,49,69,42,27,51,11,35,14,25,90,29,58,72,2,57,87,58,9,94,39,51,16,41,90,36,96,57,67,82,23,0,48,31,13,18,11,32,43,79,43,34,55,66,85,23,62,20,32,3,20,48,25,12,2,82,22,54,4,54,80,42,50,93,99,40,52,18,16,2,43,68,28,94,50,61,29,49,61,79,5,11,49,22,38,91,29,43,18,86,30,91,16,54,85,66,
407,24,29,76,35,50,72,32,55,33,42,96,5,37,83,47,86,90,49,50,28,84,82,53,77,94,76,84,77,61,92,48,20,35,10,26,98,7,37,39,89,29,96,4,92,78,40,31,73,0,81,61,27,23,13,88,29,78,21,42,23,17,14,24,95,9,9,71,64,62,8,71,5,21,94,66,0,65,91,68,76,84,72,82,9,40,23,71,55,99,86,96,80,39,3,71,54,95,36,74,82,99,91,84,76,57,50,70,43,28,53,12,36,16,26,92,31,59,73,3,59,88,60,10,95,40,52,18,43,91,37,97,58,69,83,24,1,49,33,14,19,12,33,44,80,44,35,56,67,86,25,64,21,33,5,21,49,26,13,3,83,23,55,5,55,81,43,52,94,0,42,53,20,17,3,44,69,29,95,51,63,30,50,62,80,6,12,50,23,39,92,30,44,19,87,31,92,17,55,86,67,
408,25,30,78,36,51,73,33,56,34,43,99,7,39,86,49,88,91,51,51,30,86,83,54,79,95,77,85,79,62,94,49,22,36,12,28,0,8,38,41,90,31,97,5,93,80,41,32,74,2,82,62,28,26,15,89,31,79,22,43,25,19,15,26,97,10,11,73,65,63,10,72,6,22,96,68,1,66,92,71,77,86,74,84,12,42,25,73,58,0,88,97,82,40,4,72,56,97,37,75,85,0,93,85,80,60,51,72,46,29,55,13,39,17,28,93,32,60,74,5,61,90,62,14,96,43,53,19,44,92,39,98,60,72,84,25,2,50,34,15,20,13,36,46,81,45,38,58,69,87,26,65,23,36,6,22,50,28,14,5,84,24,57,6,56,82,45,53,97,1,44,56,22,18,4,46,71,30,97,53,64,31,52,64,81,7,14,54,24,41,93,32,45,20,89,34,93,19,58,87,69,
409,26,31,79,37,53,75,34,59,36,44,0,10,40,88,51,89,92,54,53,32,88,85,56,80,97,80,87,80,64,96,51,24,38,14,30,1,9,39,42,92,34,99,7,95,81,42,35,76,4,84,63,31,27,17,90,32,80,24,44,27,20,16,27,98,11,12,74,68,64,11,73,7,23,97,69,3,68,93,73,78,87,75,87,13,44,26,74,59,2,90,98,84,41,6,73,58,99,39,77,86,1,95,87,82,63,52,73,47,30,58,14,41,19,30,95,34,61,75,7,62,91,65,16,99,45,54,22,45,94,41,99,61,75,86,26,4,51,37,17,21,15,38,49,83,47,40,60,72,89,27,67,24,37,7,23,51,29,16,6,85,26,59,7,58,85,46,55,0,2,46,58,23,19,5,48,73,31,98,54,66,32,53,65,82,8,16,56,25,42,97,33,47,22,90,37,97,21,61,89,70,
410,29,33,80,38,55,76,35,60,37,46,1,11,41,90,53,90,93,56,54,33,90,86,57,81,98,81,88,82,65,98,52,25,39,15,32,3,11,41,43,94,35,0,9,96,82,43,36,77,5,85,65,32,28,19,91,33,81,25,46,28,21,17,28,99,12,13,75,69,66,12,74,8,25,98,70,4,70,95,74,79,88,76,89,15,45,27,75,60,3,91,99,85,42,7,76,59,0,40,78,87,2,97,89,84,64,53,75,49,32,59,16,43,21,31,96,35,62,77,8,63,93,67,19,0,46,55,25,46,96,43,0,64,77,89,29,5,52,38,18,22,17,40,50,84,49,41,61,73,90,29,68,26,39,9,25,52,31,18,7,86,28,60,9,59,86,47,57,2,4,47,59,24,21,6,49,74,32,0,55,67,34,55,67,83,9,17,57,26,45,98,34,48,23,92,38,98,22,62,91,71,
411,30,36,82,39,57,78,37,62,38,50,3,14,43,91,55,93,97,57,57,38,92,87,59,82,0,82,90,85,67,0,54,28,43,16,33,5,14,44,45,97,37,2,10,98,84,45,37,78,6,86,67,34,31,20,94,35,84,27,47,31,23,20,29,0,14,14,78,70,70,15,77,13,27,0,72,7,72,99,75,81,89,78,91,17,47,29,78,61,6,95,0,87,46,8,77,62,3,42,80,88,5,0,90,87,66,54,76,50,35,61,19,44,22,33,97,36,63,80,10,64,94,69,23,2,50,57,26,50,97,45,1,65,80,91,32,6,53,39,19,25,20,41,52,85,52,42,62,76,95,32,69,28,40,11,28,55,34,21,8,90,31,63,11,61,88,48,58,4,6,49,62,25,22,7,51,78,36,1,57,68,35,57,71,85,11,18,60,28,46,99,35,50,24,93,39,99,23,64,93,73,
412,31,38,85,42,60,81,38,66,39,53,5,16,44,93,56,94,99,60,60,40,95,89,62,84,2,83,92,86,70,1,56,29,45,19,38,8,18,46,50,99,39,3,12,99,87,46,38,80,8,89,70,35,32,23,96,37,86,29,50,34,25,22,32,2,16,17,81,73,72,16,78,15,29,3,76,8,76,0,76,84,91,79,93,21,49,31,80,65,9,99,2,88,49,10,79,65,5,44,83,89,7,1,93,89,68,57,79,54,36,64,22,46,24,35,98,39,67,82,11,65,97,72,26,4,51,58,27,53,99,49,4,67,82,92,34,7,56,43,22,29,22,46,54,87,53,44,64,78,96,35,72,33,41,13,30,57,37,24,9,93,33,67,12,63,90,49,61,8,7,50,64,28,25,8,53,81,38,2,60,71,36,61,74,88,13,19,63,29,47,0,37,51,26,96,43,0,24,68,96,75,
413,33,39,86,43,61,82,41,67,40,54,8,17,47,94,58,96,0,62,62,42,97,91,65,86,4,85,93,88,71,2,58,31,46,20,39,10,19,47,52,0,40,4,13,0,88,47,40,81,10,90,71,36,36,25,97,39,87,30,51,35,28,23,33,4,17,19,82,74,74,18,79,16,30,5,78,9,78,1,77,86,93,81,95,23,52,32,82,67,10,0,3,89,50,11,80,66,6,46,85,90,8,4,96,90,69,58,80,55,37,66,23,47,26,36,99,41,69,83,12,67,98,73,28,5,52,61,29,54,0,50,6,68,85,94,36,9,58,44,23,30,23,47,56,88,55,45,67,79,97,37,75,35,42,14,31,60,38,25,10,94,34,70,15,65,91,52,64,9,9,51,66,29,28,10,55,83,40,3,64,73,37,63,77,90,15,21,64,30,49,1,38,54,27,97,44,1,25,69,97,77,
414,35,41,88,44,63,83,42,70,42,56,9,19,49,96,60,98,2,63,63,43,98,93,66,87,5,88,96,89,75,4,60,32,48,24,41,12,20,49,53,1,42,5,16,5,89,49,41,82,12,91,73,37,38,27,99,40,89,32,53,38,30,25,36,5,19,20,83,75,75,20,81,19,32,6,80,10,80,4,79,88,94,83,96,24,54,34,83,68,11,1,5,93,52,13,82,67,7,49,88,91,10,5,97,92,72,60,81,58,39,69,24,49,28,39,0,42,72,84,14,69,0,75,29,6,54,65,31,56,1,52,7,70,87,96,37,10,59,46,28,31,24,49,59,91,58,48,69,81,98,38,76,38,44,18,32,61,40,27,11,97,35,72,17,66,92,54,65,11,10,53,68,32,29,13,58,85,44,4,67,77,39,64,80,93,18,22,65,34,51,4,41,57,30,0,46,4,28,72,0,79,
415,38,43,91,46,65,86,43,71,44,57,11,21,50,97,62,99,5,64,66,44,0,94,68,89,8,89,98,90,76,5,63,34,50,27,42,13,22,52,55,4,43,7,18,6,90,51,43,83,13,93,74,38,40,28,0,43,92,33,54,39,31,26,37,7,23,22,85,77,76,22,83,20,33,8,83,12,82,5,80,90,96,84,98,27,55,36,85,70,12,3,8,96,53,15,84,70,8,50,89,93,12,8,99,93,74,62,83,59,40,70,27,51,29,40,2,43,74,85,15,71,2,77,30,8,56,68,33,58,3,54,10,72,90,97,38,12,61,49,30,34,25,52,61,93,59,49,72,82,99,40,77,40,47,19,33,62,42,29,14,0,39,75,19,70,94,57,68,13,11,54,69,34,30,17,61,86,45,5,68,78,41,66,81,95,22,25,66,36,52,7,44,59,32,3,47,7,29,73,3,81,
416,40,46,94,48,67,87,46,74,45,59,14,22,52,98,64,0,6,65,68,45,2,96,70,90,9,91,99,92,78,7,64,36,53,29,44,14,23,54,57,5,44,8,19,8,91,53,46,84,15,94,76,39,41,29,1,46,94,35,56,40,32,28,39,9,26,24,87,79,78,24,85,22,37,10,84,14,84,6,82,92,97,85,99,29,56,37,87,71,13,4,9,97,54,16,86,71,10,52,91,95,13,11,0,95,77,65,84,60,42,72,30,54,31,41,4,44,75,86,18,73,3,79,33,10,58,70,34,59,4,56,11,73,92,99,39,13,62,50,31,35,26,53,63,96,62,50,73,83,0,41,79,41,49,21,34,64,43,31,16,1,40,77,22,73,95,59,70,14,14,56,70,35,31,19,62,88,47,6,69,79,42,67,82,97,25,27,67,38,53,8,45,60,34,4,49,8,31,74,4,82,
417,41,47,96,50,69,89,48,75,47,62,16,23,55,99,66,2,7,66,69,47,4,98,71,93,12,92,0,94,79,8,66,37,56,31,45,15,25,55,58,8,45,10,21,10,94,55,48,86,16,97,78,41,43,30,4,48,95,36,58,41,33,29,42,10,27,26,88,80,80,25,86,24,38,12,85,15,85,8,83,95,99,86,0,31,58,38,88,73,15,6,10,98,55,18,87,72,12,53,92,97,14,12,1,98,78,67,85,62,43,74,31,55,33,42,5,47,76,87,19,75,5,81,35,11,59,71,36,61,6,58,12,75,93,0,41,14,63,51,32,36,27,55,64,97,63,52,75,85,1,43,80,42,50,22,35,65,45,32,18,2,42,79,23,76,97,60,71,18,16,57,72,39,32,21,63,90,48,8,70,80,44,68,85,99,28,29,69,39,54,9,48,61,36,5,50,11,33,75,5,85,
418,42,48,98,51,70,90,50,76,49,63,18,24,56,0,69,4,10,68,70,48,6,0,73,96,13,93,2,95,81,10,68,38,57,32,47,16,27,56,59,9,47,11,22,11,98,57,49,88,18,99,79,42,46,31,5,50,96,37,60,44,35,30,44,11,29,28,89,83,81,26,87,27,40,13,89,18,88,9,84,96,0,88,1,33,59,39,90,76,18,7,11,99,57,21,88,74,13,55,94,98,16,14,2,99,79,69,87,63,45,75,32,57,34,43,7,48,78,88,20,77,7,82,36,12,63,72,37,62,7,59,14,76,94,1,43,16,65,52,33,38,29,56,66,99,65,53,78,86,4,45,82,43,52,23,36,67,47,35,19,4,44,80,24,77,99,61,72,20,20,59,74,42,33,22,64,91,49,9,72,81,46,69,87,0,30,31,70,40,55,10,49,63,37,7,51,13,34,77,6,86,
419,43,50,0,55,71,92,51,77,51,64,20,25,57,1,70,5,12,69,72,50,7,1,75,97,14,96,4,96,83,13,69,39,59,34,50,17,30,59,62,10,49,13,24,13,0,58,51,90,20,0,82,43,47,32,6,52,98,39,63,45,38,33,45,13,32,30,91,85,82,28,88,28,41,15,90,19,92,12,86,98,1,90,3,34,62,41,91,78,20,8,13,0,59,23,89,75,14,56,96,0,18,15,3,0,82,72,89,67,46,77,37,58,35,45,9,51,80,89,22,79,8,84,38,14,65,74,38,64,9,62,15,77,95,2,45,20,66,53,35,39,30,57,67,0,68,54,80,87,6,46,84,44,53,25,37,70,48,36,20,9,45,81,25,81,0,62,74,22,22,60,76,43,34,25,67,94,51,13,73,83,47,70,89,1,33,32,72,42,56,12,51,65,39,10,55,15,35,79,7,87,
420,44,53,3,58,73,95,54,80,54,68,23,28,60,4,72,9,14,73,75,52,8,2,78,98,16,97,7,99,84,14,72,43,61,38,51,20,32,63,64,13,52,15,25,16,3,62,52,96,21,2,86,46,48,34,9,54,0,42,66,47,41,36,46,14,34,32,95,88,85,30,90,30,43,17,92,20,95,15,87,0,3,93,4,39,63,43,92,82,22,13,14,1,61,25,93,78,17,60,98,3,21,18,6,2,85,75,93,70,50,80,39,63,36,47,11,54,82,91,24,80,9,86,40,16,67,78,42,67,12,65,21,80,97,5,47,22,69,57,37,42,33,60,70,4,72,56,83,89,10,49,87,45,57,26,40,72,51,39,21,13,51,84,29,85,3,65,77,25,24,64,78,46,37,26,69,99,53,14,76,85,50,74,90,5,35,33,74,45,59,14,53,68,44,13,58,19,38,82,11,89,
421,47,54,4,59,74,97,55,82,55,69,26,29,62,5,73,10,15,74,76,53,10,3,79,0,17,98,8,0,86,15,74,45,62,40,52,21,34,64,65,14,53,16,27,17,4,63,55,97,22,3,87,48,49,35,12,55,2,44,67,48,42,38,47,16,35,33,96,89,86,31,91,32,44,18,93,22,96,17,89,2,4,94,5,40,65,44,93,84,24,14,15,2,63,27,94,79,19,61,99,4,23,19,7,3,87,78,95,71,51,82,42,64,37,49,13,55,84,92,26,81,10,88,42,17,68,79,43,69,14,66,23,81,98,7,49,23,70,59,38,43,34,62,71,6,74,58,84,90,12,50,88,46,59,28,42,74,52,40,23,14,53,85,30,86,4,66,79,27,26,65,80,47,38,28,70,0,54,15,77,86,51,75,92,6,36,35,75,47,60,15,54,70,46,15,59,20,39,83,13,91,
422,48,57,5,61,75,99,57,83,57,71,29,31,64,6,74,12,17,76,77,54,12,5,82,1,19,0,10,1,87,16,77,48,66,42,53,22,35,65,66,16,54,18,29,18,5,64,57,99,24,4,88,50,50,36,13,56,3,45,70,50,44,40,48,19,36,35,97,91,89,34,93,33,46,20,94,23,97,20,91,4,5,96,6,41,67,46,94,86,25,16,16,3,65,29,96,80,21,62,0,5,26,21,8,4,88,80,98,72,53,83,44,67,38,50,16,56,86,93,29,83,12,90,43,19,70,80,46,70,16,68,27,82,99,8,51,24,73,60,39,44,35,64,74,7,76,60,86,91,13,51,90,48,60,29,45,78,53,41,24,17,55,87,32,88,5,67,81,30,27,66,83,48,40,30,71,1,56,16,78,87,53,76,94,7,37,37,77,48,62,17,55,71,47,17,60,22,42,84,14,92,
423,50,59,6,63,76,0,58,84,59,73,31,32,66,7,75,13,18,78,79,56,14,6,83,2,20,1,11,4,88,17,78,49,68,44,55,23,36,67,67,17,55,20,30,19,6,65,58,0,25,5,89,51,51,37,14,57,4,46,72,51,46,41,50,21,37,36,98,92,90,36,94,36,47,21,95,24,99,21,92,7,6,97,7,42,69,48,95,89,26,17,17,4,68,31,97,81,22,64,1,7,28,22,10,5,89,81,0,73,56,84,45,68,39,51,17,57,88,95,30,85,14,92,44,21,71,81,48,72,17,70,28,83,0,11,52,25,74,62,40,46,38,66,75,9,77,61,88,93,14,53,91,49,62,30,46,79,54,43,25,18,57,89,33,89,6,68,82,31,29,67,84,49,41,31,72,2,58,18,79,88,55,77,96,9,39,39,78,49,64,18,56,72,48,18,61,23,44,85,15,93,
424,54,61,8,65,77,2,60,86,60,76,34,34,67,9,77,14,20,79,82,58,17,8,84,3,22,4,13,6,90,20,79,53,69,46,57,24,38,69,70,20,56,22,31,20,8,66,60,2,26,7,90,55,52,39,16,59,5,48,74,52,47,44,52,22,40,38,99,93,93,37,95,40,50,25,97,25,0,23,95,9,7,99,9,43,70,50,96,90,28,19,20,6,70,33,0,83,25,66,3,9,29,24,11,6,90,83,1,74,57,86,46,69,40,52,19,59,90,97,32,86,15,94,45,24,74,83,49,74,20,72,29,84,1,14,54,26,77,65,42,48,40,67,76,10,78,63,89,95,18,55,93,53,64,31,48,80,57,45,27,21,58,90,35,91,9,71,83,33,31,70,86,51,44,32,74,3,60,19,80,89,56,79,98,11,43,41,81,52,67,19,58,73,51,20,62,25,45,87,16,95,
425,56,62,9,66,78,3,61,87,61,77,36,35,68,11,78,16,21,81,83,59,18,9,85,4,24,5,14,7,91,21,81,55,70,47,59,25,40,70,72,21,57,24,32,21,9,68,61,3,27,8,91,57,54,41,18,61,6,49,75,53,48,46,53,23,41,39,0,94,95,40,97,41,52,26,99,26,1,24,96,10,8,0,10,44,73,51,97,91,29,20,21,8,72,34,1,84,26,67,4,10,31,26,12,7,92,84,2,76,58,87,47,70,43,53,20,60,91,98,35,87,16,95,46,26,75,84,50,75,22,73,31,85,4,15,55,28,78,66,43,49,41,68,77,12,79,65,92,96,20,56,95,54,66,32,50,81,58,46,30,22,59,92,36,92,10,72,85,34,32,71,87,52,45,33,76,4,61,20,81,91,57,80,99,13,44,42,82,54,68,20,60,74,52,22,64,26,46,90,18,96,
426,57,63,10,68,79,4,62,88,63,78,37,36,69,13,80,17,22,84,85,61,19,10,86,6,25,7,16,9,93,24,84,56,72,48,61,27,42,71,74,23,58,26,33,22,11,69,63,4,29,9,94,58,55,42,19,63,7,50,76,54,49,49,56,24,42,40,1,96,96,41,98,42,53,27,0,28,2,25,97,11,9,2,12,45,74,53,98,92,30,21,23,9,73,36,3,85,27,68,5,12,32,27,15,10,93,87,3,78,59,88,48,71,45,55,22,61,92,99,37,88,18,97,48,27,77,85,51,77,23,75,32,86,5,17,56,29,79,68,45,50,43,69,78,13,80,66,94,98,21,57,96,55,67,33,52,83,61,47,31,23,61,94,37,95,12,73,88,35,33,73,88,55,46,34,78,7,63,21,83,92,58,81,0,15,46,43,83,56,70,22,61,76,53,23,65,27,47,92,19,98,
427,58,64,11,69,80,5,63,90,65,79,38,38,71,14,82,19,24,85,86,63,21,11,88,7,26,9,17,10,95,25,85,57,73,50,64,28,44,73,75,24,60,27,35,23,12,70,64,6,31,12,95,59,56,43,21,64,8,51,79,55,50,50,57,25,43,41,3,97,98,42,99,43,54,28,2,29,4,27,98,13,11,4,14,46,75,54,99,95,31,24,25,10,74,37,5,87,28,69,7,13,33,29,16,11,94,88,4,79,60,89,49,72,46,57,23,62,93,0,38,90,19,98,49,28,78,86,53,79,24,77,34,87,6,20,57,30,80,69,47,51,45,70,79,14,81,68,95,99,22,58,97,56,68,34,53,85,62,48,32,24,62,95,39,97,14,75,89,36,34,75,89,56,48,35,79,8,64,22,84,95,59,82,2,16,47,45,84,57,73,23,63,77,55,24,67,28,48,94,21,99,
428,59,65,12,70,81,6,64,91,66,80,40,39,72,15,83,20,26,86,87,64,22,12,89,8,28,11,18,11,96,26,86,58,75,51,65,29,45,74,77,25,61,28,36,24,13,71,65,7,32,14,96,60,57,45,22,65,9,52,80,56,51,51,58,27,44,42,5,98,0,43,0,44,55,29,4,30,5,29,99,14,12,5,16,47,76,55,0,96,32,25,26,11,75,38,6,88,29,70,8,14,34,30,17,13,95,89,6,81,61,90,50,74,47,59,24,64,95,1,39,91,21,99,50,29,79,87,54,80,25,78,35,88,7,21,58,31,81,70,48,52,46,71,80,15,82,69,96,0,23,59,99,57,70,35,54,87,63,49,34,25,63,96,40,98,15,77,90,37,35,76,90,58,50,36,80,9,66,24,85,96,61,83,3,17,49,47,85,58,74,25,65,78,56,25,68,29,49,95,22,0,
429,60,66,14,72,82,7,65,92,68,81,42,41,74,16,86,22,29,88,88,66,24,15,91,9,29,12,20,13,97,29,89,60,76,55,67,30,48,75,79,27,63,29,37,25,15,75,68,9,35,16,97,64,58,46,25,67,10,56,81,59,55,52,61,32,45,44,7,0,2,44,3,45,56,30,7,31,7,33,0,17,16,7,19,49,78,57,3,99,34,26,28,14,76,41,9,90,30,71,10,16,35,31,19,15,97,92,8,82,63,92,53,75,50,60,25,65,97,2,42,92,24,0,53,31,81,89,56,83,26,79,36,90,9,24,59,32,82,71,49,56,47,72,83,18,84,70,98,3,25,60,0,58,72,37,56,89,65,51,36,26,65,99,42,99,17,79,91,41,38,77,94,60,51,38,81,10,68,26,87,99,62,84,6,20,52,48,87,59,75,27,67,80,58,27,70,31,53,98,24,4,
430,62,68,16,74,83,9,66,93,71,83,44,43,75,19,88,25,30,89,89,68,26,17,92,11,31,14,22,15,98,30,90,62,78,56,68,31,49,76,81,30,65,31,39,27,16,78,70,11,36,17,99,66,60,48,27,69,11,59,82,61,57,54,63,33,47,46,8,2,3,47,5,48,59,31,8,33,9,35,3,19,17,8,20,50,80,59,5,0,36,28,30,16,78,43,10,93,31,72,11,18,37,32,20,16,99,94,9,85,66,94,55,78,51,61,27,67,99,3,43,95,26,1,54,32,82,90,57,85,28,80,40,91,10,25,62,34,84,72,51,58,48,74,85,20,86,71,0,6,26,63,3,59,73,40,59,93,66,53,38,29,70,0,46,0,18,80,92,42,41,81,96,62,53,40,83,13,70,28,88,0,63,85,7,21,55,50,88,61,77,29,68,82,59,28,71,32,55,0,25,6,
431,64,70,18,75,84,12,69,94,74,85,45,44,76,20,90,26,31,91,90,70,28,18,93,12,32,17,25,17,0,31,91,63,81,58,69,35,51,77,84,31,66,32,43,29,18,82,73,12,39,18,0,68,62,51,30,71,14,60,83,64,60,56,64,35,48,47,11,3,5,48,6,50,61,33,9,34,12,37,6,22,19,9,24,52,83,61,8,1,37,31,32,18,80,47,12,94,32,75,12,21,39,34,21,18,0,96,12,86,70,95,56,80,54,62,29,71,0,6,45,97,28,3,57,34,83,91,59,86,29,83,43,93,12,28,65,35,86,75,54,60,50,75,89,21,88,75,2,10,27,66,7,62,74,42,61,96,69,54,40,30,74,2,48,3,19,83,93,44,43,85,99,64,56,44,86,15,73,33,90,3,66,87,9,24,58,53,90,62,78,32,70,84,61,29,75,33,56,2,27,8,
432,66,71,20,77,87,13,70,95,75,87,47,45,77,22,92,28,32,95,94,71,30,20,95,13,34,19,27,20,3,33,93,64,82,60,70,37,54,78,85,32,68,34,47,31,19,83,75,13,41,20,2,70,63,53,33,73,17,63,84,65,61,58,65,36,50,49,14,4,6,49,7,52,62,34,11,35,14,38,9,23,21,11,26,54,84,64,10,2,39,34,34,19,82,49,13,96,34,78,14,24,42,36,24,19,1,97,15,87,71,96,57,81,56,65,31,73,2,8,47,98,32,4,58,35,84,92,61,87,31,84,44,95,14,29,68,38,87,77,55,61,54,76,92,22,89,79,3,11,30,68,10,64,77,45,62,98,70,55,41,31,77,3,49,5,22,84,94,47,46,87,0,67,58,46,87,16,75,35,93,4,69,89,11,25,59,55,94,63,81,33,73,86,63,31,77,34,58,4,29,10,
433,67,73,21,79,88,14,71,97,76,88,48,46,78,23,93,30,33,97,95,72,32,21,97,14,35,21,28,22,4,34,95,65,83,62,71,38,56,79,86,34,69,35,48,33,20,84,76,14,42,22,4,71,64,54,34,74,18,64,85,67,62,59,67,37,51,50,16,5,8,51,8,53,63,35,13,36,15,40,10,24,22,12,27,55,85,65,11,3,40,35,36,20,84,50,14,97,35,79,15,25,43,37,26,20,2,98,16,88,73,97,59,83,57,67,32,74,3,9,48,99,33,5,60,36,86,93,63,88,32,85,45,96,16,31,69,39,88,78,56,62,55,78,93,24,90,80,4,13,31,69,11,65,79,46,64,99,71,57,42,33,79,4,50,7,23,86,95,48,47,88,1,68,59,48,89,17,76,36,94,5,71,91,12,26,60,56,95,64,82,34,75,88,65,33,78,36,59,5,30,11,
434,68,74,22,80,89,15,72,98,77,89,49,47,79,24,94,31,34,98,96,73,33,22,98,15,36,22,29,23,5,35,96,66,84,63,72,39,57,80,87,35,70,36,49,34,21,85,77,15,43,23,5,72,65,55,35,75,19,65,86,68,63,60,68,38,52,51,17,6,9,52,9,54,64,36,14,37,16,41,11,25,23,13,28,56,86,66,12,4,41,36,37,21,85,51,15,98,36,80,16,26,44,38,27,21,3,99,17,89,74,98,60,84,58,68,33,75,4,10,49,0,34,6,61,37,87,94,64,89,33,86,46,97,17,32,70,40,89,79,57,63,56,79,94,25,91,81,5,14,32,70,12,66,80,47,65,0,72,58,43,34,80,5,51,8,24,87,96,49,48,89,2,69,60,49,90,18,77,37,95,6,72,92,13,27,61,57,96,65,83,35,76,89,66,34,79,37,60,6,31,12,
435,71,75,23,82,90,16,75,99,78,90,50,48,80,26,95,32,36,99,97,74,34,23,99,17,37,23,30,24,7,36,98,68,86,65,74,40,58,82,89,37,71,38,51,36,22,87,78,16,45,24,7,74,68,58,36,77,20,67,88,69,65,61,69,39,53,52,18,7,11,53,10,55,66,37,16,39,18,42,13,27,25,14,30,57,87,68,13,6,42,37,38,22,86,52,16,99,37,81,17,27,45,39,28,22,4,0,19,90,75,99,61,85,59,69,34,77,5,11,50,1,36,7,63,40,88,95,66,90,34,87,47,98,18,33,72,41,90,81,58,65,58,81,96,26,92,82,7,15,33,72,13,67,81,48,66,1,73,59,45,35,81,6,52,9,25,88,98,51,49,91,4,70,61,50,92,19,78,38,96,7,73,93,15,28,62,59,98,66,84,36,77,90,68,35,81,38,61,7,34,14,
436,72,76,24,83,92,17,76,0,79,92,51,49,81,27,96,34,37,0,98,76,35,24,0,18,38,25,31,25,8,38,0,69,88,67,75,41,59,84,90,38,72,40,52,37,23,89,79,17,46,26,8,75,69,59,38,79,21,68,90,70,67,62,70,40,54,53,20,8,12,54,11,56,68,38,17,40,19,43,14,28,26,15,31,58,88,69,14,7,44,38,39,24,87,53,17,0,38,83,18,28,46,41,29,23,5,1,20,91,76,0,62,86,60,70,35,79,6,12,52,3,37,8,65,41,89,97,67,92,35,88,48,99,20,34,74,42,91,82,59,66,60,82,97,27,93,83,8,16,35,73,14,69,82,49,67,2,74,60,46,36,82,7,53,11,27,90,99,52,50,92,5,72,62,51,94,20,79,39,97,8,75,94,17,29,64,60,99,67,85,37,79,92,69,37,82,40,62,8,35,16,
437,74,79,25,85,94,19,79,2,83,94,52,53,83,29,98,38,38,3,0,79,36,27,3,21,39,27,32,27,11,40,3,71,89,69,78,43,61,87,93,39,77,41,54,38,26,90,81,19,47,29,10,79,73,63,39,80,23,70,94,74,69,65,72,42,57,55,23,11,14,56,13,59,69,41,18,43,21,46,16,29,28,17,35,59,90,71,15,9,46,40,40,26,91,56,19,1,41,87,19,29,48,45,31,25,6,3,22,92,77,3,63,88,61,73,38,82,8,16,56,6,40,11,67,44,92,98,69,95,36,89,49,0,22,37,77,44,93,86,62,68,62,84,98,30,96,86,11,18,39,76,15,73,85,51,69,4,77,63,47,38,83,8,56,12,28,93,0,53,53,97,7,73,65,52,95,22,82,41,0,11,76,95,20,31,68,63,0,69,87,38,81,95,71,38,83,42,63,10,36,20,
438,76,81,26,87,96,21,82,3,85,96,53,56,85,30,99,39,39,6,2,80,39,29,5,23,41,31,33,29,14,42,4,72,93,70,80,45,64,88,95,40,81,42,55,39,28,93,84,21,48,30,12,81,74,64,40,82,24,71,95,75,71,66,73,44,60,57,24,12,16,59,15,61,72,44,19,45,22,47,18,32,29,18,36,62,92,72,17,11,48,43,42,27,93,58,21,4,44,91,21,31,49,47,33,27,8,5,23,93,80,6,65,90,65,77,40,83,10,18,57,7,42,13,69,45,95,0,70,97,38,90,51,2,23,39,79,46,96,88,64,71,64,86,99,31,97,88,12,21,40,78,17,77,88,55,70,5,79,66,49,40,85,10,58,13,30,94,2,55,54,99,9,74,68,53,98,23,85,43,2,14,79,96,21,32,69,65,3,72,89,41,82,98,72,41,86,44,64,11,38,23,
439,78,82,27,88,97,22,83,4,86,97,54,57,86,31,0,40,40,7,3,82,40,30,6,24,42,33,34,30,16,43,5,74,94,71,81,46,65,89,97,41,82,43,56,40,29,95,86,22,49,31,13,82,75,66,41,83,25,73,96,76,72,67,74,45,61,58,25,13,17,60,16,63,73,46,20,46,23,49,19,34,30,19,37,64,94,73,18,12,49,44,43,28,94,59,22,6,46,93,22,32,50,48,34,28,9,6,25,94,81,7,66,91,66,79,42,84,11,20,58,8,44,14,70,46,96,1,72,98,39,91,52,3,24,40,80,47,97,89,66,72,66,87,0,32,98,89,13,22,41,79,18,78,89,57,72,6,80,67,50,42,86,11,59,14,32,96,3,56,55,0,10,75,70,54,99,25,86,44,4,15,80,97,23,33,70,66,4,73,91,42,83,99,73,42,88,45,66,12,39,24,
440,79,84,29,90,98,23,84,6,87,99,56,58,87,32,1,41,41,10,6,84,41,31,7,25,44,35,35,31,19,45,6,75,96,73,84,47,67,92,98,43,84,44,57,42,31,96,88,24,51,32,15,83,77,67,43,84,26,75,97,78,74,68,76,48,62,60,27,14,19,61,18,64,74,48,21,48,25,51,20,36,33,20,39,65,95,75,20,14,50,47,44,31,95,60,24,8,48,94,23,33,51,50,35,29,11,8,26,96,82,10,67,93,67,81,44,85,13,22,60,9,46,15,72,47,98,2,73,0,40,92,53,4,26,41,81,48,99,90,67,74,67,88,3,34,0,91,14,25,43,81,21,79,90,58,73,8,81,69,51,44,89,12,60,15,33,97,4,58,56,1,12,77,71,56,0,26,87,46,6,16,82,99,24,35,71,67,5,75,94,44,85,0,74,43,91,46,67,13,41,25,
441,81,85,30,91,99,25,85,7,88,0,57,60,89,34,2,42,43,11,7,85,43,32,9,28,47,37,37,34,20,46,8,76,98,74,85,49,68,93,0,44,86,46,58,43,32,99,90,26,52,33,17,85,80,69,44,85,27,76,98,81,76,69,77,49,63,61,29,15,22,62,20,66,76,49,23,51,27,54,22,37,34,22,40,66,98,77,22,16,53,48,47,32,98,61,25,9,49,96,24,34,54,51,38,31,12,9,28,97,84,11,68,95,69,82,46,86,15,23,62,11,49,16,74,48,0,3,75,4,42,94,55,5,28,43,83,50,0,91,68,77,68,90,5,36,2,92,16,27,46,84,22,80,93,61,74,9,83,72,52,45,91,14,61,17,34,98,6,59,58,2,15,78,75,60,1,28,89,49,7,18,83,0,26,37,74,68,6,76,95,46,86,1,76,44,92,47,68,14,42,27,
442,84,86,32,93,0,27,87,10,90,1,59,62,91,35,5,46,44,12,9,88,45,33,11,29,48,40,40,36,21,48,11,78,0,75,87,52,70,95,3,45,87,49,59,46,34,0,92,28,54,37,18,86,82,70,45,88,29,81,99,83,77,72,80,51,67,64,31,16,24,64,22,67,77,50,26,52,28,58,24,39,37,23,43,67,99,79,23,17,54,50,50,34,99,62,28,10,51,99,28,36,55,53,41,34,14,13,30,98,86,14,69,97,73,84,48,90,17,24,66,12,52,18,76,50,2,5,77,7,43,95,56,7,31,45,87,51,1,94,69,80,69,92,7,37,4,93,17,28,48,86,23,81,94,62,77,11,87,74,54,47,92,17,63,19,35,0,8,60,61,3,16,80,77,63,2,31,91,50,11,20,85,2,29,39,77,70,7,79,96,48,89,3,79,45,94,48,71,15,43,29,
443,86,88,33,96,1,29,89,11,91,2,60,63,94,36,6,47,45,15,10,89,46,34,12,30,49,42,42,37,22,50,13,79,1,77,90,54,71,97,4,47,89,50,61,48,35,1,95,31,55,38,19,88,84,72,48,91,30,84,0,84,78,73,83,54,69,65,32,17,26,65,23,68,79,52,27,53,29,60,27,40,40,24,47,69,0,81,25,18,55,51,52,36,0,64,30,12,52,0,29,37,57,55,42,36,16,14,32,99,90,15,71,98,74,86,49,92,18,25,67,13,53,21,79,51,3,6,78,8,44,98,58,9,33,47,88,53,3,95,72,82,71,93,9,39,5,96,19,31,51,87,24,82,95,63,79,13,89,76,56,49,93,20,64,20,39,3,12,62,63,4,17,83,78,64,3,32,95,51,12,21,87,3,33,40,79,71,9,81,97,51,90,5,80,46,95,51,73,17,44,31,
444,88,89,35,97,2,31,91,12,92,3,63,64,95,38,8,48,46,16,11,90,48,37,15,31,51,44,44,39,24,52,14,81,2,80,92,56,73,0,5,49,91,51,63,50,36,4,97,35,56,39,22,90,85,73,50,94,33,86,1,86,79,74,85,56,70,66,33,19,27,68,24,70,80,54,28,54,31,62,29,42,41,27,50,71,1,84,26,22,57,52,55,38,3,65,31,13,54,2,30,39,58,57,43,39,18,15,35,0,92,17,75,99,76,89,50,93,19,27,69,14,55,23,82,52,4,8,80,12,45,99,59,11,37,48,89,54,4,97,73,85,73,95,10,40,7,99,20,32,53,88,26,84,97,67,82,14,91,80,58,51,95,22,67,21,42,4,14,66,64,6,18,85,80,66,6,34,97,53,14,22,88,5,34,44,82,73,11,84,98,53,93,7,82,48,96,52,74,18,45,32,
445,89,90,36,99,3,32,92,13,93,4,65,65,97,41,9,49,48,17,13,91,49,39,16,32,53,45,45,40,27,53,15,83,4,82,94,58,74,1,8,51,93,53,64,51,37,5,99,37,57,41,25,91,86,74,53,95,34,87,3,87,81,75,86,57,72,68,35,20,28,70,25,71,81,55,29,56,33,64,30,43,43,29,51,73,2,85,27,23,59,53,56,40,5,67,32,14,55,3,32,40,59,58,44,40,19,16,36,2,93,18,76,0,77,90,51,95,20,29,71,17,56,25,83,54,5,9,81,14,46,0,60,13,39,49,90,56,5,98,74,86,74,97,12,42,8,0,22,33,54,89,27,85,98,68,83,15,92,82,59,53,96,23,68,22,43,5,15,67,66,7,19,86,81,67,7,36,98,54,15,23,90,6,35,45,83,74,12,85,0,54,95,9,83,49,97,54,76,19,46,33,
446,91,91,38,0,5,33,93,14,95,8,66,66,99,43,11,51,49,20,16,95,52,40,18,35,54,46,47,41,30,55,17,85,6,85,97,59,75,2,9,52,96,54,66,52,38,6,0,39,59,44,26,93,88,76,54,96,35,88,5,89,83,76,89,58,73,69,36,21,30,71,29,72,82,58,32,58,34,65,32,44,45,30,54,76,4,87,29,25,61,54,58,42,6,68,35,18,56,4,33,43,60,60,47,42,20,18,37,3,94,21,78,4,79,92,52,96,21,31,72,21,58,26,85,56,6,11,83,15,48,3,62,15,42,52,92,60,9,0,76,89,77,0,13,44,10,2,25,35,57,92,30,87,0,69,84,16,94,85,61,55,98,24,70,25,45,8,18,68,67,9,21,89,83,68,9,40,0,55,17,26,92,7,36,46,85,75,15,88,3,56,96,11,85,50,0,57,78,21,47,35,
447,95,94,39,1,8,35,95,15,99,11,68,69,0,45,14,52,52,22,18,98,55,43,23,38,56,48,50,43,34,56,19,86,7,87,0,60,79,5,11,53,97,57,67,55,40,7,1,42,60,48,31,96,90,78,55,0,38,91,8,91,86,79,90,60,75,73,37,22,32,74,31,73,85,61,33,62,37,67,34,47,47,34,57,80,6,89,32,28,62,57,61,44,8,70,37,19,57,7,36,45,63,61,48,48,24,19,39,5,96,24,80,6,80,94,54,98,24,34,74,24,62,28,86,59,10,12,87,16,50,5,63,18,44,56,95,62,12,3,77,91,79,2,15,46,13,4,28,38,60,93,33,90,3,71,85,19,95,86,65,58,0,27,72,28,46,12,19,70,70,11,24,91,87,69,12,43,1,56,19,30,95,9,37,50,87,76,17,91,5,59,98,13,87,52,1,59,81,24,51,37,
448,97,95,41,2,10,37,98,17,0,14,70,70,2,46,17,53,53,24,22,99,56,46,24,39,58,50,52,47,36,57,21,88,10,90,1,62,81,7,12,54,99,60,69,57,42,8,2,45,63,49,32,98,91,80,56,2,40,93,9,94,87,80,91,62,76,75,38,23,35,76,32,74,87,62,37,67,38,70,36,49,48,35,60,81,8,92,34,30,63,59,62,45,9,71,38,21,59,8,38,48,64,64,49,50,25,20,40,7,97,26,81,9,82,96,56,0,26,36,77,27,65,30,87,61,11,13,89,17,51,6,64,19,46,57,97,64,14,5,79,93,81,4,17,48,14,5,29,42,62,96,34,91,6,72,87,20,97,87,68,60,1,29,73,31,47,15,21,71,73,12,26,92,88,72,16,45,3,58,21,32,99,10,39,52,89,78,19,93,6,60,0,14,90,53,2,61,83,26,52,40,
449,99,98,42,3,11,38,99,18,2,18,71,72,4,48,18,55,54,25,24,0,58,48,26,40,61,52,55,49,38,58,23,90,11,91,2,64,82,8,14,56,0,62,72,59,43,9,3,46,65,50,34,99,94,81,57,4,42,95,11,95,88,81,92,64,77,76,40,24,36,77,33,75,89,63,38,69,39,72,38,52,49,36,62,82,9,94,35,31,64,62,63,46,12,72,39,24,61,9,40,49,65,67,51,51,28,21,42,9,99,28,82,10,83,98,58,1,28,38,79,30,66,33,88,63,12,15,90,18,53,9,65,20,48,60,99,66,15,7,81,94,83,6,18,50,16,7,31,44,64,98,35,92,7,73,91,21,98,88,69,61,2,30,74,33,49,16,22,72,75,14,27,93,89,74,17,46,4,60,23,34,0,11,40,53,91,79,21,95,8,62,1,15,91,54,3,63,84,27,53,41,
450,0,0,43,4,12,39,0,20,3,19,73,73,6,49,20,59,57,27,25,2,61,49,28,41,62,55,58,50,39,59,25,91,14,92,3,65,83,10,15,57,3,63,73,61,45,12,4,47,66,51,36,0,95,82,58,5,44,97,12,96,91,84,94,66,78,78,43,27,37,80,34,76,90,64,39,70,41,74,41,54,50,38,63,83,11,95,36,32,65,63,65,47,15,73,40,26,63,11,43,50,67,69,52,52,31,23,44,11,0,30,84,11,85,0,59,3,29,39,80,31,67,36,89,64,13,16,91,19,54,11,67,22,49,61,0,68,18,9,83,95,85,9,19,51,18,8,32,45,65,0,37,94,8,75,93,23,0,89,71,63,4,33,76,34,50,17,24,73,78,16,29,94,91,75,19,47,5,61,25,37,2,12,41,55,92,81,22,96,10,63,3,16,92,56,5,64,85,29,54,42,
451,1,3,45,8,14,41,2,23,7,22,78,75,10,51,22,64,61,30,29,6,63,51,31,44,67,56,63,54,42,61,28,95,16,95,5,68,85,13,17,58,5,67,76,62,48,16,11,50,67,53,39,3,98,84,61,8,50,98,14,98,94,88,98,69,79,80,47,31,41,83,36,78,94,65,41,73,46,77,42,58,53,41,65,86,14,99,37,35,69,66,70,50,19,74,42,28,66,14,46,53,72,73,55,54,33,27,47,13,2,33,86,14,87,4,60,5,34,40,83,35,70,40,95,65,18,19,94,21,56,14,69,27,50,63,3,71,20,11,86,98,88,13,22,53,22,10,33,47,69,3,39,96,9,77,95,27,1,90,73,66,10,34,79,37,51,20,25,77,83,20,33,98,93,79,21,51,8,63,26,40,4,14,45,59,95,83,27,98,14,67,5,19,95,58,9,66,88,32,57,44,
452,2,4,46,9,15,42,3,24,8,23,79,76,11,52,23,65,62,31,30,7,64,52,32,45,68,57,64,55,43,62,29,96,17,96,6,69,86,14,18,59,6,68,77,63,49,17,12,51,68,54,40,4,99,85,62,9,51,99,15,99,95,89,99,70,80,81,48,32,42,84,37,79,95,66,42,74,47,78,43,59,54,42,66,87,15,0,38,36,70,67,71,51,20,75,43,29,67,15,47,54,73,74,56,55,34,28,48,14,3,34,87,15,88,5,61,6,35,41,84,36,71,41,96,66,19,20,95,22,57,15,70,28,51,64,4,72,21,12,87,99,89,14,23,54,23,11,34,48,70,4,40,97,10,78,96,28,2,91,74,67,11,35,80,38,52,21,26,78,84,21,34,99,94,80,22,52,9,64,27,41,5,15,46,60,96,84,28,99,15,68,6,20,96,59,10,67,89,33,58,45,
453,3,6,47,10,16,43,4,25,9,24,80,77,12,53,25,66,63,33,32,8,65,53,33,46,70,58,65,57,44,63,30,97,18,97,7,71,87,15,19,60,7,69,78,64,50,18,13,52,69,55,42,5,0,87,63,10,52,0,16,0,96,90,0,71,81,82,50,33,43,85,38,80,96,67,43,75,48,79,44,60,55,44,67,88,16,2,39,37,71,68,73,52,21,76,44,31,69,16,49,56,75,75,57,57,35,29,49,16,4,36,89,16,89,6,62,8,36,42,85,37,72,43,97,68,20,21,97,23,58,16,71,29,52,65,5,73,22,13,88,0,91,15,24,55,25,13,35,49,71,5,41,98,12,79,97,30,3,92,76,68,13,36,82,39,54,22,27,80,85,22,36,0,95,82,23,53,10,65,28,42,6,16,47,61,97,85,29,0,17,69,7,21,97,60,11,69,90,35,60,46,
454,5,9,49,13,17,44,7,26,12,27,83,80,15,56,28,71,64,34,34,9,68,56,35,47,72,60,66,61,46,67,32,99,20,99,9,72,88,19,21,64,11,73,80,65,53,21,15,55,72,57,45,7,1,88,65,13,54,1,19,3,99,93,1,72,84,85,54,35,46,86,42,81,98,71,45,77,50,81,47,61,58,46,68,90,20,5,41,39,73,69,77,54,22,78,45,35,71,19,50,58,77,78,58,58,38,31,55,19,7,38,91,17,90,8,63,11,40,45,89,39,73,45,99,69,25,23,99,26,62,19,73,31,54,66,6,78,27,15,91,2,93,19,25,57,26,16,37,53,73,7,45,0,15,81,99,32,6,94,78,70,16,39,84,41,56,25,29,83,88,26,37,1,96,85,25,56,14,69,31,44,7,17,49,64,98,89,34,1,20,71,10,23,99,62,14,70,94,37,62,50,
455,6,11,50,14,18,45,8,27,13,28,84,81,16,57,29,72,65,35,35,10,69,57,36,48,73,61,68,62,47,68,33,0,21,0,10,73,89,20,22,66,12,74,81,66,54,22,16,56,74,58,46,8,2,89,66,14,56,2,20,5,0,94,3,74,85,86,55,36,47,87,43,83,99,72,46,78,51,82,48,62,59,47,70,92,21,6,42,40,74,71,78,55,23,80,46,36,73,20,51,59,79,79,59,59,39,32,56,20,8,39,93,18,91,9,65,13,41,46,90,40,74,47,0,70,26,24,0,27,63,20,75,32,55,67,7,79,28,16,92,4,94,20,26,58,28,17,39,55,74,8,46,2,16,83,0,33,7,95,79,71,18,40,85,42,57,26,30,84,89,27,39,2,97,86,26,57,15,71,32,45,8,18,50,65,99,90,35,2,21,72,11,25,0,63,15,71,95,38,63,51,
456,7,12,52,17,19,48,14,29,15,30,87,86,18,59,32,75,68,37,37,12,72,59,38,50,75,64,72,65,49,72,36,2,22,1,12,76,90,21,25,67,13,76,82,68,56,25,18,60,78,61,48,10,6,92,69,16,57,5,22,7,1,96,5,75,90,89,56,37,50,88,45,84,0,74,49,80,52,83,50,65,61,48,73,95,23,7,45,42,78,73,79,56,25,81,47,41,75,22,52,61,80,81,61,63,42,35,58,23,10,40,94,20,93,11,68,16,43,47,94,42,75,49,5,71,29,25,1,29,68,22,77,33,56,71,8,81,32,20,93,5,96,21,29,59,30,19,42,58,77,9,49,4,18,87,3,34,11,96,81,74,20,42,87,45,59,28,33,87,93,29,40,3,98,87,28,59,17,73,34,49,10,19,53,69,0,93,38,5,23,73,13,27,1,65,17,72,98,41,64,54,
457,8,13,53,19,21,50,15,30,16,31,88,87,19,60,33,77,70,38,38,13,73,60,39,51,76,65,73,67,51,73,37,3,23,3,13,78,91,22,26,70,14,77,84,69,57,26,19,61,79,62,50,11,7,95,70,17,58,7,23,8,2,98,6,76,91,90,57,38,51,90,47,85,1,77,51,81,53,84,53,66,62,49,74,97,24,8,47,44,79,75,80,58,26,83,50,42,76,23,53,62,81,82,62,64,44,36,60,25,12,41,95,22,95,13,69,17,44,49,95,44,76,50,6,72,30,26,2,30,69,23,78,34,57,74,9,82,33,21,94,6,97,24,30,60,32,21,43,60,79,11,50,6,19,88,4,35,13,97,83,76,21,43,88,47,60,29,35,88,95,30,42,4,99,88,30,60,18,75,35,50,12,21,54,70,2,95,39,6,25,74,14,30,4,68,19,74,99,44,66,56,
458,9,14,54,20,22,51,16,31,17,32,89,88,20,61,34,78,71,39,39,14,74,61,40,52,77,66,74,68,52,74,38,4,24,4,14,79,92,23,27,71,15,78,85,70,58,27,20,62,80,63,51,12,8,96,71,18,59,8,24,9,3,99,7,77,92,91,58,39,52,91,48,86,2,78,52,82,54,85,54,67,63,50,75,98,25,9,48,45,80,76,81,59,27,84,51,43,77,24,54,63,82,83,63,65,45,37,61,26,13,42,96,23,96,14,70,18,45,50,96,45,77,51,7,73,31,27,3,31,70,24,79,35,58,75,10,83,34,22,95,7,98,25,31,61,33,22,44,61,80,12,51,7,20,89,5,36,14,98,84,77,22,44,89,48,61,30,36,89,96,31,43,5,0,89,31,61,19,76,36,51,13,22,55,71,3,96,40,7,26,75,15,31,5,69,20,75,0,45,67,57,
459,10,15,55,21,23,52,17,32,18,35,90,89,22,63,36,80,72,41,41,15,75,63,41,53,78,68,75,69,53,75,39,6,25,6,16,80,93,24,29,72,17,79,87,71,59,28,21,65,82,64,53,14,9,97,72,19,61,9,25,10,4,0,9,78,95,94,60,41,53,92,49,87,3,79,53,83,56,86,55,69,65,52,76,99,27,10,49,46,81,79,82,61,29,86,53,45,79,25,55,64,83,84,64,67,46,39,62,28,15,43,97,25,97,15,71,19,46,51,97,47,79,52,9,74,32,28,4,32,71,25,80,36,61,77,12,84,36,23,97,8,99,26,32,62,35,23,45,63,81,14,54,8,21,90,7,37,16,99,87,78,24,46,91,49,63,31,38,92,97,32,45,6,1,90,33,62,20,77,38,52,14,24,56,74,4,97,41,9,27,76,17,33,7,71,22,76,1,46,68,58,
460,12,17,56,22,24,53,18,33,20,36,92,90,23,64,37,82,73,42,42,16,76,64,42,55,79,69,77,70,55,76,40,8,26,8,17,81,94,25,31,73,19,80,88,72,60,29,22,66,83,65,55,16,10,99,74,20,62,10,26,11,5,1,11,79,96,95,61,42,54,93,50,88,4,80,55,84,57,87,56,70,67,53,77,0,28,11,50,47,82,81,83,62,30,87,54,46,80,26,56,65,84,86,65,68,47,41,64,30,16,44,98,26,98,16,72,20,48,52,98,48,80,53,10,75,33,30,5,34,72,27,81,37,62,78,14,85,37,24,99,9,0,27,34,63,36,24,47,64,82,15,55,10,22,91,8,38,17,0,88,79,26,48,92,50,64,32,39,93,98,33,46,7,2,91,34,63,21,78,39,53,15,25,57,75,5,98,42,10,29,77,18,35,8,72,23,77,2,47,69,59,
461,14,19,57,25,26,55,21,34,22,38,94,91,24,66,40,83,75,43,44,19,78,66,44,57,81,70,78,71,56,77,41,10,27,11,18,82,96,27,32,76,20,82,89,74,62,31,24,68,86,66,56,18,13,0,75,22,63,12,28,13,6,3,14,81,97,97,64,44,56,94,52,90,6,81,56,85,58,88,58,71,68,54,79,1,31,14,51,48,84,82,84,64,32,88,55,48,81,27,57,66,85,88,66,70,48,42,66,32,18,47,99,27,0,17,73,22,51,53,0,50,84,54,11,76,34,31,6,36,75,29,82,38,66,79,15,86,40,26,0,10,1,28,35,64,37,26,50,65,84,17,58,11,23,92,9,40,18,1,89,81,29,49,93,51,65,34,40,94,0,35,47,10,3,92,36,65,22,79,40,56,17,29,59,76,6,99,44,11,31,78,19,37,10,73,25,78,4,49,70,62,
462,16,20,58,26,29,56,22,36,23,39,97,93,25,68,42,84,77,44,47,20,82,67,47,59,83,73,80,72,59,79,43,12,28,12,19,84,97,32,35,77,22,83,91,77,63,33,26,69,87,67,58,19,14,2,77,23,64,14,29,15,7,5,16,83,98,0,65,45,58,96,54,91,9,83,60,89,60,92,61,73,72,55,82,2,35,15,53,51,86,83,85,65,34,90,56,49,83,28,58,68,87,92,67,73,51,45,67,34,21,50,0,30,1,20,75,23,52,55,1,52,88,57,15,79,35,32,8,39,76,31,83,39,68,81,16,88,42,27,2,11,4,30,37,65,38,28,52,66,86,18,59,15,26,94,10,42,20,3,91,82,30,50,94,52,67,36,42,97,1,38,51,12,6,94,38,67,23,81,44,57,21,30,61,79,7,0,46,12,33,79,22,39,11,74,26,80,7,51,72,65,
463,17,21,61,28,30,57,24,37,24,40,98,95,27,69,43,86,79,45,49,23,83,68,48,60,84,75,83,74,61,81,44,13,30,15,21,85,0,33,36,78,23,85,93,78,64,35,27,71,88,68,59,20,15,4,78,24,65,15,31,17,8,6,17,84,99,1,68,47,61,98,56,93,11,84,62,90,62,93,65,74,74,56,83,3,36,16,54,54,88,87,86,66,35,92,58,50,85,30,59,69,90,94,68,75,53,46,69,36,22,52,2,31,3,22,78,24,53,57,3,53,89,58,16,80,36,33,9,40,77,34,84,40,69,84,18,89,44,28,4,13,5,31,41,66,39,29,54,67,88,19,60,16,28,95,11,43,21,5,93,84,31,52,95,54,68,38,43,98,3,40,52,13,8,95,39,70,24,83,45,58,23,31,62,80,9,1,48,14,34,80,23,41,12,75,27,81,9,52,73,66,
464,18,22,62,29,31,58,25,38,25,41,99,96,29,70,44,88,80,46,50,24,84,69,49,61,85,76,85,76,62,82,45,14,31,16,22,87,1,34,38,79,24,86,94,80,65,36,28,73,89,69,60,21,16,5,79,25,66,16,33,18,9,7,18,85,0,2,69,48,62,0,58,95,12,85,63,91,63,95,66,75,75,57,84,4,37,17,55,55,90,88,87,67,36,93,59,51,86,31,60,70,91,95,70,77,55,47,71,37,23,53,4,32,5,23,79,26,54,58,4,54,90,59,18,81,37,35,10,41,78,35,85,41,70,85,20,91,46,29,5,15,7,32,42,67,40,31,55,68,89,20,62,17,29,96,12,45,22,6,94,85,32,53,96,55,69,40,45,99,5,41,54,14,9,96,40,71,25,84,46,60,24,32,63,81,10,2,49,16,35,81,24,43,13,76,29,82,10,53,74,68,
465,19,23,64,31,32,59,28,39,27,43,0,99,30,72,45,90,81,47,51,25,86,70,50,63,86,78,86,78,63,83,46,15,32,17,23,89,2,36,39,80,25,88,96,81,66,37,29,74,91,71,61,22,17,6,80,26,67,17,35,20,10,8,19,87,2,4,71,49,63,2,59,96,13,86,66,92,66,96,68,77,76,58,85,5,38,18,56,56,92,91,88,69,38,95,60,53,87,33,62,71,92,96,71,79,57,49,72,39,24,54,6,33,7,24,80,28,56,59,6,56,92,61,20,82,39,37,11,42,79,36,88,42,71,86,21,94,48,30,8,16,8,33,43,68,41,32,56,69,90,21,64,18,30,97,14,48,24,8,97,88,34,55,98,56,70,41,46,0,7,42,55,15,10,97,42,72,27,86,49,62,26,33,64,83,12,3,50,18,36,83,26,44,14,77,30,83,12,55,75,69,
466,22,25,65,32,34,60,29,40,28,45,1,0,31,74,47,91,82,49,52,26,88,71,51,64,87,79,87,80,64,85,47,16,33,18,25,91,4,38,40,82,26,89,98,82,67,38,30,75,92,72,63,23,18,8,81,27,68,18,37,21,11,9,20,88,3,5,72,50,65,3,60,97,15,87,67,93,68,98,69,78,77,59,87,7,39,19,57,57,93,92,89,70,39,96,63,54,89,34,63,72,93,98,73,81,58,50,74,41,26,55,8,35,9,25,81,29,57,61,7,57,94,63,23,84,40,38,14,43,81,38,89,45,73,89,24,95,49,31,9,17,10,35,44,69,43,33,57,70,91,23,65,20,32,99,16,49,26,10,98,89,36,56,0,57,71,42,48,2,9,43,56,16,12,98,43,73,28,88,50,63,28,35,66,84,13,4,51,19,39,84,27,45,15,79,31,84,13,56,77,70,
467,23,27,66,34,35,61,30,41,29,46,3,1,32,75,49,94,83,50,53,28,90,74,53,65,88,81,89,81,65,86,49,18,35,20,26,93,5,40,42,83,27,90,99,85,68,40,31,77,94,73,64,24,21,10,82,29,70,20,39,22,13,10,21,89,5,7,74,51,66,5,61,98,17,89,68,94,69,99,70,79,78,60,88,8,41,21,58,59,94,94,90,71,40,97,64,55,90,35,64,73,94,99,74,82,59,52,75,43,27,56,9,36,10,26,82,30,59,63,10,58,95,64,24,86,41,39,15,44,83,39,91,46,74,91,25,96,51,32,10,18,11,36,46,71,44,34,59,71,93,24,66,21,33,0,17,51,27,11,0,92,37,57,1,59,72,44,50,4,10,44,57,17,14,99,44,75,29,90,51,64,30,37,67,86,16,6,52,21,41,85,29,46,16,80,32,85,15,57,78,72,
468,24,29,68,36,37,62,31,42,30,47,5,2,34,77,51,95,85,52,54,29,92,75,55,66,89,82,91,82,66,88,51,20,36,22,28,96,6,41,43,84,28,92,0,86,69,42,32,78,95,74,66,26,22,12,83,30,71,21,41,23,14,11,22,91,7,8,76,52,67,6,62,0,20,90,70,96,71,0,72,80,79,62,90,10,43,22,60,60,96,95,91,72,42,98,65,56,91,37,65,74,96,0,76,84,60,53,76,45,29,57,11,38,11,27,83,31,61,64,12,61,97,65,25,87,42,40,17,45,85,40,92,47,75,92,26,98,52,33,12,19,12,37,47,72,45,35,60,72,95,25,67,22,34,1,19,53,28,12,2,93,39,60,2,60,74,45,52,5,11,46,58,19,15,0,46,76,30,92,52,66,31,38,69,87,17,7,53,23,42,86,30,48,18,82,33,86,16,58,81,74,
469,28,31,69,39,39,63,34,44,33,49,6,5,37,78,53,96,86,55,55,31,95,76,57,67,92,84,93,85,67,90,53,21,38,24,30,99,7,43,44,86,30,93,2,87,70,43,34,80,97,75,68,28,24,13,84,32,72,23,43,25,17,13,23,94,9,11,78,54,70,8,63,3,21,92,74,98,74,1,73,84,80,64,92,12,45,23,61,63,97,98,93,73,43,0,66,59,93,39,66,77,97,4,79,86,63,55,79,48,31,59,13,39,15,28,85,32,64,66,13,64,99,66,28,89,44,42,19,46,88,42,94,48,77,95,28,99,55,34,13,21,13,39,48,74,48,38,62,75,96,28,70,26,36,2,21,55,30,13,3,94,41,62,3,62,75,48,55,8,14,47,60,20,18,2,49,78,31,93,56,68,33,41,71,89,19,11,55,24,43,88,33,49,19,84,34,89,17,62,82,75,
470,29,33,70,40,40,64,35,46,34,50,7,6,38,79,54,97,87,57,57,32,96,77,59,69,93,85,94,87,68,91,54,22,40,25,32,0,8,44,45,87,31,94,3,89,72,44,36,81,98,76,69,29,25,15,85,34,73,24,44,26,18,14,25,95,10,12,79,55,71,9,64,4,23,93,75,99,76,2,74,85,81,65,94,13,46,25,62,64,98,99,94,75,44,1,67,60,94,40,68,78,98,5,80,87,64,56,80,50,32,60,14,40,16,29,86,33,65,67,15,66,0,68,29,91,45,44,20,47,89,43,95,49,79,96,29,0,56,36,14,22,14,40,49,75,50,39,63,76,97,29,71,27,38,3,23,56,31,14,4,95,42,63,5,63,76,50,56,10,15,48,61,22,19,3,50,80,33,94,57,69,34,42,72,90,20,12,57,25,45,89,34,50,20,85,35,90,18,64,83,76,
471,31,34,72,41,43,66,36,49,36,51,9,7,40,81,55,98,88,58,58,33,98,78,61,72,95,87,96,88,70,92,56,24,41,26,33,1,10,45,47,89,33,95,6,91,73,45,37,83,0,78,70,32,26,16,86,36,74,26,46,27,20,15,26,97,12,14,82,56,73,11,65,5,24,95,77,0,77,3,76,87,82,66,95,15,47,27,64,66,99,0,95,78,45,4,68,62,96,41,70,79,99,8,82,89,67,57,82,51,33,62,16,41,18,31,88,36,66,68,16,68,1,71,31,93,47,45,23,49,90,45,97,50,82,98,30,1,58,39,15,24,16,41,50,76,51,40,65,78,99,32,73,28,39,5,24,57,32,15,5,96,44,65,6,66,77,51,59,11,16,50,62,25,20,4,53,81,34,95,58,72,36,44,73,91,22,14,58,26,46,92,35,51,21,87,37,92,19,65,85,78,
472,32,35,74,42,44,67,37,50,37,53,11,9,42,83,57,0,89,60,59,35,99,80,62,74,96,88,98,90,72,94,57,26,42,29,35,3,11,46,48,90,36,96,7,93,75,46,38,84,2,79,72,33,30,18,87,38,75,27,47,29,22,16,28,98,13,15,84,57,74,13,66,6,25,97,79,1,78,5,78,88,83,68,96,18,48,29,65,68,0,2,96,80,46,5,69,64,98,43,72,81,0,9,83,92,69,58,84,53,34,63,17,43,20,34,89,37,68,69,19,70,3,72,34,94,51,46,24,50,91,47,98,53,85,0,31,2,59,40,17,25,17,43,53,77,52,43,68,80,0,33,74,29,41,7,25,58,33,16,7,97,45,67,7,67,78,53,60,13,17,51,66,26,21,5,55,82,36,97,60,73,38,46,76,92,24,15,61,28,47,93,37,52,22,89,40,93,21,68,86,79,
473,33,36,75,44,46,69,39,52,38,55,15,12,44,85,60,2,91,63,61,38,0,83,65,77,0,90,0,91,73,96,59,27,45,32,37,4,13,47,49,93,39,98,9,95,79,47,42,87,4,82,74,36,32,20,89,40,76,28,50,32,23,17,30,99,14,18,85,61,75,14,67,8,27,99,81,4,81,7,80,91,84,69,99,20,51,30,67,71,2,5,97,81,47,8,70,67,0,45,74,82,1,11,85,95,71,59,85,54,35,66,18,45,23,35,91,39,69,70,21,73,5,75,35,96,53,47,27,51,94,49,0,55,87,2,33,4,61,43,19,26,18,46,56,79,55,46,72,83,2,36,77,30,42,8,26,59,35,18,9,98,47,70,8,69,82,54,62,19,19,53,69,29,22,6,56,85,37,99,62,74,41,47,79,94,26,18,64,29,48,96,40,55,25,90,42,97,24,71,88,81,
474,35,37,79,45,47,71,42,53,39,57,17,14,45,86,63,4,96,66,63,41,2,85,67,79,2,91,2,93,77,98,61,28,48,34,40,6,17,50,52,94,40,0,10,96,83,50,43,88,6,83,75,38,35,22,91,41,78,29,51,34,24,19,32,0,15,19,87,63,78,17,69,13,29,0,85,6,85,9,82,93,85,72,0,22,53,31,68,72,6,7,99,83,50,10,72,69,2,47,76,84,3,14,87,96,72,62,87,55,37,67,21,47,24,36,93,40,71,73,22,75,8,76,37,98,57,49,28,53,95,52,2,56,88,4,34,6,62,45,20,28,21,47,59,83,57,47,73,85,6,37,79,32,45,11,27,63,38,21,11,0,49,73,10,70,84,55,63,22,23,56,71,32,23,7,57,89,40,0,63,76,42,49,82,97,29,19,66,30,49,97,41,57,26,92,43,99,26,72,89,82,
475,36,42,83,48,50,74,44,56,41,60,21,16,47,87,65,7,97,67,67,45,4,87,71,81,4,92,4,95,79,0,64,32,52,36,42,7,21,51,56,96,42,1,11,99,86,51,45,89,7,86,77,39,38,24,92,45,81,32,54,37,27,22,34,2,19,21,90,64,81,19,70,16,32,2,88,10,87,12,83,96,87,73,1,26,55,32,73,76,8,10,0,84,53,12,74,72,5,50,80,85,6,16,89,99,75,65,89,58,41,70,23,50,27,37,94,42,73,75,25,76,10,78,41,0,60,51,29,57,97,55,4,58,93,6,38,7,64,48,22,31,22,49,61,85,59,48,75,87,9,39,80,34,46,12,30,66,41,26,12,4,52,77,12,73,87,57,65,23,26,57,74,34,25,9,60,92,44,1,64,77,43,50,85,0,32,21,69,32,50,98,42,58,28,93,45,0,27,76,92,84,
476,37,43,85,49,52,75,45,59,42,63,24,18,49,89,66,9,99,69,70,47,7,89,72,84,6,93,6,97,81,1,65,34,53,39,44,9,23,53,58,99,44,2,14,0,88,52,46,92,9,87,80,40,40,25,95,46,83,33,57,39,30,23,37,3,22,23,92,66,83,21,72,18,34,4,89,11,91,15,84,99,88,75,3,28,58,35,74,78,12,13,1,85,56,13,75,74,7,52,81,86,8,17,91,0,77,66,91,60,42,74,26,52,28,40,95,45,76,76,26,77,11,82,45,2,62,53,30,59,99,58,6,59,95,7,39,8,66,49,25,34,25,52,63,86,62,50,78,88,10,42,81,37,47,13,32,68,43,28,13,6,54,79,14,76,89,59,67,26,27,58,76,36,28,10,61,95,45,3,69,81,44,53,90,3,33,22,72,34,52,0,43,60,30,96,48,1,28,79,94,87,
477,39,46,88,50,53,76,47,61,44,64,26,19,51,91,67,10,0,71,71,48,8,91,74,85,7,95,8,98,83,2,67,35,55,41,45,11,25,54,60,0,45,3,16,2,89,53,47,94,11,89,82,42,42,27,97,47,85,35,59,40,31,25,39,4,23,24,94,68,85,23,73,20,35,5,91,12,92,17,86,0,90,76,4,30,60,36,76,79,13,15,3,87,57,15,77,76,8,53,83,87,10,19,94,2,78,67,93,62,43,76,27,53,29,41,97,47,77,77,27,79,12,84,46,4,63,55,32,60,0,59,7,61,96,8,41,10,67,51,27,35,26,53,65,88,65,53,81,90,11,45,84,39,50,15,34,69,45,30,14,7,55,81,17,78,91,61,69,28,28,59,77,38,29,13,63,97,49,4,71,83,45,54,91,4,36,23,73,36,54,2,45,62,32,98,49,4,30,81,96,89,
478,41,47,89,51,55,78,48,64,45,65,28,21,53,92,69,12,2,72,72,49,10,92,75,86,8,98,9,0,85,4,70,37,56,45,47,12,26,56,61,1,46,4,19,5,90,55,49,95,13,90,83,44,43,28,99,48,88,37,60,43,33,27,41,6,25,25,95,69,86,25,75,22,37,6,93,13,94,19,87,2,91,78,5,31,62,38,77,81,14,16,4,90,59,17,78,77,10,55,85,88,13,20,95,3,81,70,95,64,45,79,29,55,30,44,0,48,79,78,28,80,15,87,48,5,64,58,34,63,2,61,8,62,98,10,43,11,68,53,30,36,27,56,67,91,67,55,82,91,12,46,85,41,52,18,36,71,46,31,15,10,56,82,19,79,92,63,70,30,29,61,78,40,30,16,65,99,51,5,73,86,46,55,94,7,38,25,74,39,56,4,47,65,36,0,51,6,33,83,0,90,
479,43,50,91,53,56,80,49,65,47,66,30,23,54,93,71,13,5,74,75,50,14,93,77,87,11,0,12,1,86,5,73,40,59,48,48,13,27,59,62,4,47,7,20,6,91,57,51,96,14,92,84,45,45,29,0,50,91,38,62,45,34,28,42,8,29,26,96,71,87,26,78,23,39,7,95,15,96,20,89,5,93,79,7,33,64,39,79,82,15,18,7,92,60,18,80,79,11,56,86,90,16,23,96,4,83,72,96,65,46,80,31,58,31,45,3,49,81,79,30,83,17,90,49,7,66,61,37,65,4,64,11,64,0,11,45,13,69,55,32,38,28,60,70,93,69,57,84,92,13,47,86,44,55,19,38,73,48,33,18,14,59,85,22,83,94,66,72,33,30,62,80,41,31,20,67,0,52,6,74,87,47,56,96,9,41,27,75,41,58,7,50,67,38,2,52,10,35,84,2,91,
480,45,52,92,55,58,83,52,67,48,69,35,24,58,94,72,15,6,75,77,52,17,95,79,88,12,4,13,3,87,8,75,42,63,51,50,14,28,61,64,5,48,9,21,7,93,59,53,98,16,93,85,47,46,30,1,52,92,40,65,46,36,30,43,10,31,27,98,74,89,28,80,26,42,8,96,16,97,23,90,7,94,80,8,35,66,41,80,84,16,20,9,93,63,19,81,80,12,60,87,91,17,25,99,5,85,75,99,66,48,81,33,60,32,46,6,50,85,80,32,84,19,92,51,11,68,62,39,66,6,66,13,65,1,13,47,14,72,58,33,39,31,62,71,95,71,58,85,93,15,48,88,46,56,21,40,75,49,35,19,16,61,87,24,85,96,67,75,34,31,64,81,42,34,21,68,1,55,7,75,88,49,57,97,11,45,30,76,44,60,8,51,68,39,3,54,12,36,86,3,92,
481,46,53,93,56,59,84,53,68,49,70,36,25,59,95,73,16,7,76,78,53,18,96,80,89,13,5,14,4,88,9,76,43,64,52,51,15,29,62,65,6,49,10,22,8,94,60,54,99,17,94,86,48,47,31,2,53,93,41,66,47,37,31,44,11,32,28,99,75,90,29,81,27,43,9,97,17,98,24,91,8,95,81,9,36,67,42,81,85,17,21,10,94,64,20,82,81,13,61,88,92,18,26,0,6,86,76,0,67,49,82,34,61,33,47,7,51,86,81,33,85,20,93,52,12,69,63,40,67,7,67,14,66,2,14,48,15,73,59,34,40,32,63,72,96,72,59,86,94,16,49,89,47,57,22,41,76,50,36,20,17,62,88,25,86,97,68,76,35,32,65,82,43,35,22,69,2,56,8,76,89,50,58,98,12,46,31,77,45,61,9,52,69,40,4,55,13,37,87,4,93,
482,48,54,96,58,60,86,54,69,51,72,38,26,61,96,76,17,8,77,79,54,20,98,81,90,14,6,15,7,89,10,78,44,66,53,52,16,30,63,66,9,50,12,23,9,95,62,55,0,18,96,87,50,48,32,4,55,94,42,67,48,38,33,46,12,34,30,0,76,93,30,82,30,44,11,98,18,99,25,93,9,97,83,12,37,68,43,82,86,19,22,11,95,66,21,84,82,15,62,89,95,19,27,1,7,87,78,1,69,50,85,35,62,34,48,8,53,87,83,35,86,21,94,54,13,70,64,41,69,8,68,15,67,3,16,49,16,74,60,36,41,33,64,73,97,73,60,87,95,18,50,90,49,59,23,43,77,52,37,22,19,64,89,26,89,98,70,77,37,34,67,84,45,37,24,70,3,57,9,77,90,51,60,99,13,48,32,79,46,63,10,54,70,41,5,56,15,38,88,5,95,
483,50,56,97,59,61,88,55,70,53,74,39,28,62,98,78,18,9,79,81,56,22,99,82,91,15,9,16,9,91,12,80,46,68,54,53,17,32,65,67,10,51,13,24,10,96,63,57,1,20,97,89,52,49,34,6,57,95,43,68,49,39,35,48,13,35,31,1,78,95,31,83,32,46,13,0,20,0,26,95,11,98,85,14,38,69,44,83,87,21,23,13,96,67,23,85,84,17,63,91,97,20,28,3,9,88,81,2,71,51,86,36,63,36,50,9,55,88,84,36,87,22,97,56,15,72,65,42,71,10,70,16,68,4,18,50,17,76,61,38,42,34,65,74,98,74,62,89,98,19,51,91,51,60,24,45,78,55,39,23,20,66,91,28,91,0,71,79,39,35,70,85,47,38,25,71,5,58,10,79,91,52,61,0,16,51,33,81,49,64,11,55,71,43,6,57,16,39,90,6,96,
484,51,57,99,61,63,89,56,73,55,76,41,30,64,0,80,20,12,81,83,58,24,0,84,92,16,11,17,10,93,13,81,49,69,56,57,18,35,67,69,11,54,16,26,11,97,66,58,4,22,0,90,54,51,35,9,59,96,44,72,50,40,38,49,14,36,32,4,79,97,33,85,33,48,14,3,21,2,28,96,13,0,87,16,39,71,45,84,91,22,26,15,97,68,24,88,86,18,64,93,98,22,30,5,11,90,82,4,73,52,87,37,65,38,52,10,56,90,85,38,89,23,98,58,17,73,66,44,73,11,72,19,70,6,21,51,18,77,63,40,43,36,67,75,99,75,64,92,99,22,52,93,52,61,25,48,80,56,41,25,21,68,93,30,94,2,73,80,40,36,73,86,49,40,26,73,6,59,11,80,96,53,62,2,18,52,35,82,51,67,12,58,72,46,8,60,17,41,93,8,97,
485,52,59,0,65,64,92,57,74,58,78,42,32,66,1,81,21,14,83,86,59,25,1,86,93,17,14,19,11,95,16,83,50,71,58,60,19,37,69,72,12,56,18,27,13,99,67,60,6,24,1,94,55,52,36,10,62,98,46,74,51,43,41,50,16,38,34,6,81,99,34,86,34,49,16,4,22,5,31,98,14,1,89,18,40,73,47,85,93,24,27,17,98,70,26,90,87,20,66,96,0,24,31,6,13,93,85,6,77,53,88,41,67,39,55,12,59,92,86,40,91,24,0,60,18,75,69,45,75,12,74,21,71,7,23,53,22,78,64,41,44,37,68,76,0,78,65,94,0,24,53,95,53,62,27,49,84,58,42,26,26,70,94,31,98,3,74,82,41,38,74,88,50,42,29,76,9,61,14,81,97,54,64,3,20,55,36,83,53,68,14,60,74,49,10,64,19,42,94,9,99,
486,54,60,1,67,65,94,59,75,61,80,46,34,67,3,83,26,15,84,87,61,26,3,88,94,19,15,22,13,96,18,85,51,73,60,61,22,38,71,73,13,58,20,28,16,0,70,62,9,26,2,96,57,54,37,14,63,99,50,75,54,48,43,52,18,39,37,8,84,0,36,88,35,51,17,6,23,7,33,99,17,3,92,19,42,75,48,86,97,25,30,19,0,73,28,92,88,21,69,97,3,25,33,7,14,95,88,8,79,56,89,43,69,40,56,13,60,93,88,43,92,26,1,62,19,77,71,47,77,14,77,24,72,10,26,55,23,80,66,43,47,39,70,79,3,82,66,95,3,26,55,96,54,65,29,51,85,60,43,27,28,73,96,32,99,4,76,85,44,40,77,90,52,44,31,77,11,62,15,83,98,56,66,4,22,57,37,85,54,69,16,61,76,51,13,66,22,45,95,13,0,
487,55,62,3,69,66,95,61,77,62,81,48,36,70,5,86,28,16,86,88,62,28,4,90,95,20,16,25,16,97,20,87,55,74,64,63,23,40,74,75,15,60,21,29,18,1,73,64,12,27,3,98,61,55,39,15,64,0,53,77,56,50,44,54,21,41,38,9,87,1,37,90,37,52,19,8,24,10,37,0,21,6,94,20,45,76,50,89,99,27,32,20,2,74,30,94,90,23,70,98,5,27,35,8,15,97,91,9,81,58,92,46,72,42,57,15,62,95,89,44,93,28,3,64,21,78,73,50,80,16,78,27,73,11,28,57,25,82,67,45,49,41,71,81,5,84,67,96,5,28,56,98,55,66,31,52,86,62,46,28,30,77,99,36,0,7,78,86,47,42,79,93,54,45,32,79,13,64,16,86,0,58,68,7,25,58,38,87,56,71,17,62,78,53,14,69,24,48,98,14,2,
488,57,64,5,70,67,98,62,78,63,83,50,38,71,7,87,30,17,87,89,63,29,5,91,97,22,18,27,17,99,21,88,56,76,65,64,25,42,75,76,17,61,22,32,19,2,75,67,13,28,4,99,63,56,40,17,65,2,55,78,57,52,46,55,22,43,39,11,88,2,39,92,41,54,21,9,26,12,39,5,24,8,95,23,46,79,52,91,0,29,34,21,3,76,32,95,92,24,71,99,7,28,36,9,17,99,94,10,82,61,94,48,75,43,58,18,63,99,92,46,94,29,5,66,22,79,74,52,82,18,79,30,74,12,29,59,27,84,71,47,51,42,72,84,6,87,68,97,9,30,58,0,56,67,33,54,88,64,48,31,32,80,0,39,3,8,79,88,49,45,81,95,57,47,34,82,16,68,18,87,1,59,70,8,26,61,40,88,58,72,18,64,81,55,16,70,25,49,0,15,5,
489,59,65,7,71,68,0,65,79,66,85,51,39,72,8,89,31,18,89,90,65,30,6,92,98,23,21,29,19,0,22,89,58,79,67,65,27,43,76,79,19,63,23,35,21,4,79,69,14,30,5,0,64,57,44,19,68,4,57,79,59,53,48,57,23,44,40,13,89,4,40,93,43,57,22,10,28,15,41,6,26,9,96,25,48,81,53,93,1,31,37,23,4,78,34,97,94,25,73,0,9,30,38,10,18,0,96,12,84,64,95,49,76,46,59,19,66,0,93,48,96,30,6,68,23,80,75,53,83,19,81,32,76,14,31,62,28,86,72,49,53,44,73,86,8,88,72,0,11,31,62,3,58,68,35,56,92,66,49,32,33,84,1,41,4,9,82,89,50,48,85,97,58,49,36,84,18,69,23,89,4,61,71,9,28,62,43,90,59,74,22,65,83,56,17,73,26,50,2,16,7,
490,62,67,9,74,71,1,67,81,69,87,53,40,73,11,91,33,20,94,96,67,33,8,94,99,26,23,32,24,4,25,91,60,80,70,68,30,47,78,82,21,65,26,39,23,5,80,72,15,33,8,3,66,59,46,23,71,7,60,81,61,55,51,60,26,47,42,16,90,5,42,94,46,58,24,12,29,18,42,9,28,11,98,27,50,82,58,96,3,33,41,25,7,81,39,99,96,27,77,2,13,34,41,13,19,1,97,16,85,66,96,50,77,48,62,22,69,2,96,50,99,35,7,69,25,81,77,56,85,21,84,34,78,16,35,65,31,87,75,50,56,49,74,90,9,89,76,2,13,35,66,7,61,72,38,57,94,67,50,34,35,89,3,42,6,12,84,90,53,53,87,99,62,52,39,86,19,72,26,92,5,65,73,14,30,65,47,94,60,78,23,68,85,59,20,76,27,53,4,19,10,
491,63,68,10,75,72,2,68,82,70,88,54,41,74,12,92,34,21,95,97,68,34,9,95,0,27,24,33,25,5,26,92,61,81,71,69,31,48,79,83,22,66,27,40,24,6,81,73,16,34,9,4,67,60,47,24,72,8,61,82,62,56,52,61,27,48,43,17,91,6,43,95,47,59,25,13,30,19,43,10,29,12,99,28,51,83,59,97,4,34,42,26,8,82,40,0,97,28,78,3,14,35,42,14,20,2,98,17,86,67,97,51,78,49,63,23,70,3,97,51,0,36,8,70,26,82,78,57,86,22,85,35,79,17,36,66,32,88,76,51,57,50,75,91,10,90,77,3,14,36,67,8,62,73,39,58,95,68,51,35,36,90,4,43,7,13,85,91,54,54,88,0,63,53,40,87,20,73,27,93,6,66,74,15,31,66,48,95,61,79,24,69,86,60,21,77,28,54,5,20,11,
492,66,71,11,77,73,3,70,84,72,90,55,43,75,13,93,37,24,97,98,69,36,10,98,2,29,26,34,27,7,27,96,64,83,73,71,32,50,81,84,25,67,28,43,26,7,82,75,17,37,11,7,70,62,50,26,74,9,63,83,64,59,54,63,29,49,45,19,92,11,47,96,48,61,27,15,31,21,46,11,31,14,0,30,52,85,61,98,6,35,43,28,10,85,42,2,98,30,79,4,15,37,45,16,21,3,99,20,87,70,98,54,80,51,65,24,72,4,98,54,1,38,9,72,29,85,79,60,87,25,86,38,80,20,38,68,34,90,77,52,58,51,78,93,13,91,79,7,16,37,68,10,63,76,40,60,97,69,53,37,38,92,5,44,9,14,87,93,57,55,90,3,64,54,43,90,21,74,28,94,7,69,76,16,32,67,50,97,62,80,25,72,88,63,25,79,30,56,7,23,13,
493,67,72,12,79,74,4,71,85,73,91,56,44,76,14,94,38,25,99,99,70,37,11,99,4,30,27,36,28,8,29,98,65,84,74,73,34,52,82,86,27,68,30,44,27,9,83,76,18,38,12,9,71,63,51,27,75,10,64,84,65,60,56,65,30,50,46,20,93,12,48,97,49,62,28,16,32,22,47,12,32,15,1,31,53,86,63,99,7,36,44,30,11,86,43,4,99,31,80,5,16,38,46,18,23,4,0,21,88,71,99,55,81,52,66,26,73,5,99,56,2,40,10,73,30,87,80,61,89,26,87,39,81,21,39,69,35,91,79,53,59,53,79,94,14,92,80,8,17,38,69,11,64,77,41,61,99,71,54,38,39,93,6,45,11,15,88,95,58,56,91,4,66,55,44,92,23,76,29,95,8,70,77,17,33,68,51,98,63,82,27,73,90,64,26,80,31,57,8,24,15,
494,68,73,13,80,76,5,72,86,74,93,57,45,77,15,95,40,26,0,0,72,38,12,0,5,31,29,37,29,9,31,0,66,86,76,74,35,53,84,87,28,69,32,45,28,10,85,77,19,39,14,10,72,64,52,29,77,11,65,86,66,62,57,66,31,51,47,22,94,13,49,98,50,64,29,17,33,23,48,13,33,16,2,32,54,87,64,0,8,38,45,31,13,87,44,5,0,32,82,6,17,39,48,19,24,5,1,22,89,72,0,56,82,53,67,27,75,6,0,58,4,41,11,75,31,88,82,62,91,27,88,40,82,23,40,71,36,92,80,54,60,55,80,95,15,93,81,9,18,40,70,12,66,78,42,62,0,72,55,39,40,94,7,46,13,17,90,96,59,57,92,5,68,56,45,94,24,77,30,96,9,72,78,19,34,70,52,99,64,83,28,75,92,65,28,81,33,58,9,25,17,
495,71,75,14,83,78,6,76,88,77,95,59,48,80,18,97,44,29,3,3,75,39,16,4,8,34,33,38,32,12,33,4,68,89,79,77,37,57,86,93,30,73,34,47,30,14,88,79,21,41,19,11,76,68,58,30,80,13,67,91,70,64,60,68,35,53,50,27,97,17,51,0,53,66,33,20,37,25,51,17,34,19,4,37,57,91,67,3,11,40,46,32,15,91,47,7,2,35,87,8,18,41,53,20,27,7,2,25,91,73,3,58,85,55,71,30,79,9,4,62,7,46,13,78,35,91,84,64,94,28,89,41,84,25,43,74,38,95,85,56,65,59,82,98,17,96,85,13,21,45,74,15,70,82,45,63,4,75,59,42,42,95,9,48,14,18,94,0,60,60,96,7,70,60,47,96,26,82,34,0,13,74,79,22,35,75,55,0,66,85,31,78,97,67,29,82,34,59,11,27,21,
496,73,77,15,86,80,8,78,89,79,96,60,51,81,19,98,45,31,6,5,76,41,18,6,9,35,36,39,33,14,34,5,69,92,80,79,38,59,87,95,31,76,35,48,31,16,90,81,23,42,20,13,78,69,59,32,81,14,68,92,71,67,61,69,36,56,52,28,98,19,53,1,55,68,34,21,39,26,53,18,37,20,5,39,58,92,68,4,13,41,48,35,16,92,50,10,5,37,90,10,20,42,54,23,30,9,4,26,92,77,5,60,87,58,75,31,80,11,5,64,8,49,15,80,36,95,86,65,97,30,90,43,86,26,44,75,40,97,87,58,67,60,84,99,19,97,86,14,24,46,76,18,73,84,47,65,5,76,60,44,44,97,11,49,15,20,95,1,62,62,98,9,71,62,48,98,27,84,36,2,16,77,80,23,37,77,57,2,69,86,34,80,99,68,32,84,35,60,13,29,24,
497,74,78,16,87,81,9,79,90,80,97,61,52,82,20,99,46,32,7,6,77,42,19,7,10,36,37,40,34,15,35,6,70,93,81,80,39,60,88,96,32,77,36,49,32,17,91,82,24,43,21,14,79,70,60,33,82,15,69,93,72,68,62,70,37,57,53,29,99,20,54,2,56,69,35,22,40,27,54,19,38,21,6,40,59,93,69,5,14,42,49,36,17,93,51,11,6,38,91,11,21,43,55,24,31,10,5,27,93,78,6,61,88,59,76,32,81,12,6,65,9,50,16,81,37,96,87,66,98,31,91,44,87,27,45,76,41,98,88,59,68,61,85,0,20,98,87,15,25,47,77,19,74,85,48,66,6,77,61,45,45,98,12,50,16,21,96,2,63,63,99,10,72,63,49,99,28,85,37,3,17,78,81,24,38,78,58,3,70,87,35,81,0,69,33,85,36,61,14,30,25,
498,75,79,17,88,82,10,80,91,81,98,62,54,83,21,0,47,34,8,8,79,43,20,8,11,37,38,41,35,17,36,7,71,94,83,82,40,61,90,97,33,78,37,50,34,18,93,83,26,45,22,15,80,71,61,34,83,16,70,94,75,70,63,71,38,58,54,31,0,23,55,3,58,70,36,23,42,28,57,21,40,22,7,41,60,95,71,7,15,44,51,37,19,94,52,13,8,39,92,12,22,45,57,25,32,11,6,29,94,80,8,62,90,60,77,34,82,14,8,67,10,52,17,83,38,97,88,68,0,32,93,45,88,29,46,78,42,99,89,60,70,62,86,2,22,0,88,16,27,48,80,20,75,86,50,67,8,79,62,46,46,99,13,51,17,22,97,3,64,64,0,13,73,65,51,0,29,86,40,4,18,79,82,25,39,80,59,4,71,89,36,82,1,70,34,87,37,62,15,31,26,
499,77,82,19,90,83,12,81,93,83,0,64,55,85,23,2,48,35,11,10,81,46,22,10,15,41,41,43,38,19,38,9,72,97,84,84,42,63,92,99,35,81,39,51,35,20,96,86,28,46,23,18,82,75,63,36,84,17,72,95,77,72,64,73,41,59,56,33,1,25,57,6,59,72,38,25,45,31,59,23,41,25,9,43,61,97,74,9,18,46,53,40,21,97,54,14,9,41,94,13,24,48,58,28,34,13,8,30,96,82,11,63,92,62,79,36,84,17,9,69,13,55,18,85,39,0,89,69,5,34,94,48,89,31,48,79,44,0,90,61,73,63,89,5,24,3,90,18,30,52,82,24,76,89,52,68,10,80,66,47,49,0,15,53,19,23,98,5,66,66,2,16,75,68,55,2,31,88,42,6,20,81,84,27,42,82,60,5,73,91,39,84,2,72,35,89,38,63,16,33,28,
500,80,83,22,91,84,14,83,95,86,1,67,56,87,24,5,50,36,13,12,83,47,23,11,16,42,43,45,41,21,40,12,74,99,86,85,44,65,93,0,36,82,41,52,39,21,97,87,30,48,26,19,83,77,64,37,86,18,75,96,79,73,67,75,43,63,59,34,2,28,59,8,60,74,39,28,47,32,64,25,42,26,10,46,62,98,77,10,19,47,55,43,23,98,55,17,10,43,96,16,27,49,59,31,38,15,10,32,97,84,14,64,95,65,80,38,88,18,10,73,15,58,20,86,41,2,90,70,7,35,95,49,90,35,50,82,46,1,92,62,76,64,91,8,25,5,91,19,32,54,83,25,77,91,53,70,11,83,68,48,51,1,18,55,22,24,99,6,67,68,3,18,76,70,58,4,34,91,43,8,23,83,86,30,43,86,62,6,74,92,41,88,4,74,36,90,39,65,17,34,30,
